ticker,name,close,change,market,date
00400A,主動國泰動能高息,16.52,0.74,TWSE,2026-10-05
00401A,主動摩根台灣鑫收,14.66,0.32,TWSE,2026-10-05
00402A,主動安聯美國科技,10.25,0.01,TWSE,2026-10-05
00403A,主動統一升級50,11.44,0.37,TWSE,2026-10-05
00404A,主動聯博動能50,10.11,0.23,TWSE,2026-10-05
00405A,主動富邦台灣龍耀,9.86,0.44,TWSE,2026-10-05
00406A,主動中信台灣收益,10.31,0.0,TWSE,2026-10-05
00407A,主動凱基台灣,10.71,0.47,TWSE,2026-10-05
00408A,主動第一金優股息,11.03,0.37,TWSE,2026-10-05
00409A,主動復華全球50,10.42,0.12,TWSE,2026-10-05
00410A,主動永豐科技趨勢,13.24,0.57,TWSE,2026-10-05
0050,元大台灣50,115.95,3.15,TWSE,2026-10-05
0051,元大中型100,152.45,2.15,TWSE,2026-10-05
0052,富邦科技,67.65,1.7,TWSE,2026-10-05
0053,元大電子,263.0,7.45,TWSE,2026-10-05
0055,元大MSCI金融,48.95,0.1,TWSE,2026-10-05
0056,元大高股息,57.85,0.8,TWSE,2026-10-05
0057,富邦摩台,343.65,7.75,TWSE,2026-10-05
0061,元大寶滬深,22.9,-0.16,TWSE,2026-10-05
006203,元大MSCI台灣,208.85,4.0,TWSE,2026-10-05
006204,永豐臺灣加權,247.8,6.3,TWSE,2026-10-05
006205,富邦上証,38.96,-0.04,TWSE,2026-10-05
006206,元大上證50,36.52,0.06,TWSE,2026-10-05
006207,復華滬深,30.55,-0.05,TWSE,2026-10-05
006208,富邦台50,265.35,7.05,TWSE,2026-10-05
00631L,元大台灣50正2,41.54,1.96,TWSE,2026-10-05
00632R,元大台灣50反1,9.16,-0.24,TWSE,2026-10-05
00633L,富邦上証正2,43.66,0.18,TWSE,2026-10-05
00634R,富邦上証反1,3.27,-0.02,TWSE,2026-10-05
00635U,期元大S&P黃金,42.62,-0.46,TWSE,2026-10-05
00636,國泰中國A50,26.11,-0.01,TWSE,2026-10-05
00636K,國泰中國A50+U,8.2,-0.11,TWSE,2026-10-05
00637L,元大滬深300正2,18.01,0.06,TWSE,2026-10-05
00638R,元大滬深300反1,6.99,-0.02,TWSE,2026-10-05
00639,富邦深100,14.98,0.01,TWSE,2026-10-05
00640L,富邦日本正2,111.05,1.7,TWSE,2026-10-05
00641R,富邦日本反1,3.62,-0.01,TWSE,2026-10-05
00642U,期元大S&P石油,30.94,-0.86,TWSE,2026-10-05
00643,群益深証中小,17.01,0.05,TWSE,2026-10-05
00645,富邦日本,58.75,0.55,TWSE,2026-10-05
00646,元大S&P500,77.25,0.0,TWSE,2026-10-05
00647L,元大S&P500正2,138.75,0.4,TWSE,2026-10-05
00648R,元大S&P500反1,3.9,-0.02,TWSE,2026-10-05
00650L,復華香港正2,15.2,-0.05,TWSE,2026-10-05
00651R,復華香港反1,5.46,0.0,TWSE,2026-10-05
00652,富邦印度,30.9,-0.21,TWSE,2026-10-05
00653L,富邦印度正2,40.66,-0.44,TWSE,2026-10-05
00654R,富邦印度反1,7.18,0.01,TWSE,2026-10-05
00655L,國泰中國A50正2,30.3,0.11,TWSE,2026-10-05
00656R,國泰中國A50反1,6.17,-0.02,TWSE,2026-10-05
00657,國泰日經225,82.6,1.8,TWSE,2026-10-05
00657K,國泰日經225+U,26.1,0.74,TWSE,2026-10-05
00660,元大歐洲50,45.3,0.06,TWSE,2026-10-05
00661,元大日經225,90.45,1.75,TWSE,2026-10-05
00662,富邦NASDAQ,125.8,0.2,TWSE,2026-10-05
00663L,國泰臺灣加權正2,120.05,5.5,TWSE,2026-10-05
00664R,國泰臺灣加權反1,1.48,-0.03,TWSE,2026-10-05
00665L,富邦恒生國企正2,8.46,-0.03,TWSE,2026-10-05
00666R,富邦恒生國企反1,9.48,-0.01,TWSE,2026-10-05
00668,國泰美國道瓊,59.4,-0.35,TWSE,2026-10-05
00668K,國泰美國道瓊+U,18.73,0.12,TWSE,2026-10-05
00669R,國泰美國道瓊反1,5.43,-0.01,TWSE,2026-10-05
00670L,富邦NASDAQ正2,215.45,2.0,TWSE,2026-10-05
00671R,富邦NASDAQ反1,2.32,-0.02,TWSE,2026-10-05
00673R,期元大S&P原油反1,10.8,0.23,TWSE,2026-10-05
00674R,期元大S&P黃金反1,29.55,0.34,TWSE,2026-10-05
00675L,富邦臺灣加權正2,364.45,16.95,TWSE,2026-10-05
00676R,富邦臺灣加權反1,5.07,-0.13,TWSE,2026-10-05
00678,群益那斯達克生技,42.48,-0.39,TWSE,2026-10-05
00680L,元大美債20正2,5.7,0.0,TWSE,2026-10-05
00681R,元大美債20反1,23.05,0.04,TWSE,2026-10-05
00682U,期元大美元指數,21.09,0.14,TWSE,2026-10-05
00683L,期元大美元指正2,22.73,0.17,TWSE,2026-10-05
00684R,期元大美元指反1,14.72,-0.05,TWSE,2026-10-05
00685L,群益臺灣加權正2,13.76,0.64,TWSE,2026-10-05
00686R,群益臺灣加權反1,0.9,-0.02,TWSE,2026-10-05
00688L,國泰20年美債正2,5.68,0.0,TWSE,2026-10-05
00689R,國泰20年美債反1,24.11,-0.06,TWSE,2026-10-05
00690,兆豐藍籌30,85.8,2.85,TWSE,2026-10-05
00692,富邦公司治理,99.55,2.35,TWSE,2026-10-05
00693U,期街口S&P黃豆,23.32,0.09,TWSE,2026-10-05
00700,富邦恒生國企,16.42,-0.17,TWSE,2026-10-05
00701,國泰股利精選30,41.02,-0.3,TWSE,2026-10-05
00702,國泰標普低波高息,23.12,-0.03,TWSE,2026-10-05
00703,台新MSCI中國,18.5,0.0,TWSE,2026-10-05
00706L,期元大S&P日圓正2,19.1,-0.02,TWSE,2026-10-05
00707R,期元大S&P日圓反1,31.9,0.0,TWSE,2026-10-05
00708L,期元大S&P黃金正2,70.8,-1.9,TWSE,2026-10-05
00709,富邦歐洲,38.46,-0.14,TWSE,2026-10-05
00710B,復華彭博非投等債,18.52,0.0,TWSE,2026-10-05
00711B,復華彭博新興債,14.6,0.0,TWSE,2026-10-05
00712,復華富時不動產,7.06,-0.17,TWSE,2026-10-05
00713,元大台灣高息低波,62.85,0.15,TWSE,2026-10-05
00714,群益道瓊美國地產,20.16,-0.07,TWSE,2026-10-05
00715L,期街口布蘭特正2,69.9,-0.85,TWSE,2026-10-05
00717,富邦美國特別股,14.51,-0.04,TWSE,2026-10-05
00728,第一金工業30,72.75,1.95,TWSE,2026-10-05
00730,富邦臺灣優質高息,30.16,0.42,TWSE,2026-10-05
00731,復華富時高息低波,98.05,0.9,TWSE,2026-10-05
00733,富邦臺灣中小,76.35,1.75,TWSE,2026-10-05
00735,國泰臺韓科技,112.2,2.05,TWSE,2026-10-05
00736,國泰新興市場,31.76,0.36,TWSE,2026-10-05
00737,國泰AI機器人,41.63,0.01,TWSE,2026-10-05
00738U,期元大道瓊白銀,48.22,-0.32,TWSE,2026-10-05
00739,元大MSCI A股,26.29,0.0,TWSE,2026-10-05
00752,中信中國50,21.94,-0.06,TWSE,2026-10-05
00753L,中信中國50正2,8.36,0.03,TWSE,2026-10-05
00757,統一FANG+,143.6,-0.5,TWSE,2026-10-05
00762,元大全球AI,122.35,-1.05,TWSE,2026-10-05
00763U,期街口道瓊銅,34.36,-0.14,TWSE,2026-10-05
00770,國泰北美科技,66.5,0.25,TWSE,2026-10-05
00771,元大US高息特別股,14.89,-0.12,TWSE,2026-10-05
00775B,台新投等債15+,29.57,-0.05,TWSE,2026-10-05
00783,富邦中証500,26.75,-0.04,TWSE,2026-10-05
00830,國泰費城半導體,92.9,1.65,TWSE,2026-10-05
00850,元大臺灣ESG永續,99.2,2.5,TWSE,2026-10-05
00851,台新全球AI,73.95,0.15,TWSE,2026-10-05
00852L,國泰美國道瓊正2,32.41,-0.08,TWSE,2026-10-05
00861,元大全球未來通訊,91.95,1.55,TWSE,2026-10-05
00865B,國泰US短期公債,48.94,-0.19,TWSE,2026-10-05
00875,國泰網路資安,58.45,-0.1,TWSE,2026-10-05
00876,元大全球5G,96.2,2.6,TWSE,2026-10-05
00878,國泰永續高股息,35.11,0.22,TWSE,2026-10-05
00881,國泰台灣科技龍頭,54.45,1.7,TWSE,2026-10-05
00882,中信中國高股息,14.71,-0.07,TWSE,2026-10-05
00885,富邦越南,17.75,-0.03,TWSE,2026-10-05
00891,中信關鍵半導體,38.81,0.86,TWSE,2026-10-05
00892,富邦台灣半導體,44.4,1.09,TWSE,2026-10-05
00893,國泰智能電動車,47.23,0.96,TWSE,2026-10-05
00894,中信小資高價30,52.75,2.2,TWSE,2026-10-05
00895,富邦未來車,53.3,0.8,TWSE,2026-10-05
00896,中信綠能及電動車,28.59,0.7,TWSE,2026-10-05
00897,富邦基因免疫生技,13.87,-0.14,TWSE,2026-10-05
00898,國泰基因免疫革命,11.84,-0.03,TWSE,2026-10-05
00899,FT潔淨能源,21.95,0.03,TWSE,2026-10-05
00900,富邦特選高股息30,19.49,0.12,TWSE,2026-10-05
00901,永豐智能車供應鏈,50.2,1.46,TWSE,2026-10-05
00902,中信電池及儲能,12.86,0.21,TWSE,2026-10-05
00903,富邦元宇宙,22.26,-0.08,TWSE,2026-10-05
00904,台新臺灣半導體30,44.99,0.94,TWSE,2026-10-05
00905,FT臺灣Smart,28.59,0.68,TWSE,2026-10-05
00907,永豐優息存股,17.57,-0.09,TWSE,2026-10-05
00908,富邦入息REITs+,14.25,-0.1,TWSE,2026-10-05
00909,國泰數位支付服務,48.2,-0.24,TWSE,2026-10-05
00910,第一金太空衛星,58.1,0.8,TWSE,2026-10-05
00911,兆豐洲際半導體,59.15,1.05,TWSE,2026-10-05
00912,中信臺灣智慧50,37.41,1.05,TWSE,2026-10-05
00913,兆豐台灣晶圓製造,54.55,0.55,TWSE,2026-10-05
00915,凱基優選高股息30,32.86,-0.11,TWSE,2026-10-05
00916,國泰全球品牌50,26.74,-0.08,TWSE,2026-10-05
00917,中信特選金融,21.92,-0.21,TWSE,2026-10-05
00918,大華優利高填息30,33.89,0.08,TWSE,2026-10-05
00919,群益台灣精選高息,31.63,0.08,TWSE,2026-10-05
00920,富邦ESG綠色電力,25.42,0.43,TWSE,2026-10-05
00921,兆豐龍頭等權重,23.87,0.36,TWSE,2026-10-05
00922,國泰台灣領袖50,45.11,1.25,TWSE,2026-10-05
00923,群益台ESG低碳50,42.97,1.17,TWSE,2026-10-05
00924,復華S&P500成長,34.04,0.03,TWSE,2026-10-05
00926,凱基全球菁英55,26.58,-0.04,TWSE,2026-10-05
00927,群益半導體收益,40.82,0.3,TWSE,2026-10-05
00929,復華台灣科技優息,30.05,0.32,TWSE,2026-10-05
00930,永豐ESG低碳高息,23.99,0.24,TWSE,2026-10-05
00932,兆豐永續高息等權,17.58,0.02,TWSE,2026-10-05
00934,中信成長高股息,30.08,0.07,TWSE,2026-10-05
00935,野村臺灣新科技50,63.55,1.6,TWSE,2026-10-05
00936,台新永續高息中小,21.8,0.06,TWSE,2026-10-05
00938,凱基優選30,26.9,0.25,TWSE,2026-10-05
00939,統一台灣高息動能,23.87,0.0,TWSE,2026-10-05
00940,元大台灣價值高息,13.26,0.09,TWSE,2026-10-05
00941,中信上游半導體,27.01,0.57,TWSE,2026-10-05
00943,兆豐電子高息等權,21.36,0.11,TWSE,2026-10-05
00944,野村趨勢動能高息,22.28,0.06,TWSE,2026-10-05
00945B,凱基美國非投等債,14.18,-0.03,TWSE,2026-10-05
00946,群益科技高息成長,15.56,0.12,TWSE,2026-10-05
00947,台新臺灣IC設計,41.3,0.82,TWSE,2026-10-05
00949,復華日本龍頭,22.26,0.11,TWSE,2026-10-05
00951,台新日本半導體,19.67,0.5,TWSE,2026-10-05
00952,凱基台灣AI50,18.7,0.18,TWSE,2026-10-05
00953B,群益優選非投等債,9.49,-0.02,TWSE,2026-10-05
00954,中信日本半導體,21.05,0.62,TWSE,2026-10-05
00956,中信日經高股息,13.24,-0.05,TWSE,2026-10-05
00960,野村全球航運龍頭,22.72,0.11,TWSE,2026-10-05
00961,FT臺灣永續高息,13.14,0.0,TWSE,2026-10-05
00962,台新AI優息動能,15.29,0.14,TWSE,2026-10-05
00963,中信全球高股息,12.26,-0.05,TWSE,2026-10-05
00964,中信亞太高股息,14.78,0.0,TWSE,2026-10-05
00965,元大航太防衛科技,25.54,0.04,TWSE,2026-10-05
00971,野村美國研發龍頭,17.92,0.06,TWSE,2026-10-05
00972,野村日本動能高息,21.23,-0.13,TWSE,2026-10-05
009800,中信NASDAQ,13.63,0.02,TWSE,2026-10-05
009801,中信美國創新科技,11.8,0.01,TWSE,2026-10-05
009802,富邦旗艦50,20.3,0.35,TWSE,2026-10-05
009803,玉山市值動能50,22.35,0.56,TWSE,2026-10-05
009804,聯邦台精彩50,24.82,0.72,TWSE,2026-10-05
009805,台新美國電力基建,15.26,0.09,TWSE,2026-10-05
009808,華南永昌優選50,33.0,0.72,TWSE,2026-10-05
009809,富邦淨零ESG50,19.01,0.32,TWSE,2026-10-05
00980A,主動野村臺灣優選,26.96,1.09,TWSE,2026-10-05
009810,玉山全球藍籌100,21.34,0.04,TWSE,2026-10-05
009811,統一美國50,13.6,0.04,TWSE,2026-10-05
009812,野村日本東證,13.13,0.04,TWSE,2026-10-05
009813,貝萊德標普卓越50,11.57,0.0,TWSE,2026-10-05
009816,凱基台灣TOP50,16.99,0.41,TWSE,2026-10-05
009817,國泰日本不動產,8.48,-0.14,TWSE,2026-10-05
009818,華南永昌NASDAQxT,21.45,0.05,TWSE,2026-10-05
009819,中信數據及電力,9.79,0.07,TWSE,2026-10-05
00981A,主動統一台股增長,32.65,1.21,TWSE,2026-10-05
00981T,平衡凱基雙核收息,11.67,0.05,TWSE,2026-10-05
009820,元大納斯達克精選,10.63,0.01,TWSE,2026-10-05
009821,野村稀土關鍵資源,13.03,-0.05,TWSE,2026-10-05
009824,群益美國科技巨頭,10.74,0.01,TWSE,2026-10-05
009826,貝萊德世界股票,10.04,0.01,TWSE,2026-10-05
009827,玉山未來全球算力,10.54,0.13,TWSE,2026-10-05
009828,中信台日韓PCB,11.17,0.49,TWSE,2026-10-05
009829,大華韓國KOSPI50,11.15,0.11,TWSE,2026-10-05
00982A,主動群益台灣強棒,24.67,0.88,TWSE,2026-10-05
00982D,主動富邦動態入息,9.29,-0.03,TWSE,2026-10-05
00982T,平衡兆豐台美動能,15.7,0.2,TWSE,2026-10-05
00983A,主動中信ARK創新,13.35,0.09,TWSE,2026-10-05
00983D,主動富邦複合收益,9.57,-0.03,TWSE,2026-10-05
00984A,主動安聯台灣高息,16.1,0.31,TWSE,2026-10-05
00984D,主動聯博全球非投,9.62,0.0,TWSE,2026-10-05
00985A,主動野村台灣50,24.58,0.54,TWSE,2026-10-05
00985B,群益ESG投等債0-5,10.07,-0.03,TWSE,2026-10-05
00986A,主動台新龍頭成長,15.13,0.11,TWSE,2026-10-05
00987A,主動台新優勢成長,18.34,0.66,TWSE,2026-10-05
00988A,主動統一全球創新,17.47,0.21,TWSE,2026-10-05
00989A,主動摩根美國科技,18.06,-0.01,TWSE,2026-10-05
00990A,主動元大AI新經濟,16.59,0.2,TWSE,2026-10-05
00991A,主動復華未來50,19.47,0.78,TWSE,2026-10-05
00991B,貝萊德A級公司債,14.21,-0.06,TWSE,2026-10-05
00992A,主動群益科技創新,20.21,0.81,TWSE,2026-10-05
00993A,主動安聯台灣,14.75,0.55,TWSE,2026-10-05
00994A,主動第一金台股優,18.36,0.8,TWSE,2026-10-05
00995A,主動中信台灣卓越,18.83,0.73,TWSE,2026-10-05
00996A,主動兆豐台灣豐收,15.35,0.42,TWSE,2026-10-05
00997A,主動群益美國增長,11.98,-0.02,TWSE,2026-10-05
00999A,主動野村臺灣高息,11.76,0.36,TWSE,2026-10-05
01001T,土銀富邦R1,11.09,-0.02,TWSE,2026-10-05
01002T,土銀國泰R1,12.66,-0.06,TWSE,2026-10-05
01004T,土銀富邦R2,10.0,0.01,TWSE,2026-10-05
01007T,兆豐國泰R2,11.28,-0.01,TWSE,2026-10-05
01009T,王道圓滿R1,5.49,-0.08,TWSE,2026-10-05
01010T,京城樂富R1,10.0,0.0,TWSE,2026-10-05
02001L,富邦蘋果正二N,174.8,9.35,TWSE,2026-10-05
020020,元大台股領航N,31.2,1.05,TWSE,2026-10-05
020028,元大特選電動車N,21.75,0.67,TWSE,2026-10-05
020029,元大ESG高股息N,20.75,-0.09,TWSE,2026-10-05
020030,統一智慧電動車N,22.1,0.64,TWSE,2026-10-05
020031,統一IC設計臺灣N,12.04,0.37,TWSE,2026-10-05
020034,元大IC設計N,17.53,0.56,TWSE,2026-10-05
020036,元大金融配息N,11.54,0.14,TWSE,2026-10-05
020037,元大金融高股息N,12.78,0.01,TWSE,2026-10-05
020038,元大ESG配息N,15.99,0.0,TWSE,2026-10-05
020039,元大加權N,15.9,0.38,TWSE,2026-10-05
1101,台泥,25.0,-0.35,TWSE,2026-10-05
1101B,台泥乙特,43.35,-0.05,TWSE,2026-10-05
1102,亞泥,35.15,-0.45,TWSE,2026-10-05
1103,嘉泥,13.05,-0.15,TWSE,2026-10-05
1104,環泥,26.5,-0.05,TWSE,2026-10-05
1108,幸福,11.05,-0.1,TWSE,2026-10-05
1109,信大,13.2,-0.05,TWSE,2026-10-05
1110,東泥,14.35,0.0,TWSE,2026-10-05
1201,味全,11.4,-0.15,TWSE,2026-10-05
1203,味王,42.5,-0.4,TWSE,2026-10-05
1210,大成,51.6,0.1,TWSE,2026-10-05
1213,大飲,7.2,0.12,TWSE,2026-10-05
1215,卜蜂,104.0,-1.0,TWSE,2026-10-05
1216,統一,72.7,0.0,TWSE,2026-10-05
1217,愛之味,9.87,-0.07,TWSE,2026-10-05
1218,泰山,14.4,-0.05,TWSE,2026-10-05
1219,福壽,11.2,-0.2,TWSE,2026-10-05
1220,台榮,10.95,0.15,TWSE,2026-10-05
1225,福懋油,24.35,0.15,TWSE,2026-10-05
1227,佳格,27.75,-0.2,TWSE,2026-10-05
1229,聯華,39.65,-0.35,TWSE,2026-10-05
1231,聯華食,78.5,-0.8,TWSE,2026-10-05
1232,大統益,153.5,0.0,TWSE,2026-10-05
1233,天仁,28.0,0.0,TWSE,2026-10-05
1234,黑松,32.4,-0.25,TWSE,2026-10-05
1235,興泰,30.8,-0.9,TWSE,2026-10-05
1236,宏亞,25.5,-0.05,TWSE,2026-10-05
1256,鮮活果汁-KY,168.0,0.0,TWSE,2026-10-05
1301,台塑,68.5,0.2,TWSE,2026-10-05
1303,南亞,286.0,26.0,TWSE,2026-10-05
1304,台聚,12.6,-0.1,TWSE,2026-10-05
1305,華夏,12.35,-0.2,TWSE,2026-10-05
1307,三芳,30.85,-0.45,TWSE,2026-10-05
1308,亞聚,14.3,-0.15,TWSE,2026-10-05
1309,台達化,14.05,-0.25,TWSE,2026-10-05
1310,台苯,9.53,-0.08,TWSE,2026-10-05
1312,國喬,14.5,-0.25,TWSE,2026-10-05
1312A,國喬特,22.85,0.0,TWSE,2026-10-05
1313,聯成,12.5,-0.15,TWSE,2026-10-05
1314,中石化,8.67,-0.28,TWSE,2026-10-05
1315,達新,68.7,0.1,TWSE,2026-10-05
1316,上曜,10.3,-0.25,TWSE,2026-10-05
1319,東陽,77.8,-0.3,TWSE,2026-10-05
1321,大洋,32.3,-0.05,TWSE,2026-10-05
1323,永裕,21.55,0.3,TWSE,2026-10-05
1324,地球,9.91,0.0,TWSE,2026-10-05
1325,恆大,25.7,-0.25,TWSE,2026-10-05
1326,台化,71.6,-0.1,TWSE,2026-10-05
1337,再生-KY,4.41,-0.02,TWSE,2026-10-05
1338,廣華-KY,14.95,-0.25,TWSE,2026-10-05
1339,昭輝,42.7,0.2,TWSE,2026-10-05
1340,勝悅-KY,5.22,0.01,TWSE,2026-10-05
1341,富林-KY,59.4,0.4,TWSE,2026-10-05
1342,八貫,99.8,-0.2,TWSE,2026-10-05
1402,遠東新,27.75,-0.3,TWSE,2026-10-05
1409,新纖,25.3,0.35,TWSE,2026-10-05
1410,南染,24.05,0.1,TWSE,2026-10-05
1413,宏洲,9.1,-0.13,TWSE,2026-10-05
1414,東和,17.3,0.05,TWSE,2026-10-05
1416,廣豐,11.85,0.0,TWSE,2026-10-05
1417,嘉裕,8.12,-0.01,TWSE,2026-10-05
1418,東華,18.7,0.3,TWSE,2026-10-05
1419,新紡,65.3,-0.3,TWSE,2026-10-05
1423,利華,34.5,0.2,TWSE,2026-10-05
1432,大魯閣,14.95,0.0,TWSE,2026-10-05
1434,福懋,17.85,-0.35,TWSE,2026-10-05
1435,中福,21.5,-0.05,TWSE,2026-10-05
1436,華友聯,35.6,0.25,TWSE,2026-10-05
1437,勤益控,31.25,-0.3,TWSE,2026-10-05
1438,三地開發,21.5,0.1,TWSE,2026-10-05
1439,雋揚,29.3,0.3,TWSE,2026-10-05
1440,南紡,13.4,0.1,TWSE,2026-10-05
1441,大東,9.81,-0.01,TWSE,2026-10-05
1442,名軒,26.1,-0.6,TWSE,2026-10-05
1443,立益物流,23.05,0.2,TWSE,2026-10-05
1444,力麗,6.8,-0.12,TWSE,2026-10-05
1445,大宇,9.98,-0.02,TWSE,2026-10-05
1446,宏和,13.35,-0.05,TWSE,2026-10-05
1447,力鵬,6.41,-0.13,TWSE,2026-10-05
1449,佳和,12.35,0.0,TWSE,2026-10-05
1451,年興,17.0,-0.05,TWSE,2026-10-05
1452,宏益,10.6,-0.1,TWSE,2026-10-05
1453,大將,10.9,-0.05,TWSE,2026-10-05
1454,台富,12.05,-0.05,TWSE,2026-10-05
1455,集盛,9.87,-0.13,TWSE,2026-10-05
1456,怡華,14.85,-0.25,TWSE,2026-10-05
1457,宜進,14.3,-0.05,TWSE,2026-10-05
1459,聯發,20.55,1.85,TWSE,2026-10-05
1460,宏遠,6.12,-0.08,TWSE,2026-10-05
1463,強盛新,17.5,0.05,TWSE,2026-10-05
1464,得力,9.93,-0.06,TWSE,2026-10-05
1465,偉全,11.65,0.0,TWSE,2026-10-05
1466,聚隆,14.35,-0.2,TWSE,2026-10-05
1467,南緯,8.22,-0.4,TWSE,2026-10-05
1468,昶和,13.15,-0.05,TWSE,2026-10-05
1470,大統新創,24.1,-0.4,TWSE,2026-10-05
1471,首利,9.45,0.02,TWSE,2026-10-05
1472,三洋實業,86.9,-0.6,TWSE,2026-10-05
1473,台南,19.1,-0.05,TWSE,2026-10-05
1474,弘裕,9.98,0.0,TWSE,2026-10-05
1475,業旺,26.1,0.0,TWSE,2026-10-05
1476,儒鴻,278.5,0.5,TWSE,2026-10-05
1477,聚陽,197.5,5.5,TWSE,2026-10-05
1503,士電,196.0,-1.0,TWSE,2026-10-05
1504,東元,69.0,-0.7,TWSE,2026-10-05
1506,正道,9.71,-0.1,TWSE,2026-10-05
1512,瑞利,6.22,0.05,TWSE,2026-10-05
1513,中興電,166.5,-1.0,TWSE,2026-10-05
1514,亞力,102.0,-0.5,TWSE,2026-10-05
1515,力山,28.7,-0.5,TWSE,2026-10-05
1516,川飛,13.75,0.45,TWSE,2026-10-05
1517,利奇,10.25,-0.1,TWSE,2026-10-05
1519,華城,691.0,-1.0,TWSE,2026-10-05
1521,大億,25.7,-0.1,TWSE,2026-10-05
1522,堤維西,25.75,-0.45,TWSE,2026-10-05
1524,耿鼎,25.8,-0.05,TWSE,2026-10-05
1525,江申,63.3,-0.4,TWSE,2026-10-05
1526,日馳,14.85,-0.15,TWSE,2026-10-05
1527,鑽全,32.8,-0.2,TWSE,2026-10-05
1528,恩德,24.15,-0.6,TWSE,2026-10-05
1529,樂事綠能,15.65,-0.4,TWSE,2026-10-05
1530,亞崴,26.7,0.05,TWSE,2026-10-05
1531,高林股,11.45,-0.05,TWSE,2026-10-05
1532,勤美,21.65,-0.45,TWSE,2026-10-05
1533,車王電,30.2,-0.3,TWSE,2026-10-05
1535,中宇,45.3,0.0,TWSE,2026-10-05
1536,和大,46.1,-0.55,TWSE,2026-10-05
1537,廣隆,113.5,-1.0,TWSE,2026-10-05
1538,正峰,8.13,0.23,TWSE,2026-10-05
1539,巨庭,15.65,0.0,TWSE,2026-10-05
1540,喬福,18.95,-0.2,TWSE,2026-10-05
1541,錩泰,20.6,-0.25,TWSE,2026-10-05
1558,伸興,110.0,-1.5,TWSE,2026-10-05
1560,中砂,1040.0,25.0,TWSE,2026-10-05
1563,巧新,77.0,0.7,TWSE,2026-10-05
1568,倉佑,31.45,-0.6,TWSE,2026-10-05
1582,信錦,72.4,0.5,TWSE,2026-10-05
1583,程泰,45.7,-0.15,TWSE,2026-10-05
1587,吉茂,23.4,-0.45,TWSE,2026-10-05
1590,亞德客-KY,1180.0,0.0,TWSE,2026-10-05
1597,直得,145.5,-2.5,TWSE,2026-10-05
1598,岱宇,20.35,-0.15,TWSE,2026-10-05
1603,華電,30.35,-0.25,TWSE,2026-10-05
1604,聲寶,23.25,0.0,TWSE,2026-10-05
1605,華新,38.4,-0.35,TWSE,2026-10-05
1608,華榮,35.85,-0.4,TWSE,2026-10-05
1609,大亞,38.2,-0.35,TWSE,2026-10-05
1611,中電,11.25,-0.1,TWSE,2026-10-05
1612,宏泰,35.0,-0.2,TWSE,2026-10-05
1614,三洋電,30.85,-0.15,TWSE,2026-10-05
1615,大山,42.25,-0.25,TWSE,2026-10-05
1616,億泰,18.3,-0.25,TWSE,2026-10-05
1617,榮星,24.1,0.0,TWSE,2026-10-05
1618,合機,38.9,-0.25,TWSE,2026-10-05
1623,大東電,198.0,-0.5,TWSE,2026-10-05
1626,艾美特-KY,9.65,0.0,TWSE,2026-10-05
1702,南僑,32.8,-0.35,TWSE,2026-10-05
1707,葡萄王,84.6,-0.6,TWSE,2026-10-05
1708,東鹼,56.8,0.6,TWSE,2026-10-05
1709,和益,64.3,5.8,TWSE,2026-10-05
1710,東聯,17.5,0.35,TWSE,2026-10-05
1711,永光,44.2,1.2,TWSE,2026-10-05
1712,興農,39.65,-0.15,TWSE,2026-10-05
1713,國化,44.8,2.1,TWSE,2026-10-05
1714,和桐,18.5,1.65,TWSE,2026-10-05
1717,長興,74.6,0.4,TWSE,2026-10-05
1718,中纖,11.15,0.4,TWSE,2026-10-05
1720,生達,55.8,-0.2,TWSE,2026-10-05
1721,國慶科技,27.55,0.2,TWSE,2026-10-05
1722,台肥,40.85,-0.3,TWSE,2026-10-05
1723,中碳,80.1,-0.3,TWSE,2026-10-05
1725,元禎,34.15,0.3,TWSE,2026-10-05
1726,永記,76.1,-0.1,TWSE,2026-10-05
1727,中華化,117.5,-5.5,TWSE,2026-10-05
1730,花仙子,51.1,-0.1,TWSE,2026-10-05
1731,美吾華,20.8,0.0,TWSE,2026-10-05
1732,毛寶,26.0,-0.1,TWSE,2026-10-05
1733,五鼎,30.15,-0.1,TWSE,2026-10-05
1734,杏輝,32.1,0.0,TWSE,2026-10-05
1735,日勝化,24.35,2.2,TWSE,2026-10-05
1736,喬山,124.0,0.5,TWSE,2026-10-05
1737,臺鹽,30.0,0.0,TWSE,2026-10-05
1752,南光,31.3,-0.15,TWSE,2026-10-05
1760,寶齡富錦,53.9,-0.7,TWSE,2026-10-05
1762,中化生,33.7,-0.05,TWSE,2026-10-05
1773,勝一,180.5,10.0,TWSE,2026-10-05
1776,展宇,18.4,0.15,TWSE,2026-10-05
1783,和康生,36.9,-0.15,TWSE,2026-10-05
1786,科妍,41.5,-1.2,TWSE,2026-10-05
1789,神隆,18.5,-0.1,TWSE,2026-10-05
1795,美時,177.5,1.5,TWSE,2026-10-05
1802,台玻,59.3,-0.2,TWSE,2026-10-05
1805,寶徠,9.96,-0.02,TWSE,2026-10-05
1806,冠軍,7.88,-0.03,TWSE,2026-10-05
1808,潤隆,31.35,-0.25,TWSE,2026-10-05
1809,中釉,46.6,-0.95,TWSE,2026-10-05
1810,和成,23.7,-0.25,TWSE,2026-10-05
1817,凱撒衛,39.75,-0.1,TWSE,2026-10-05
1903,士紙,47.05,-0.3,TWSE,2026-10-05
1904,正隆,24.0,-0.2,TWSE,2026-10-05
1905,華紙,12.7,-0.15,TWSE,2026-10-05
1906,寶隆,10.6,-0.05,TWSE,2026-10-05
1907,永豐餘,27.6,-0.3,TWSE,2026-10-05
1909,榮成,10.0,-0.1,TWSE,2026-10-05
2002,中鋼,18.9,-0.1,TWSE,2026-10-05
2002A,中鋼特,37.25,-0.2,TWSE,2026-10-05
2006,東和鋼鐵,85.8,-0.8,TWSE,2026-10-05
2007,燁興,6.91,-0.09,TWSE,2026-10-05
2008,高興昌,30.5,0.0,TWSE,2026-10-05
2009,第一銅,39.2,-0.1,TWSE,2026-10-05
2010,春源,22.35,-0.2,TWSE,2026-10-05
2012,春雨,14.2,0.0,TWSE,2026-10-05
2013,中鋼構,41.1,-0.3,TWSE,2026-10-05
2014,中鴻,16.85,-0.25,TWSE,2026-10-05
2015,豐興,63.8,0.0,TWSE,2026-10-05
2017,官田鋼,8.93,-0.1,TWSE,2026-10-05
2020,美亞,25.25,-1.65,TWSE,2026-10-05
2022,聚亨,7.26,-0.05,TWSE,2026-10-05
2023,燁輝,13.8,-0.1,TWSE,2026-10-05
2024,志聯,13.15,-0.1,TWSE,2026-10-05
2025,千興,13.9,-0.4,TWSE,2026-10-05
2027,大成鋼,47.9,-0.15,TWSE,2026-10-05
2028,威致,16.8,-0.05,TWSE,2026-10-05
2029,盛餘,21.8,-0.5,TWSE,2026-10-05
2030,彰源,36.9,-1.5,TWSE,2026-10-05
2031,新光鋼,45.8,-0.85,TWSE,2026-10-05
2032,新鋼,19.0,-1.05,TWSE,2026-10-05
2033,佳大,51.0,-0.2,TWSE,2026-10-05
2034,允強,23.5,-0.5,TWSE,2026-10-05
2038,海光,12.65,-0.3,TWSE,2026-10-05
2049,上銀,345.5,13.0,TWSE,2026-10-05
2059,川湖,13355.0,1210.0,TWSE,2026-10-05
2062,橋椿,17.9,-0.1,TWSE,2026-10-05
2069,運錩,24.8,-1.15,TWSE,2026-10-05
2072,世紀風電,129.0,-4.0,TWSE,2026-10-05
2101,南港,28.7,-0.6,TWSE,2026-10-05
2102,泰豐,16.4,-0.35,TWSE,2026-10-05
2103,台橡,28.6,0.45,TWSE,2026-10-05
2104,國際中橡,11.25,0.25,TWSE,2026-10-05
2105,正新,30.15,-0.3,TWSE,2026-10-05
2106,建大,16.5,-0.15,TWSE,2026-10-05
2107,厚生,27.1,0.15,TWSE,2026-10-05
2108,南帝,28.1,-0.15,TWSE,2026-10-05
2109,華豐,14.25,-0.1,TWSE,2026-10-05
2114,鑫永銓,90.0,0.0,TWSE,2026-10-05
2115,六暉-KY,23.9,0.0,TWSE,2026-10-05
2201,裕隆,28.35,-0.3,TWSE,2026-10-05
2204,中華,51.1,-0.6,TWSE,2026-10-05
2206,三陽工業,62.6,-0.2,TWSE,2026-10-05
2207,和泰車,510.0,-3.0,TWSE,2026-10-05
2208,台船,18.45,-0.4,TWSE,2026-10-05
2211,長榮鋼,79.0,-0.4,TWSE,2026-10-05
2227,裕日車,44.2,-0.2,TWSE,2026-10-05
2228,劍麟,74.1,-0.8,TWSE,2026-10-05
2231,為升,92.2,0.0,TWSE,2026-10-05
2233,宇隆,169.0,-1.0,TWSE,2026-10-05
2236,百達-KY,98.0,-9.5,TWSE,2026-10-05
2237,華德動能-創,26.95,0.15,TWSE,2026-10-05
2239,英利-KY,18.5,-0.45,TWSE,2026-10-05
2241,艾姆勒,46.05,2.3,TWSE,2026-10-05
2243,宏旭-KY,54.5,1.7,TWSE,2026-10-05
2247,汎德永業,226.0,-1.0,TWSE,2026-10-05
2248,華勝-KY,60.7,-0.3,TWSE,2026-10-05
2250,IKKA-KY,55.2,-0.6,TWSE,2026-10-05
2254,巨鎧精密-創,94.8,0.5,TWSE,2026-10-05
2258,鴻華先進-創,30.5,-0.5,TWSE,2026-10-05
2301,光寶科,298.0,16.5,TWSE,2026-10-05
2302,麗正,49.85,3.35,TWSE,2026-10-05
2303,聯電,152.5,-9.0,TWSE,2026-10-05
2305,全友,57.8,-2.4,TWSE,2026-10-05
2308,台達電,2005.0,120.0,TWSE,2026-10-05
2312,金寶,30.7,-0.15,TWSE,2026-10-05
2313,華通,248.5,22.5,TWSE,2026-10-05
2314,台揚,11.1,0.1,TWSE,2026-10-05
2316,楠梓電,171.5,1.0,TWSE,2026-10-05
2317,鴻海,254.0,3.0,TWSE,2026-10-05
2321,東訊,25.35,-0.5,TWSE,2026-10-05
2324,仁寶,35.8,-0.4,TWSE,2026-10-05
2327,國巨*,626.0,0.0,TWSE,2026-10-05
2328,廣宇,48.3,0.35,TWSE,2026-10-05
2329,華泰,45.0,0.0,TWSE,2026-10-05
2330,台積電,2575.0,75.0,TWSE,2026-10-05
2331,精英,18.8,-0.25,TWSE,2026-10-05
2332,友訊,20.15,-0.3,TWSE,2026-10-05
2337,旺宏,121.5,-0.5,TWSE,2026-10-05
2338,光罩,48.2,-1.45,TWSE,2026-10-05
2340,台亞,50.3,4.55,TWSE,2026-10-05
2342,茂矽,49.4,-1.9,TWSE,2026-10-05
2344,華邦電,181.0,2.0,TWSE,2026-10-05
2345,智邦,2075.0,110.0,TWSE,2026-10-05
2347,聯強,97.0,-0.1,TWSE,2026-10-05
2348,海悅,69.9,-0.7,TWSE,2026-10-05
2348A,海悅甲特,38.3,-0.05,TWSE,2026-10-05
2349,錸德,10.35,-0.15,TWSE,2026-10-05
2351,順德,222.0,10.5,TWSE,2026-10-05
2352,佳世達,28.95,-0.25,TWSE,2026-10-05
2353,宏碁,31.4,0.0,TWSE,2026-10-05
2354,鴻準,64.4,-1.3,TWSE,2026-10-05
2355,敬鵬,44.65,1.35,TWSE,2026-10-05
2356,英業達,58.3,-0.7,TWSE,2026-10-05
2357,華碩,995.0,33.0,TWSE,2026-10-05
2359,所羅門,127.0,-1.5,TWSE,2026-10-05
2360,致茂,2325.0,135.0,TWSE,2026-10-05
2362,藍天,46.25,-0.4,TWSE,2026-10-05
2363,矽統,59.6,-2.8,TWSE,2026-10-05
2364,倫飛,64.8,-0.7,TWSE,2026-10-05
2365,昆盈,28.0,-0.4,TWSE,2026-10-05
2367,燿華,49.65,4.5,TWSE,2026-10-05
2368,金像電,1215.0,110.0,TWSE,2026-10-05
2369,菱生,31.6,-0.35,TWSE,2026-10-05
2371,大同,30.15,-0.95,TWSE,2026-10-05
2373,震旦行,52.5,0.1,TWSE,2026-10-05
2374,佳能,66.5,-0.6,TWSE,2026-10-05
2375,凱美,126.0,0.0,TWSE,2026-10-05
2376,技嘉,388.5,15.0,TWSE,2026-10-05
2377,微星,155.0,0.0,TWSE,2026-10-05
2379,瑞昱,755.0,1.0,TWSE,2026-10-05
2380,虹光,16.6,-0.25,TWSE,2026-10-05
2382,廣達,331.0,-1.0,TWSE,2026-10-05
2383,台光電,5700.0,515.0,TWSE,2026-10-05
2385,群光,105.0,0.5,TWSE,2026-10-05
2387,精元,36.15,-0.35,TWSE,2026-10-05
2388,威盛,71.8,-1.4,TWSE,2026-10-05
2390,云辰,10.05,-0.1,TWSE,2026-10-05
2392,正崴,41.55,0.15,TWSE,2026-10-05
2393,億光,67.0,1.6,TWSE,2026-10-05
2395,研華,740.0,24.0,TWSE,2026-10-05
2397,友通,64.4,0.8,TWSE,2026-10-05
2399,映泰,48.6,-2.6,TWSE,2026-10-05
2401,凌陽,26.65,-0.65,TWSE,2026-10-05
2402,毅嘉,59.0,-0.1,TWSE,2026-10-05
2404,漢唐,1310.0,25.0,TWSE,2026-10-05
2405,輔信,15.15,-0.2,TWSE,2026-10-05
2406,國碩,31.45,0.25,TWSE,2026-10-05
2408,南亞科,530.0,4.0,TWSE,2026-10-05
2409,友達,39.05,-1.4,TWSE,2026-10-05
2412,中華電,145.5,-0.5,TWSE,2026-10-05
2413,環科,55.3,3.0,TWSE,2026-10-05
2414,精技,53.1,0.3,TWSE,2026-10-05
2415,錩新,27.9,0.5,TWSE,2026-10-05
2417,圓剛,38.5,-0.5,TWSE,2026-10-05
2419,仲琦,27.6,-1.7,TWSE,2026-10-05
2420,新巨,57.7,-0.5,TWSE,2026-10-05
2421,建準,169.5,3.5,TWSE,2026-10-05
2423,固緯,72.6,0.8,TWSE,2026-10-05
2424,隴華,8.6,0.18,TWSE,2026-10-05
2425,承啟,37.25,-0.75,TWSE,2026-10-05
2426,鼎元,114.0,10.0,TWSE,2026-10-05
2427,三商電,22.8,-0.6,TWSE,2026-10-05
2428,興勤,262.0,-1.0,TWSE,2026-10-05
2429,銘旺科,30.05,-0.6,TWSE,2026-10-05
2430,燦坤,17.5,-0.45,TWSE,2026-10-05
2431,聯昌,10.0,-0.15,TWSE,2026-10-05
2432,倚天酷碁-創,27.7,0.15,TWSE,2026-10-05
2433,互盛電,40.0,0.0,TWSE,2026-10-05
2434,統懋,61.2,-1.8,TWSE,2026-10-05
2436,偉詮電,73.2,-2.8,TWSE,2026-10-05
2438,翔耀,20.1,0.1,TWSE,2026-10-05
2439,美律,75.3,-0.4,TWSE,2026-10-05
2440,太空梭,14.5,-0.05,TWSE,2026-10-05
2441,超豐,124.0,-2.5,TWSE,2026-10-05
2442,新美齊,14.0,-0.2,TWSE,2026-10-05
2444,兆勁,16.2,-0.3,TWSE,2026-10-05
2449,京元電子,294.0,-1.5,TWSE,2026-10-05
2450,神腦,28.15,-0.05,TWSE,2026-10-05
2451,創見,289.5,-0.5,TWSE,2026-10-05
2453,凌群,53.2,-0.3,TWSE,2026-10-05
2454,聯發科,5165.0,215.0,TWSE,2026-10-05
2455,全新,606.0,26.0,TWSE,2026-10-05
2457,飛宏,22.2,-0.25,TWSE,2026-10-05
2458,義隆,134.0,-4.0,TWSE,2026-10-05
2459,敦吉,64.9,0.1,TWSE,2026-10-05
2460,建通,30.5,-0.3,TWSE,2026-10-05
2461,光群雷,16.95,-0.4,TWSE,2026-10-05
2462,良得電,20.7,0.9,TWSE,2026-10-05
2464,盟立,191.0,-4.5,TWSE,2026-10-05
2465,麗臺,90.9,-2.0,TWSE,2026-10-05
2466,冠西電,155.0,14.0,TWSE,2026-10-05
2467,志聖,577.0,25.0,TWSE,2026-10-05
2468,華經,41.5,-3.85,TWSE,2026-10-05
2471,資通,50.7,-0.7,TWSE,2026-10-05
2472,立隆電,227.0,-2.0,TWSE,2026-10-05
2474,可成,207.0,0.0,TWSE,2026-10-05
2476,鉅祥,128.5,2.5,TWSE,2026-10-05
2477,美隆電,22.65,-0.1,TWSE,2026-10-05
2478,大毅,126.5,-0.5,TWSE,2026-10-05
2480,敦陽科,166.5,5.0,TWSE,2026-10-05
2481,強茂,180.5,6.0,TWSE,2026-10-05
2482,連宇,16.3,0.1,TWSE,2026-10-05
2483,百容,40.7,3.7,TWSE,2026-10-05
2484,希華,86.4,-0.1,TWSE,2026-10-05
2485,兆赫,44.6,3.3,TWSE,2026-10-05
2486,一詮,247.0,2.0,TWSE,2026-10-05
2488,漢平,48.95,0.1,TWSE,2026-10-05
2489,瑞軒,40.4,-0.75,TWSE,2026-10-05
2491,吉祥全,40.05,-1.4,TWSE,2026-10-05
2492,華新科,368.5,7.0,TWSE,2026-10-05
2493,揚博,208.0,11.5,TWSE,2026-10-05
2495,普安,38.45,0.05,TWSE,2026-10-05
2496,卓越,54.8,-0.3,TWSE,2026-10-05
2497,怡利電,44.05,0.0,TWSE,2026-10-05
2498,宏達電,42.05,-0.85,TWSE,2026-10-05
2501,國建,20.35,-0.5,TWSE,2026-10-05
2504,國產,30.95,0.3,TWSE,2026-10-05
2505,國揚,17.0,0.0,TWSE,2026-10-05
2506,太設,8.38,0.0,TWSE,2026-10-05
2509,全坤建,13.95,-0.15,TWSE,2026-10-05
2511,太子,8.25,-0.03,TWSE,2026-10-05
2514,龍邦,11.25,-0.1,TWSE,2026-10-05
2515,中工,11.8,-0.1,TWSE,2026-10-05
2516,新建,14.85,-0.2,TWSE,2026-10-05
2520,冠德,36.65,-0.3,TWSE,2026-10-05
2524,京城,33.65,-0.65,TWSE,2026-10-05
2527,宏璟,51.8,2.25,TWSE,2026-10-05
2528,皇普,19.05,-0.2,TWSE,2026-10-05
2530,華建,19.85,-0.2,TWSE,2026-10-05
2534,宏盛,16.55,-0.15,TWSE,2026-10-05
2535,達欣工,88.3,-0.2,TWSE,2026-10-05
2536,宏普,18.35,-0.45,TWSE,2026-10-05
2537,聯上發,10.9,-0.15,TWSE,2026-10-05
2538,基泰,8.67,-0.2,TWSE,2026-10-05
2539,櫻花建,33.5,-0.5,TWSE,2026-10-05
2540,愛山林,47.45,-0.7,TWSE,2026-10-05
2542,興富發,38.05,-0.7,TWSE,2026-10-05
2543,皇昌,38.05,-0.3,TWSE,2026-10-05
2545,皇翔,34.0,0.05,TWSE,2026-10-05
2546,根基,106.0,1.0,TWSE,2026-10-05
2547,日勝生,9.66,-0.1,TWSE,2026-10-05
2548,華固,91.5,-1.0,TWSE,2026-10-05
2597,潤弘,163.5,-2.0,TWSE,2026-10-05
2601,益航,6.45,0.0,TWSE,2026-10-05
2603,長榮,234.5,-5.5,TWSE,2026-10-05
2605,新興,35.15,-0.6,TWSE,2026-10-05
2606,裕民,74.3,-1.6,TWSE,2026-10-05
2607,榮運,53.2,-0.3,TWSE,2026-10-05
2608,嘉里大榮,28.7,-0.1,TWSE,2026-10-05
2609,陽明,58.7,-1.0,TWSE,2026-10-05
2610,華航,20.1,-0.25,TWSE,2026-10-05
2611,志信,15.2,0.9,TWSE,2026-10-05
2612,中航,61.6,-1.3,TWSE,2026-10-05
2613,中櫃,21.85,-0.3,TWSE,2026-10-05
2614,東森,19.1,-0.15,TWSE,2026-10-05
2615,萬海,110.5,-2.5,TWSE,2026-10-05
2616,山隆,13.15,-0.05,TWSE,2026-10-05
2617,台航,32.1,0.55,TWSE,2026-10-05
2618,長榮航,41.9,-0.45,TWSE,2026-10-05
2630,亞航,46.15,-0.65,TWSE,2026-10-05
2633,台灣高鐵,25.65,-0.1,TWSE,2026-10-05
2634,漢翔,64.6,-1.4,TWSE,2026-10-05
2636,台驊控股,70.2,-0.6,TWSE,2026-10-05
2637,慧洋-KY,97.7,-1.1,TWSE,2026-10-05
2642,宅配通,20.15,-0.1,TWSE,2026-10-05
2645,長榮航太,172.0,-1.5,TWSE,2026-10-05
2646,星宇航空,20.05,-0.05,TWSE,2026-10-05
2701,萬企,10.2,-0.05,TWSE,2026-10-05
2702,華園,12.1,-0.1,TWSE,2026-10-05
2704,國賓,44.6,-0.35,TWSE,2026-10-05
2705,六福,15.05,-0.05,TWSE,2026-10-05
2706,第一店,12.05,-0.05,TWSE,2026-10-05
2707,晶華,174.5,-0.5,TWSE,2026-10-05
2712,遠雄來,13.4,0.0,TWSE,2026-10-05
2722,夏都,21.55,0.2,TWSE,2026-10-05
2723,美食-KY,76.3,-1.0,TWSE,2026-10-05
2727,王品,233.5,-0.5,TWSE,2026-10-05
2731,雄獅,144.5,1.0,TWSE,2026-10-05
2739,寒舍,36.25,0.1,TWSE,2026-10-05
2748,雲品,38.6,-0.4,TWSE,2026-10-05
2753,八方雲集,183.5,-1.5,TWSE,2026-10-05
2762,世界健身-KY,78.5,-0.1,TWSE,2026-10-05
2801,彰銀,27.2,-0.4,TWSE,2026-10-05
2812,台中銀,18.55,-0.2,TWSE,2026-10-05
2816,旺旺保,39.7,0.0,TWSE,2026-10-05
2820,華票,16.6,-0.1,TWSE,2026-10-05
2832,台產,56.3,-0.4,TWSE,2026-10-05
2834,臺企銀,17.3,-0.15,TWSE,2026-10-05
2836,高雄銀,11.95,-0.05,TWSE,2026-10-05
2836A,高雄銀甲特,23.9,-0.05,TWSE,2026-10-05
2838,聯邦銀,20.2,-0.2,TWSE,2026-10-05
2838A,聯邦銀甲特,52.0,0.0,TWSE,2026-10-05
2845,遠東銀,12.8,-0.1,TWSE,2026-10-05
2849,安泰銀,15.55,0.2,TWSE,2026-10-05
2850,新產,159.5,1.0,TWSE,2026-10-05
2851,中再保,45.6,-0.35,TWSE,2026-10-05
2852,第一保,27.5,0.0,TWSE,2026-10-05
2855,統一證,58.2,0.6,TWSE,2026-10-05
2880,華南金,44.6,-0.25,TWSE,2026-10-05
2881,富邦金,152.0,1.5,TWSE,2026-10-05
2881A,富邦特,61.4,-0.1,TWSE,2026-10-05
2881B,富邦金乙特,60.7,0.0,TWSE,2026-10-05
2881C,富邦金丙特,51.7,-0.1,TWSE,2026-10-05
2882,國泰金,111.5,0.0,TWSE,2026-10-05
2882A,國泰特,60.1,0.0,TWSE,2026-10-05
2882B,國泰金乙特,58.8,0.0,TWSE,2026-10-05
2883,凱基金,37.3,-0.05,TWSE,2026-10-05
2883B,凱基金乙特,8.61,-0.03,TWSE,2026-10-05
2884,玉山金,44.8,-0.55,TWSE,2026-10-05
2885,元大金,68.2,1.4,TWSE,2026-10-05
2886,兆豐金,48.55,-0.3,TWSE,2026-10-05
2887,台新新光金,40.85,0.3,TWSE,2026-10-05
2887E,台新新光戊特一,48.35,0.05,TWSE,2026-10-05
2887F,台新新光戊特二,45.4,-0.05,TWSE,2026-10-05
2887G,台新新光庚特一,44.15,0.0,TWSE,2026-10-05
2887H,台新新光庚特二,42.75,-0.1,TWSE,2026-10-05
2887I,台新新光辛特,9.52,0.0,TWSE,2026-10-05
2889,國票金,16.0,-0.1,TWSE,2026-10-05
2890,永豐金,44.05,0.0,TWSE,2026-10-05
2891,中信金,67.4,0.1,TWSE,2026-10-05
2891B,中信金乙特,61.7,-0.2,TWSE,2026-10-05
2891C,中信金丙特,60.5,0.0,TWSE,2026-10-05
2892,第一金,38.05,-0.5,TWSE,2026-10-05
2897,王道銀行,10.6,-0.1,TWSE,2026-10-05
2897B,王道銀乙特,11.85,0.0,TWSE,2026-10-05
2901,欣欣,25.0,-0.05,TWSE,2026-10-05
2903,遠百,21.75,-0.05,TWSE,2026-10-05
2904,匯僑,12.55,-0.05,TWSE,2026-10-05
2905,三商,17.65,-0.15,TWSE,2026-10-05
2906,高林,13.25,-0.15,TWSE,2026-10-05
2908,特力,22.2,0.1,TWSE,2026-10-05
2910,統領,23.35,0.15,TWSE,2026-10-05
2911,麗嬰房,6.04,0.03,TWSE,2026-10-05
2912,統一超,211.0,0.5,TWSE,2026-10-05
2913,農林,10.9,-0.1,TWSE,2026-10-05
2915,潤泰全,56.9,-0.6,TWSE,2026-10-05
2923,鼎固-KY,24.25,0.3,TWSE,2026-10-05
2929,淘帝-KY,5.81,0.01,TWSE,2026-10-05
2939,永邑-KY,23.45,0.9,TWSE,2026-10-05
2945,三商家購,39.95,-0.05,TWSE,2026-10-05
3002,歐格,19.2,-0.5,TWSE,2026-10-05
3003,健和興,59.8,-0.2,TWSE,2026-10-05
3004,豐達科,120.5,-1.0,TWSE,2026-10-05
3005,神基,117.0,-0.5,TWSE,2026-10-05
3006,晶豪科,282.0,-3.5,TWSE,2026-10-05
3008,大立光,6730.0,440.0,TWSE,2026-10-05
3010,華立,130.0,2.0,TWSE,2026-10-05
3011,今皓,9.8,-0.07,TWSE,2026-10-05
3013,晟銘電,93.0,0.3,TWSE,2026-10-05
3014,聯陽,146.5,4.0,TWSE,2026-10-05
3015,全漢,53.8,-0.6,TWSE,2026-10-05
3016,嘉晶,181.5,1.0,TWSE,2026-10-05
3017,奇鋐,3585.0,145.0,TWSE,2026-10-05
3018,隆銘綠能,11.95,-0.05,TWSE,2026-10-05
3019,亞光,141.5,2.5,TWSE,2026-10-05
3021,鴻名,27.75,-0.45,TWSE,2026-10-05
3022,威強電,92.0,0.5,TWSE,2026-10-05
3023,信邦,322.5,10.5,TWSE,2026-10-05
3024,憶聲,13.75,-0.25,TWSE,2026-10-05
3025,星通,55.9,0.5,TWSE,2026-10-05
3026,禾伸堂,817.0,-18.0,TWSE,2026-10-05
3027,盛達,18.8,0.2,TWSE,2026-10-05
3028,增你強,63.4,0.0,TWSE,2026-10-05
3029,零壹,117.5,-0.5,TWSE,2026-10-05
3030,德律,305.5,5.5,TWSE,2026-10-05
3031,佰鴻,32.9,0.1,TWSE,2026-10-05
3032,偉訓,79.3,-0.1,TWSE,2026-10-05
3033,威健,42.4,0.0,TWSE,2026-10-05
3034,聯詠,543.0,6.0,TWSE,2026-10-05
3035,智原,216.0,0.5,TWSE,2026-10-05
3036,文曄,213.5,0.0,TWSE,2026-10-05
3037,欣興,1325.0,20.0,TWSE,2026-10-05
3038,全台,20.4,-0.25,TWSE,2026-10-05
3040,遠見,33.9,-0.05,TWSE,2026-10-05
3041,揚智,24.15,-0.65,TWSE,2026-10-05
3042,晶技,222.0,-8.5,TWSE,2026-10-05
3043,科風,20.85,0.1,TWSE,2026-10-05
3044,健鼎,557.0,15.0,TWSE,2026-10-05
3045,台灣大,122.5,0.5,TWSE,2026-10-05
3046,建碁,53.8,-0.1,TWSE,2026-10-05
3047,訊舟,14.4,-0.25,TWSE,2026-10-05
3048,益登,53.6,-0.1,TWSE,2026-10-05
3049,精金,12.25,-0.2,TWSE,2026-10-05
3050,鈺德,11.65,0.05,TWSE,2026-10-05
3051,力特,22.9,-0.7,TWSE,2026-10-05
3052,夆典,10.45,0.0,TWSE,2026-10-05
3054,立萬利,60.1,0.4,TWSE,2026-10-05
3055,蔚華科,216.5,0.5,TWSE,2026-10-05
3056,富華新,13.6,-0.1,TWSE,2026-10-05
3057,喬鼎,15.6,-0.1,TWSE,2026-10-05
3058,立德,8.12,-0.06,TWSE,2026-10-05
3059,華晶科,38.25,-0.45,TWSE,2026-10-05
3060,銘異,28.5,-0.4,TWSE,2026-10-05
3062,建漢,22.7,0.05,TWSE,2026-10-05
3090,日電貿,173.0,-0.5,TWSE,2026-10-05
3092,鴻碩,24.1,0.15,TWSE,2026-10-05
3094,聯傑,69.0,-1.3,TWSE,2026-10-05
3130,一零四,209.0,-0.5,TWSE,2026-10-05
3135,凌航,157.0,-2.0,TWSE,2026-10-05
3138,耀登,105.0,5.5,TWSE,2026-10-05
3149,正達,79.5,2.2,TWSE,2026-10-05
3150,鈺寶-創,15.35,-0.05,TWSE,2026-10-05
3164,景岳,16.55,0.05,TWSE,2026-10-05
3167,大量,996.0,15.0,TWSE,2026-10-05
3168,眾福科,42.4,-0.7,TWSE,2026-10-05
3189,景碩,1095.0,45.0,TWSE,2026-10-05
3209,全科,46.1,0.0,TWSE,2026-10-05
3229,晟鈦,56.8,-2.0,TWSE,2026-10-05
3231,緯創,189.5,3.0,TWSE,2026-10-05
3257,虹冠電,50.7,0.4,TWSE,2026-10-05
3266,昇陽,13.9,0.05,TWSE,2026-10-05
3296,勝德,28.55,0.05,TWSE,2026-10-05
3305,昇貿,109.0,1.5,TWSE,2026-10-05
3308,聯德,22.45,-0.45,TWSE,2026-10-05
3311,閎暉,49.5,-0.15,TWSE,2026-10-05
3312,弘憶股,51.7,-0.4,TWSE,2026-10-05
3321,同泰,18.2,-0.15,TWSE,2026-10-05
3338,泰碩,70.1,1.1,TWSE,2026-10-05
3346,麗清,23.85,-0.15,TWSE,2026-10-05
3356,奇偶,67.4,0.6,TWSE,2026-10-05
3376,新日興,171.5,-2.5,TWSE,2026-10-05
3380,明泰,31.3,-0.65,TWSE,2026-10-05
3406,玉晶光,1055.0,94.0,TWSE,2026-10-05
3413,京鼎,295.0,3.0,TWSE,2026-10-05
3416,融程電,168.5,2.5,TWSE,2026-10-05
3419,譁裕,12.05,-0.1,TWSE,2026-10-05
3432,台端,14.7,-0.2,TWSE,2026-10-05
3437,榮創,21.9,-0.25,TWSE,2026-10-05
3443,創意,8600.0,700.0,TWSE,2026-10-05
3447,展達,27.6,-0.15,TWSE,2026-10-05
3450,聯鈞,548.0,5.0,TWSE,2026-10-05
3481,群創,52.3,-0.5,TWSE,2026-10-05
3494,誠研,7.05,-0.04,TWSE,2026-10-05
3501,維熹,37.8,0.15,TWSE,2026-10-05
3504,揚明光,84.7,4.6,TWSE,2026-10-05
3515,華擎,217.5,1.0,TWSE,2026-10-05
3518,柏騰,48.75,4.4,TWSE,2026-10-05
3528,安馳,86.9,-1.9,TWSE,2026-10-05
3530,晶相光,58.9,-0.6,TWSE,2026-10-05
3532,台勝科,469.5,-6.0,TWSE,2026-10-05
3533,嘉澤,1875.0,20.0,TWSE,2026-10-05
3535,晶彩科,92.7,-0.2,TWSE,2026-10-05
3543,州巧,54.0,3.0,TWSE,2026-10-05
3545,敦泰,50.4,-1.1,TWSE,2026-10-05
3550,聯穎,25.1,-0.7,TWSE,2026-10-05
3557,嘉威,24.15,-0.35,TWSE,2026-10-05
3563,牧德,767.0,7.0,TWSE,2026-10-05
3576,聯合再生,18.85,-0.5,TWSE,2026-10-05
3583,辛耘,744.0,23.0,TWSE,2026-10-05
3588,通嘉,57.0,-1.2,TWSE,2026-10-05
3591,艾笛森,27.8,-0.5,TWSE,2026-10-05
3592,瑞鼎,239.0,0.0,TWSE,2026-10-05
3593,力銘,10.75,0.1,TWSE,2026-10-05
3596,智易,156.0,2.0,TWSE,2026-10-05
3605,宏致,168.0,-2.5,TWSE,2026-10-05
3607,谷崧,13.8,-0.15,TWSE,2026-10-05
3617,碩天,241.5,-2.0,TWSE,2026-10-05
3622,洋華,46.2,0.2,TWSE,2026-10-05
3645,達邁,76.0,2.0,TWSE,2026-10-05
3652,精聯,35.7,0.8,TWSE,2026-10-05
3653,健策,7205.0,405.0,TWSE,2026-10-05
3661,世芯-KY,3950.0,140.0,TWSE,2026-10-05
3665,貿聯-KY,2485.0,-55.0,TWSE,2026-10-05
3669,圓展,32.8,-0.4,TWSE,2026-10-05
3673,TPK-KY,76.8,-3.8,TWSE,2026-10-05
3679,新至陞,108.5,0.5,TWSE,2026-10-05
3686,達能,15.75,-0.1,TWSE,2026-10-05
3694,海華,51.2,-0.5,TWSE,2026-10-05
3701,大眾控,60.9,5.5,TWSE,2026-10-05
3702,大聯大,119.0,0.0,TWSE,2026-10-05
3703,欣陸,19.4,-0.15,TWSE,2026-10-05
3704,合勤控,40.05,-0.5,TWSE,2026-10-05
3705,永信,56.6,0.3,TWSE,2026-10-05
3706,神達,80.4,-0.9,TWSE,2026-10-05
3708,上緯投控,96.3,-3.0,TWSE,2026-10-05
3711,日月光投控,742.0,29.0,TWSE,2026-10-05
3712,永崴投控,20.6,0.0,TWSE,2026-10-05
3714,富采,68.2,-2.6,TWSE,2026-10-05
3715,定穎投控,133.0,3.5,TWSE,2026-10-05
3716,中化控股,33.7,-0.2,TWSE,2026-10-05
3717,聯嘉投控,27.75,1.3,TWSE,2026-10-05
4104,佳醫,71.9,-1.0,TWSE,2026-10-05
4106,雃博,24.15,0.0,TWSE,2026-10-05
4108,懷特,11.3,-0.05,TWSE,2026-10-05
4119,旭富,54.3,-1.3,TWSE,2026-10-05
4133,亞諾法,20.3,-0.15,TWSE,2026-10-05
4137,麗豐-KY,75.8,0.0,TWSE,2026-10-05
4142,國光生,17.9,-0.1,TWSE,2026-10-05
4148,全宇生技-KY,31.75,0.25,TWSE,2026-10-05
4155,訊映,14.75,-0.1,TWSE,2026-10-05
4164,承業醫,26.95,-0.05,TWSE,2026-10-05
4169,泰宗,149.0,-2.5,TWSE,2026-10-05
4178,永笙-KY,17.65,-0.35,TWSE,2026-10-05
4190,佐登-KY,24.3,0.0,TWSE,2026-10-05
4195,基米-創,15.55,-0.35,TWSE,2026-10-05
4306,炎洲,14.3,-0.15,TWSE,2026-10-05
4414,如興,8.09,-0.01,TWSE,2026-10-05
4426,利勤,7.53,-0.04,TWSE,2026-10-05
4438,廣越,56.4,-0.1,TWSE,2026-10-05
4439,冠星-KY,96.0,0.2,TWSE,2026-10-05
4440,宜新實業,17.65,0.2,TWSE,2026-10-05
4441,振大環球,169.5,-0.5,TWSE,2026-10-05
4526,東台,33.5,-0.8,TWSE,2026-10-05
4532,瑞智,24.55,-0.2,TWSE,2026-10-05
4536,拓凱,160.5,0.0,TWSE,2026-10-05
4540,全球傳動,60.6,-0.4,TWSE,2026-10-05
4545,銘鈺,39.8,0.3,TWSE,2026-10-05
4551,智伸科,186.0,0.0,TWSE,2026-10-05
4552,力達-KY,15.6,-0.05,TWSE,2026-10-05
4555,氣立,41.4,-0.8,TWSE,2026-10-05
4557,永新-KY,50.4,0.1,TWSE,2026-10-05
4560,強信-KY,29.85,0.0,TWSE,2026-10-05
4562,穎漢,30.0,-0.3,TWSE,2026-10-05
4564,元翎,15.95,-0.35,TWSE,2026-10-05
4566,時碩工業,77.5,1.7,TWSE,2026-10-05
4569,六方科-KY,157.0,1.0,TWSE,2026-10-05
4571,鈞興-KY,154.0,0.0,TWSE,2026-10-05
4572,駐龍,138.5,-1.0,TWSE,2026-10-05
4576,大銀微系統,235.0,1.0,TWSE,2026-10-05
4581,光隆精密-KY,48.0,0.0,TWSE,2026-10-05
4582,聚恆-創,22.1,-0.1,TWSE,2026-10-05
4583,台灣精銳,419.0,-3.5,TWSE,2026-10-05
4585,達明,291.0,-2.5,TWSE,2026-10-05
4588,玖鼎電力,55.8,0.3,TWSE,2026-10-05
4590,富田-創,88.3,-0.3,TWSE,2026-10-05
4720,德淵,23.0,2.05,TWSE,2026-10-05
4722,國精化,224.0,-6.0,TWSE,2026-10-05
4736,泰博,128.5,-1.0,TWSE,2026-10-05
4737,華廣,55.3,-1.0,TWSE,2026-10-05
4739,康普,87.4,-1.3,TWSE,2026-10-05
4746,台耀,47.35,-0.75,TWSE,2026-10-05
4755,三福化,121.0,-1.0,TWSE,2026-10-05
4763,材料*-KY,46.35,-0.8,TWSE,2026-10-05
4764,雙鍵,196.5,-7.0,TWSE,2026-10-05
4766,南寶,346.5,-6.5,TWSE,2026-10-05
4770,上品,274.5,-3.5,TWSE,2026-10-05
4771,望隼,207.5,-6.5,TWSE,2026-10-05
4807,日成-KY,31.1,0.9,TWSE,2026-10-05
4904,遠傳,105.5,-0.5,TWSE,2026-10-05
4906,正文,42.15,0.3,TWSE,2026-10-05
4912,聯德控股-KY,109.5,3.5,TWSE,2026-10-05
4915,致伸,63.7,-0.7,TWSE,2026-10-05
4916,事欣科,105.0,0.5,TWSE,2026-10-05
4919,新唐,155.5,-7.5,TWSE,2026-10-05
4927,泰鼎-KY,52.9,4.75,TWSE,2026-10-05
4930,燦星網,15.9,0.05,TWSE,2026-10-05
4934,太極,14.8,0.05,TWSE,2026-10-05
4935,茂林-KY,33.75,-0.1,TWSE,2026-10-05
4938,和碩,88.7,-0.5,TWSE,2026-10-05
4942,嘉彰,31.35,-0.15,TWSE,2026-10-05
4943,康控-KY,6.72,0.03,TWSE,2026-10-05
4949,有成精密,82.5,4.8,TWSE,2026-10-05
4952,凌通,50.3,-0.5,TWSE,2026-10-05
4956,光鋐,45.55,-0.85,TWSE,2026-10-05
4958,臻鼎-KY,576.0,15.0,TWSE,2026-10-05
4960,誠美材,24.0,-0.55,TWSE,2026-10-05
4961,天鈺,184.0,0.5,TWSE,2026-10-05
4967,十銓,269.5,-3.5,TWSE,2026-10-05
4968,立積,99.1,-2.4,TWSE,2026-10-05
4976,佳凌,37.4,1.1,TWSE,2026-10-05
4977,眾達-KY,175.0,-0.5,TWSE,2026-10-05
4989,榮科,70.2,6.3,TWSE,2026-10-05
4994,傳奇,81.3,0.3,TWSE,2026-10-05
4999,鑫禾,17.9,0.05,TWSE,2026-10-05
5007,三星,55.8,-0.1,TWSE,2026-10-05
5203,訊連,60.2,2.3,TWSE,2026-10-05
5215,科嘉-KY,37.65,-0.6,TWSE,2026-10-05
5222,全訊,105.5,-2.0,TWSE,2026-10-05
5225,東科-KY,54.4,-1.1,TWSE,2026-10-05
5234,達興材料,307.0,-5.0,TWSE,2026-10-05
5236,凌陽創新,134.0,-1.5,TWSE,2026-10-05
5243,乙盛-KY,95.7,1.8,TWSE,2026-10-05
5244,弘凱,37.45,-0.4,TWSE,2026-10-05
5258,虹堡,41.5,-0.5,TWSE,2026-10-05
5269,祥碩,1475.0,15.0,TWSE,2026-10-05
5283,禾聯碩,52.1,-0.4,TWSE,2026-10-05
5284,jpp-KY,301.0,7.5,TWSE,2026-10-05
5285,界霖,100.0,1.0,TWSE,2026-10-05
5288,豐祥-KY,187.0,-1.5,TWSE,2026-10-05
5292,華懋,247.0,7.0,TWSE,2026-10-05
5306,桂盟,87.6,-0.4,TWSE,2026-10-05
5388,中磊,71.7,-0.1,TWSE,2026-10-05
5434,崇越,620.0,37.0,TWSE,2026-10-05
5469,瀚宇博,78.4,2.5,TWSE,2026-10-05
5471,松翰,52.6,-0.9,TWSE,2026-10-05
5484,慧友,38.7,-0.35,TWSE,2026-10-05
5515,建國,51.2,0.1,TWSE,2026-10-05
5519,隆大,24.8,-0.25,TWSE,2026-10-05
5521,工信,10.75,0.05,TWSE,2026-10-05
5522,遠雄,60.1,-0.4,TWSE,2026-10-05
5525,順天,21.75,-0.05,TWSE,2026-10-05
5531,鄉林,6.69,-0.17,TWSE,2026-10-05
5533,皇鼎,13.85,-0.05,TWSE,2026-10-05
5534,長虹,71.8,-1.2,TWSE,2026-10-05
5538,東明-KY,37.2,1.4,TWSE,2026-10-05
5546,永固-KY,14.0,0.25,TWSE,2026-10-05
5607,遠雄港,51.8,0.0,TWSE,2026-10-05
5608,四維航,16.8,-0.35,TWSE,2026-10-05
5706,鳳凰,44.0,-0.15,TWSE,2026-10-05
5871,中租-KY,105.5,-0.5,TWSE,2026-10-05
5871A,中租-KY甲特,99.9,0.0,TWSE,2026-10-05
5876,上海商銀,48.65,-0.3,TWSE,2026-10-05
5880,合庫金,25.9,-0.25,TWSE,2026-10-05
5906,台南-KY,38.95,-1.05,TWSE,2026-10-05
5907,大洋-KY,4.75,0.0,TWSE,2026-10-05
6005,群益證,33.0,1.0,TWSE,2026-10-05
6024,群益期,59.7,-0.1,TWSE,2026-10-05
6108,競國,25.65,-0.05,TWSE,2026-10-05
6112,邁達特,44.9,-2.75,TWSE,2026-10-05
6115,鎰勝,44.1,0.1,TWSE,2026-10-05
6116,彩晶,15.9,-0.15,TWSE,2026-10-05
6117,迎廣,62.5,0.3,TWSE,2026-10-05
6120,達運,14.35,-0.9,TWSE,2026-10-05
6128,上福,19.0,-0.2,TWSE,2026-10-05
6133,金橋,29.25,0.15,TWSE,2026-10-05
6136,富爾特,25.2,-0.1,TWSE,2026-10-05
6139,亞翔,790.0,15.0,TWSE,2026-10-05
6141,柏承,51.2,0.2,TWSE,2026-10-05
6142,友勁,9.06,-0.08,TWSE,2026-10-05
6152,百一,17.25,1.55,TWSE,2026-10-05
6153,嘉聯益,17.85,-0.1,TWSE,2026-10-05
6155,鈞寶,71.0,-1.5,TWSE,2026-10-05
6164,華興,13.85,1.25,TWSE,2026-10-05
6165,浪凡,48.6,-0.8,TWSE,2026-10-05
6166,凌華,129.5,-0.5,TWSE,2026-10-05
6168,宏齊,47.1,1.1,TWSE,2026-10-05
6176,瑞儀,92.3,0.0,TWSE,2026-10-05
6177,達麗,45.3,-0.7,TWSE,2026-10-05
6183,關貿,91.4,-0.3,TWSE,2026-10-05
6184,大豐電,40.1,-0.05,TWSE,2026-10-05
6189,豐藝,49.4,-0.5,TWSE,2026-10-05
6191,精成科,85.9,1.2,TWSE,2026-10-05
6192,巨路,110.5,1.0,TWSE,2026-10-05
6196,帆宣,679.0,61.0,TWSE,2026-10-05
6197,佳必琪,345.0,5.5,TWSE,2026-10-05
6201,亞弘電,44.05,-0.35,TWSE,2026-10-05
6202,盛群,60.8,-2.4,TWSE,2026-10-05
6205,詮欣,72.6,-1.1,TWSE,2026-10-05
6206,飛捷,137.5,0.5,TWSE,2026-10-05
6209,今國光,87.9,4.0,TWSE,2026-10-05
6213,聯茂,751.0,68.0,TWSE,2026-10-05
6214,精誠,188.5,0.0,TWSE,2026-10-05
6215,和椿,97.8,0.0,TWSE,2026-10-05
6216,居易,19.9,0.25,TWSE,2026-10-05
6224,聚鼎,79.7,-1.1,TWSE,2026-10-05
6225,天瀚,69.2,0.9,TWSE,2026-10-05
6226,光鼎,43.0,-3.4,TWSE,2026-10-05
6230,尼得科超眾,113.0,1.5,TWSE,2026-10-05
6235,華孚,38.35,-1.0,TWSE,2026-10-05
6239,力成,297.5,-10.5,TWSE,2026-10-05
6243,迅杰,40.2,-0.9,TWSE,2026-10-05
6257,矽格,260.0,2.5,TWSE,2026-10-05
6269,台郡,65.1,-1.0,TWSE,2026-10-05
6271,同欣電,238.5,4.0,TWSE,2026-10-05
6272,驊陞,25.25,-0.6,TWSE,2026-10-05
6277,宏正,77.1,0.0,TWSE,2026-10-05
6278,台表科,220.0,3.0,TWSE,2026-10-05
6281,全國電,50.7,-0.2,TWSE,2026-10-05
6282,康舒,44.45,0.25,TWSE,2026-10-05
6283,淳安,18.9,-0.25,TWSE,2026-10-05
6285,啟碁,249.5,11.5,TWSE,2026-10-05
6405,悅城,41.9,-0.6,TWSE,2026-10-05
6409,旭隼,891.0,5.0,TWSE,2026-10-05
6412,群電,75.1,0.1,TWSE,2026-10-05
6414,樺漢,407.5,6.0,TWSE,2026-10-05
6415,矽力*-KY,442.0,17.0,TWSE,2026-10-05
6416,瑞祺電通,119.5,2.0,TWSE,2026-10-05
6426,統新,357.5,-4.0,TWSE,2026-10-05
6431,光麗-KY,16.9,-0.15,TWSE,2026-10-05
6438,迅得,167.5,-0.5,TWSE,2026-10-05
6442,光聖,1705.0,80.0,TWSE,2026-10-05
6443,元晶,28.2,-0.55,TWSE,2026-10-05
6446,藥華藥,1190.0,25.0,TWSE,2026-10-05
6449,鈺邦,227.0,2.5,TWSE,2026-10-05
6451,訊芯-KY,432.0,3.0,TWSE,2026-10-05
6456,GIS-KY,90.6,-2.3,TWSE,2026-10-05
6464,台數科,77.2,0.9,TWSE,2026-10-05
6472,保瑞,420.5,0.0,TWSE,2026-10-05
6477,安集,34.05,-0.55,TWSE,2026-10-05
6491,晶碩,403.0,-21.0,TWSE,2026-10-05
6504,南六,37.05,-0.5,TWSE,2026-10-05
6505,台塑化,98.6,-1.4,TWSE,2026-10-05
6515,穎崴,6205.0,135.0,TWSE,2026-10-05
6525,捷敏-KY,140.0,0.5,TWSE,2026-10-05
6526,達發,841.0,6.0,TWSE,2026-10-05
6531,愛普*,1055.0,55.0,TWSE,2026-10-05
6533,晶心科,336.0,-16.0,TWSE,2026-10-05
6534,正瀚-創,93.0,0.2,TWSE,2026-10-05
6541,泰福-KY,31.45,1.85,TWSE,2026-10-05
6550,北極星藥業-KY,16.2,-0.55,TWSE,2026-10-05
6552,易華電,24.95,0.3,TWSE,2026-10-05
6558,興能高,25.4,-0.1,TWSE,2026-10-05
6573,虹揚-KY,16.55,0.25,TWSE,2026-10-05
6579,研揚,158.0,-0.5,TWSE,2026-10-05
6581,鋼聯,108.0,0.0,TWSE,2026-10-05
6582,申豐,31.35,-0.05,TWSE,2026-10-05
6585,鼎基,103.5,-1.0,TWSE,2026-10-05
6589,台康生技,50.7,-0.1,TWSE,2026-10-05
6591,動力-KY,42.9,0.35,TWSE,2026-10-05
6592,和潤企業,55.4,-0.9,TWSE,2026-10-05
6592A,和潤企業甲特,96.8,0.0,TWSE,2026-10-05
6592B,和潤企業乙特,95.4,0.0,TWSE,2026-10-05
6598,ABC-KY,26.8,-0.45,TWSE,2026-10-05
6605,帝寶,135.5,-1.0,TWSE,2026-10-05
6606,建德工業,24.85,-0.4,TWSE,2026-10-05
6614,資拓宏宇,35.3,-0.1,TWSE,2026-10-05
6625,必應,73.7,-0.1,TWSE,2026-10-05
6641,基士德-KY,17.05,0.05,TWSE,2026-10-05
6645,金萬林-創,12.75,-0.05,TWSE,2026-10-05
6655,科定,125.5,0.5,TWSE,2026-10-05
6657,華安,33.0,0.1,TWSE,2026-10-05
6658,聯策,200.0,18.0,TWSE,2026-10-05
6666,羅麗芬-KY,45.35,-0.15,TWSE,2026-10-05
6668,中揚光,48.25,0.9,TWSE,2026-10-05
6669,緯穎,2150.0,65.0,TWSE,2026-10-05
6670,復盛應用,270.0,-0.5,TWSE,2026-10-05
6671,三能-KY,23.3,0.35,TWSE,2026-10-05
6672,騰輝電子-KY,451.0,12.0,TWSE,2026-10-05
6674,鋐寶科技,18.3,-0.05,TWSE,2026-10-05
6689,伊雲谷,63.1,-1.7,TWSE,2026-10-05
6691,洋基工程,794.0,53.0,TWSE,2026-10-05
6695,芯鼎,52.7,-1.7,TWSE,2026-10-05
6698,旭暉應材,31.35,-0.3,TWSE,2026-10-05
6706,惠特,151.5,-3.0,TWSE,2026-10-05
6715,嘉基,480.5,31.5,TWSE,2026-10-05
6719,力智,191.5,2.0,TWSE,2026-10-05
6722,輝創,33.05,0.55,TWSE,2026-10-05
6742,澤米,60.2,2.5,TWSE,2026-10-05
6743,安普新,35.6,0.15,TWSE,2026-10-05
6753,龍德造船,131.0,-2.0,TWSE,2026-10-05
6754,匯僑設計,41.0,-0.3,TWSE,2026-10-05
6756,威鋒電子,98.2,1.1,TWSE,2026-10-05
6757,台灣虎航,53.0,-0.4,TWSE,2026-10-05
6768,志強-KY,63.1,-0.6,TWSE,2026-10-05
6770,力積電,75.8,-0.7,TWSE,2026-10-05
6771,平和環保-創,42.5,-0.2,TWSE,2026-10-05
6776,展碁國際,52.4,-0.3,TWSE,2026-10-05
6781,AES-KY,1050.0,25.0,TWSE,2026-10-05
6782,視陽,229.0,-7.0,TWSE,2026-10-05
6789,采鈺,488.0,-2.5,TWSE,2026-10-05
6790,永豐實,37.25,-0.25,TWSE,2026-10-05
6792,詠業,58.5,-0.3,TWSE,2026-10-05
6794,向榮生技,76.0,-2.9,TWSE,2026-10-05
6796,晉弘,57.0,-0.7,TWSE,2026-10-05
6799,來頡,91.8,0.1,TWSE,2026-10-05
6805,富世達,2450.0,140.0,TWSE,2026-10-05
6807,峰源-KY,32.05,0.0,TWSE,2026-10-05
6830,汎銓,550.0,3.0,TWSE,2026-10-05
6831,邁科,489.0,8.0,TWSE,2026-10-05
6834,天二科技,125.5,-5.5,TWSE,2026-10-05
6835,圓裕,32.0,0.9,TWSE,2026-10-05
6838,台新藥,25.3,0.0,TWSE,2026-10-05
6854,錼創科技-KY創,93.0,-1.9,TWSE,2026-10-05
6861,睿生光電,295.5,-0.5,TWSE,2026-10-05
6862,三集瑞-KY,140.5,-1.5,TWSE,2026-10-05
6863,永道-KY,96.1,0.1,TWSE,2026-10-05
6869,雲豹能源,68.6,-1.9,TWSE,2026-10-05
6873,泓德能源,65.9,-1.6,TWSE,2026-10-05
6885,全福生技,29.3,-1.1,TWSE,2026-10-05
6887,寶綠特-KY,37.55,-1.35,TWSE,2026-10-05
6890,來億-KY,147.0,0.0,TWSE,2026-10-05
6901,鑽石投資,18.0,1.0,TWSE,2026-10-05
6902,GOGOLOOK,147.5,-2.5,TWSE,2026-10-05
6906,現觀科,82.7,-1.0,TWSE,2026-10-05
6908,宏碁遊戲-創,26.55,-0.35,TWSE,2026-10-05
6909,創控,43.95,-0.4,TWSE,2026-10-05
6914,阜爾運通,118.5,0.0,TWSE,2026-10-05
6916,華凌,19.05,0.25,TWSE,2026-10-05
6918,愛派司,73.8,0.2,TWSE,2026-10-05
6919,康霈*,78.8,-1.1,TWSE,2026-10-05
6921,嘉雨思-創,66.0,0.0,TWSE,2026-10-05
6923,中台,73.5,-1.1,TWSE,2026-10-05
6924,榮惠-KY創,132.5,-1.0,TWSE,2026-10-05
6928,攸泰科技,45.7,-0.15,TWSE,2026-10-05
6931,青松健康,38.05,-0.35,TWSE,2026-10-05
6933,AMAX-KY,384.0,5.0,TWSE,2026-10-05
6934,心誠鎂,74.4,0.5,TWSE,2026-10-05
6936,永鴻生技,32.0,-0.2,TWSE,2026-10-05
6937,天虹,302.5,-1.0,TWSE,2026-10-05
6944,兆聯實業,814.0,15.0,TWSE,2026-10-05
6947,台鎔科技,68.7,0.4,TWSE,2026-10-05
6949,沛爾生醫*-創,47.6,3.1,TWSE,2026-10-05
6951,青新-創,69.1,-0.2,TWSE,2026-10-05
6952,大武山,38.75,-0.15,TWSE,2026-10-05
6955,邦睿生技-創,93.5,0.0,TWSE,2026-10-05
6957,裕慶-KY,410.0,33.0,TWSE,2026-10-05
6958,日盛台駿,16.65,-0.35,TWSE,2026-10-05
6958A,日盛台駿甲特,21.8,-0.1,TWSE,2026-10-05
6962,奕力-KY,33.9,0.5,TWSE,2026-10-05
6965,中傑-KY,59.8,-1.8,TWSE,2026-10-05
6969,成信實業*-創,31.3,1.3,TWSE,2026-10-05
6988,威力暘-創,11.7,0.25,TWSE,2026-10-05
6994,富威電力,31.95,-0.1,TWSE,2026-10-05
7610,聯友金屬-創,1800.0,75.0,TWSE,2026-10-05
7631,聚賢研發-創,141.5,-2.5,TWSE,2026-10-05
7689,大鵬科CLMX,164.0,3.0,TWSE,2026-10-05
7705,三商餐飲,29.85,0.0,TWSE,2026-10-05
7711,永擎,634.0,24.0,TWSE,2026-10-05
7721,微程式,63.0,-0.3,TWSE,2026-10-05
7722,LINEPAY,262.0,2.0,TWSE,2026-10-05
7730,暉盛-創,188.0,1.0,TWSE,2026-10-05
7732,金興精密,32.7,0.0,TWSE,2026-10-05
7736,虎山,71.0,1.2,TWSE,2026-10-05
7740,熙特爾-創,102.5,0.5,TWSE,2026-10-05
7749,意騰-KY,399.0,1.5,TWSE,2026-10-05
7750,新代,2070.0,185.0,TWSE,2026-10-05
7760,享溫馨,32.8,0.3,TWSE,2026-10-05
7765,中華資安,229.0,-3.5,TWSE,2026-10-05
7768,頌勝科技,306.5,-6.5,TWSE,2026-10-05
7769,鴻勁,5815.0,235.0,TWSE,2026-10-05
7780,大研生醫*,15.8,-0.25,TWSE,2026-10-05
7786,東方風能,120.5,3.0,TWSE,2026-10-05
7788,松川精密,332.5,25.5,TWSE,2026-10-05
7791,皇家可口,54.3,-0.7,TWSE,2026-10-05
7795,長廣,559.0,11.0,TWSE,2026-10-05
7799,禾榮科,537.0,-6.0,TWSE,2026-10-05
7803,雲象科技-創,17.65,0.05,TWSE,2026-10-05
7812,稜研科技*-創,65.5,-0.4,TWSE,2026-10-05
7818,溢泰實業,60.0,0.0,TWSE,2026-10-05
7821,神數,35.15,-0.2,TWSE,2026-10-05
7822,倍利科,990.0,-10.0,TWSE,2026-10-05
7823,奧義賽博-KY創,79.9,0.4,TWSE,2026-10-05
7827,漢康-KY創,167.5,0.5,TWSE,2026-10-05
7835,永悅健康-創,19.9,-0.05,TWSE,2026-10-05
7855,和運租車,41.3,-0.1,TWSE,2026-10-05
8011,台通,16.1,0.0,TWSE,2026-10-05
8016,矽創,293.5,2.5,TWSE,2026-10-05
8021,尖點,560.0,7.0,TWSE,2026-10-05
8028,昇陽半導體,281.5,-2.0,TWSE,2026-10-05
8033,雷虎,173.0,-2.0,TWSE,2026-10-05
8039,台虹,303.5,7.5,TWSE,2026-10-05
8045,達運光電,55.5,-0.8,TWSE,2026-10-05
8046,南電,1495.0,35.0,TWSE,2026-10-05
8070,長華*,51.7,1.0,TWSE,2026-10-05
8072,陞泰,27.1,-0.6,TWSE,2026-10-05
8081,致新,259.0,2.0,TWSE,2026-10-05
8101,華冠,11.2,0.5,TWSE,2026-10-05
8103,瀚荃,121.5,0.5,TWSE,2026-10-05
8104,錸寶,31.35,-0.4,TWSE,2026-10-05
8105,凌巨,15.3,-0.3,TWSE,2026-10-05
8110,華東,49.2,-0.75,TWSE,2026-10-05
8112,至上,84.1,0.0,TWSE,2026-10-05
8112A,至上甲特,45.6,-0.1,TWSE,2026-10-05
8114,振樺電,179.0,0.5,TWSE,2026-10-05
8131,福懋科,63.5,0.0,TWSE,2026-10-05
8150,南茂,124.0,-3.0,TWSE,2026-10-05
8162,微矽電子-創,66.9,-0.5,TWSE,2026-10-05
8163,達方,30.7,-0.5,TWSE,2026-10-05
8201,無敵,16.35,-0.75,TWSE,2026-10-05
8210,勤誠,890.0,49.0,TWSE,2026-10-05
8213,志超,33.85,-0.4,TWSE,2026-10-05
8215,明基材,28.6,-1.1,TWSE,2026-10-05
8222,寶一,35.4,0.0,TWSE,2026-10-05
8249,菱光,40.5,-0.5,TWSE,2026-10-05
8261,富鼎,205.0,18.5,TWSE,2026-10-05
8271,宇瞻,200.5,-2.0,TWSE,2026-10-05
8341,日友,73.8,-0.4,TWSE,2026-10-05
8367,建新國際,40.75,0.1,TWSE,2026-10-05
8374,羅昇,76.9,-0.7,TWSE,2026-10-05
8404,百和興業-KY,13.0,-0.15,TWSE,2026-10-05
8411,福貞-KY,11.7,0.1,TWSE,2026-10-05
8422,可寧衛*,25.3,-0.2,TWSE,2026-10-05
8429,金麗-KY,5.9,0.0,TWSE,2026-10-05
8438,昶昕,81.0,-3.2,TWSE,2026-10-05
8442,威宏-KY,45.95,0.05,TWSE,2026-10-05
8443,阿瘦,11.15,0.15,TWSE,2026-10-05
8454,富邦媒,234.5,-4.5,TWSE,2026-10-05
8462,柏文,157.5,0.5,TWSE,2026-10-05
8463,潤泰材,21.0,-0.2,TWSE,2026-10-05
8464,億豐,362.5,1.5,TWSE,2026-10-05
8466,美吉吉-KY,15.15,0.1,TWSE,2026-10-05
8467,波力-KY,88.3,0.1,TWSE,2026-10-05
8473,山林水,40.35,1.4,TWSE,2026-10-05
8476,台境*,20.2,0.2,TWSE,2026-10-05
8478,東哥遊艇,139.5,-1.5,TWSE,2026-10-05
8481,政伸,40.65,0.1,TWSE,2026-10-05
8482,商億-KY,48.35,0.25,TWSE,2026-10-05
8487,愛爾達-創,70.0,-0.3,TWSE,2026-10-05
8488,吉源-KY,9.84,0.1,TWSE,2026-10-05
8499,鼎炫-KY,256.0,1.5,TWSE,2026-10-05
8926,台汽電,59.1,0.1,TWSE,2026-10-05
8940,新天地,14.95,0.1,TWSE,2026-10-05
8996,高力,1595.0,85.0,TWSE,2026-10-05
9103,美德醫療-DR,4.89,-0.06,TWSE,2026-10-05
910322,康師傅-DR,23.15,-0.3,TWSE,2026-10-05
9105,泰金寶-DR,8.32,-0.08,TWSE,2026-10-05
910861,神州-DR,4.68,-0.05,TWSE,2026-10-05
9110,越南控-DR,2.95,-0.03,TWSE,2026-10-05
911608,明輝-DR,2.65,0.0,TWSE,2026-10-05
911622,泰聚亨-DR,3.6,0.0,TWSE,2026-10-05
911868,同方友友-DR,1.15,-0.01,TWSE,2026-10-05
912000,晨訊科-DR,2.48,0.0,TWSE,2026-10-05
9136,巨騰-DR,9.37,-0.01,TWSE,2026-10-05
9802,鈺齊-KY,64.2,-0.2,TWSE,2026-10-05
9902,台火,12.95,-0.1,TWSE,2026-10-05
9904,寶成,24.3,-0.4,TWSE,2026-10-05
9905,大華,21.25,-0.05,TWSE,2026-10-05
9906,欣巴巴,38.85,-0.7,TWSE,2026-10-05
9907,統一實,14.8,-0.15,TWSE,2026-10-05
9908,大台北,28.95,0.0,TWSE,2026-10-05
9910,豐泰,66.7,-1.1,TWSE,2026-10-05
9911,櫻花,81.3,-0.1,TWSE,2026-10-05
9912,偉聯,13.1,0.3,TWSE,2026-10-05
9914,美利達,66.4,-1.9,TWSE,2026-10-05
9917,中保科,106.5,0.5,TWSE,2026-10-05
9918,欣天然,42.8,-0.4,TWSE,2026-10-05
9919,康那香,13.9,0.0,TWSE,2026-10-05
9921,巨大,89.1,-2.3,TWSE,2026-10-05
9924,福興,37.9,-0.05,TWSE,2026-10-05
9925,新保,39.4,-0.1,TWSE,2026-10-05
9926,新海,48.85,0.05,TWSE,2026-10-05
9927,泰銘,62.1,-0.8,TWSE,2026-10-05
9928,中視,18.0,0.0,TWSE,2026-10-05
9929,秋雨,11.05,0.0,TWSE,2026-10-05
9930,中聯資源,59.4,-0.4,TWSE,2026-10-05
9931,欣高,33.85,0.0,TWSE,2026-10-05
9933,中鼎,46.35,0.55,TWSE,2026-10-05
9934,成霖,9.69,-0.14,TWSE,2026-10-05
9935,慶豐富,18.3,0.0,TWSE,2026-10-05
9937,全國,54.4,0.2,TWSE,2026-10-05
9938,百和,37.9,-0.35,TWSE,2026-10-05
9939,宏全,126.5,2.0,TWSE,2026-10-05
9940,信義,19.9,-0.2,TWSE,2026-10-05
9941,裕融,75.9,-0.8,TWSE,2026-10-05
9941A,裕融甲特,48.6,-0.1,TWSE,2026-10-05
9942,茂順,113.0,-0.5,TWSE,2026-10-05
9943,好樂迪,50.5,0.0,TWSE,2026-10-05
9944,新麗,17.25,0.15,TWSE,2026-10-05
9945,潤泰新,28.65,-0.45,TWSE,2026-10-05
9946,三發地產,16.7,-0.15,TWSE,2026-10-05
9955,佳龍,22.9,-0.1,TWSE,2026-10-05
9958,世紀鋼,89.8,-1.6,TWSE,2026-10-05
00411A,主動統一前沿科技,10.94,0.23,TPEx,2026-10-05
006201,元大富櫃50,48.96,1.1,TPEx,2026-10-05
00679B,元大美債20年,24.5,-0.11,TPEx,2026-10-05
00687B,國泰20年美債,25.46,-0.1,TPEx,2026-10-05
00687C,國泰20年美債+櫃U,8.65,0.01,TPEx,2026-10-05
00694B,富邦美債1-3,41.66,-0.18,TPEx,2026-10-05
00695B,富邦美債7-10,33.63,-0.16,TPEx,2026-10-05
00696B,富邦美債20年,26.7,-0.11,TPEx,2026-10-05
00697B,元大美債7-10,33.91,-0.12,TPEx,2026-10-05
00719B,元大美債1-3,30.98,-0.15,TPEx,2026-10-05
00720B,元大投資級公司債,30.61,-0.08,TPEx,2026-10-05
00722B,群益投資級電信債,32.9,-0.09,TPEx,2026-10-05
00723B,群益投資級科技債,28.11,-0.12,TPEx,2026-10-05
00724B,群益投資級金融債,31.37,-0.12,TPEx,2026-10-05
00725B,國泰投資級公司債,32.63,-0.11,TPEx,2026-10-05
00726B,國泰新興投等債,30.91,-0.14,TPEx,2026-10-05
00727B,國泰優選非投等債,38.84,-0.05,TPEx,2026-10-05
00734B,台新JPM新興債,14.76,0.0,TPEx,2026-10-05
00740B,富邦全球投等債,35.69,-0.13,TPEx,2026-10-05
00741B,富邦全球非投等債,36.52,-0.1,TPEx,2026-10-05
00746B,富邦A級公司債,33.08,-0.14,TPEx,2026-10-05
00749B,凱基新興債10+,29.28,-0.09,TPEx,2026-10-05
00750B,凱基科技債10+,30.47,-0.11,TPEx,2026-10-05
00751B,元大AAA至A公司債,28.68,-0.08,TPEx,2026-10-05
00754B,群益AAA-AA公司債,30.2,-0.01,TPEx,2026-10-05
00755B,群益投資級公用債,30.22,-0.03,TPEx,2026-10-05
00756B,群益投等新興公債,28.6,-0.11,TPEx,2026-10-05
00758B,復華能源債,48.08,-0.15,TPEx,2026-10-05
00759B,復華製藥債,50.5,-0.15,TPEx,2026-10-05
00760B,復華新興企業債,49.76,-0.24,TPEx,2026-10-05
00761B,國泰A級公司債,31.69,-0.12,TPEx,2026-10-05
00764B,群益25年美債,25.42,-0.08,TPEx,2026-10-05
00768B,復華20年美債,45.58,-0.19,TPEx,2026-10-05
00772B,中信高評級公司債,30.96,-0.1,TPEx,2026-10-05
00773B,中信優先金融債,33.14,-0.12,TPEx,2026-10-05
00777B,凱基AAA至A公司債,29.86,-0.12,TPEx,2026-10-05
00778B,凱基金融債20+,31.57,-0.05,TPEx,2026-10-05
00779B,凱基美債25+,25.63,-0.08,TPEx,2026-10-05
00780B,國泰A級金融債,35.22,-0.18,TPEx,2026-10-05
00781B,國泰A級科技債,25.57,-0.12,TPEx,2026-10-05
00782B,國泰A級公用債,28.17,-0.1,TPEx,2026-10-05
00785B,富邦金融投等債,32.6,-0.17,TPEx,2026-10-05
00786B,元大10年IG銀行債,30.42,-0.11,TPEx,2026-10-05
00787B,元大10年IG醫療債,30.08,-0.11,TPEx,2026-10-05
00788B,元大10年IG電能債,27.95,-0.04,TPEx,2026-10-05
00789B,復華公司債A3,44.15,-0.15,TPEx,2026-10-05
00791B,復華信用債1-5,56.05,-0.4,TPEx,2026-10-05
00792B,群益A級公司債,28.92,-0.05,TPEx,2026-10-05
00795B,中信美國公債20年,24.64,-0.08,TPEx,2026-10-05
00799B,國泰A級醫療債,27.31,-0.11,TPEx,2026-10-05
00834B,第一金金融債10+,31.87,-0.07,TPEx,2026-10-05
00836B,永豐10年A公司債,26.34,-0.05,TPEx,2026-10-05
00840B,凱基IG精選15+,27.43,-0.11,TPEx,2026-10-05
00841B,凱基AAA-AA公司債,26.09,-0.17,TPEx,2026-10-05
00842B,台新美元銀行債,27.97,-0.17,TPEx,2026-10-05
00844B,台新15年IG金融債,29.1,-0.02,TPEx,2026-10-05
00845B,富邦新興投等債,31.22,-0.13,TPEx,2026-10-05
00846B,富邦歐洲銀行債,33.88,-0.22,TPEx,2026-10-05
00848B,中信新興亞洲債,32.07,-0.16,TPEx,2026-10-05
00849B,中信EM主權債0-5,37.12,-0.22,TPEx,2026-10-05
00853B,統一美債10年Aa-A,25.36,-0.06,TPEx,2026-10-05
00856B,永豐1-3年美公債,37.14,-0.12,TPEx,2026-10-05
00857B,永豐20年美公債,21.18,-0.08,TPEx,2026-10-05
00858,永豐美國500大,36.3,0.05,TPEx,2026-10-05
00859B,群益0-1年美債,40.64,-0.16,TPEx,2026-10-05
00860B,群益1-5Y投資級債,37.68,-0.15,TPEx,2026-10-05
00862B,中信投資級公司債,29.01,-0.08,TPEx,2026-10-05
00863B,中信全球電信債,29.32,-0.02,TPEx,2026-10-05
00864B,中信美國公債0-1,46.18,-0.17,TPEx,2026-10-05
00867B,台新A-BBB電信債,28.41,0.01,TPEx,2026-10-05
00870B,元大15年EM主權債,25.96,-0.02,TPEx,2026-10-05
00877,復華中國5G,34.87,0.03,TPEx,2026-10-05
00884B,中信低碳新興債,27.19,0.05,TPEx,2026-10-05
00886,永豐美國科技,49.75,0.08,TPEx,2026-10-05
00887,永豐中國科技50大,15.03,0.03,TPEx,2026-10-05
00888,永豐台灣ESG,36.96,0.29,TPEx,2026-10-05
00890B,凱基ESG BBB債15+,29.83,-0.08,TPEx,2026-10-05
00928,中信上櫃ESG 30,35.61,1.1,TPEx,2026-10-05
00931B,統一美債20年,12.4,-0.02,TPEx,2026-10-05
00933B,國泰10Y+金融債,14.86,-0.06,TPEx,2026-10-05
00937B,群益ESG投等債20+,13.62,-0.07,TPEx,2026-10-05
00942B,台新美A公司債20+,13.09,-0.04,TPEx,2026-10-05
00948B,中信優息投資級債,8.74,-0.03,TPEx,2026-10-05
00950B,凱基A級公司債,13.0,,TPEx,2026-10-05
00955,中信日本商社,15.87,0.01,TPEx,2026-10-05
00957B,兆豐US優選投等債,12.37,-0.05,TPEx,2026-10-05
00958B,永豐ESG銀行債15+,8.56,-0.04,TPEx,2026-10-05
00959B,大華投等美債15Y+,8.64,,TPEx,2026-10-05
00966B,統一ESG投等債15+,12.85,,TPEx,2026-10-05
00967B,元大優息美債,8.47,-0.04,TPEx,2026-10-05
00968B,元大優息投等債,8.59,-0.01,TPEx,2026-10-05
00969B,元大零息超長美債,7.36,-0.02,TPEx,2026-10-05
00970B,台新BBB投等債20+,8.62,-0.05,TPEx,2026-10-05
009806,台新標普500,13.77,0.01,TPEx,2026-10-05
009807,台新標普科技精選,18.23,0.03,TPEx,2026-10-05
00980B,台新特選IG債10+,8.76,-0.03,TPEx,2026-10-05
00980D,主動聯博投等入息,19.38,-0.06,TPEx,2026-10-05
00980T,平衡凱基美國TOP,12.14,0.03,TPEx,2026-10-05
009814,富邦標普500,11.44,-0.01,TPEx,2026-10-05
009815,大華美國MAG7+,12.15,0.08,TPEx,2026-10-05
00981B,第一金優選非投債,8.92,-0.04,TPEx,2026-10-05
00981D,主動中信非投等債,10.05,-0.06,TPEx,2026-10-05
009822,華南永昌未來金融,9.31,0.0,TPEx,2026-10-05
009823,群益S&P500,10.49,-0.02,TPEx,2026-10-05
009825,聯邦美國金融創新,9.64,-0.02,TPEx,2026-10-05
00982B,FT投資級債20+,9.02,0.0,TPEx,2026-10-05
00983B,大華優利美公債20,14.3,,TPEx,2026-10-05
00984B,大華優利美A債15,14.99,,TPEx,2026-10-05
00985D,主動貝萊德優投等,9.42,-0.02,TPEx,2026-10-05
00986B,FT金融債10+,9.15,,TPEx,2026-10-05
00986D,主動復華金融債息,13.83,-0.05,TPEx,2026-10-05
00987B,野村10+澳洲公債,15.17,-0.04,TPEx,2026-10-05
00987D,主動統一美債量化,9.43,-0.03,TPEx,2026-10-05
00988B,玉山嚴選非投債,19.02,-0.04,TPEx,2026-10-05
00989B,台新美國非投等債,9.82,0.0,TPEx,2026-10-05
00990B,國泰收益非投等債,9.81,-0.02,TPEx,2026-10-05
00998A,主動復華金融股息,16.15,-0.09,TPEx,2026-10-05
020025,統一亞洲半導體N,41.82,0.51,TPEx,2026-10-05
020033,統一恒生科期N,3.34,0.02,TPEx,2026-10-05
020035,元大上櫃ESG高息N,14.0,,TPEx,2026-10-05
020041,兆豐半導體氣候N,22.56,0.6,TPEx,2026-10-05
1240,茂生農經,53.9,-0.1,TPEx,2026-10-05
1264,德麥,246.5,1.5,TPEx,2026-10-05
1268,漢來美食,176.0,-1.5,TPEx,2026-10-05
1294,漢田生技,49.8,0.05,TPEx,2026-10-05
1295,生合,49.05,0.35,TPEx,2026-10-05
1336,台翰,18.0,-0.05,TPEx,2026-10-05
1565,精華,96.7,-0.5,TPEx,2026-10-05
1569,濱川,68.5,2.0,TPEx,2026-10-05
1570,力肯,32.5,-0.4,TPEx,2026-10-05
1580,新麥,95.8,-1.4,TPEx,2026-10-05
1584,精剛,18.1,-0.5,TPEx,2026-10-05
1586,和勤,17.8,-0.1,TPEx,2026-10-05
1591,駿吉-KY,41.85,0.6,TPEx,2026-10-05
1593,祺驊,31.4,-0.3,TPEx,2026-10-05
1595,川寶,73.5,-5.8,TPEx,2026-10-05
1599,宏佳騰,23.1,-0.1,TPEx,2026-10-05
1742,台蠟,17.35,-0.15,TPEx,2026-10-05
1777,生泰,74.4,0.0,TPEx,2026-10-05
1780,立弘,25.15,-0.2,TPEx,2026-10-05
1781,合世,9.8,-0.19,TPEx,2026-10-05
1784,訊聯,59.5,-1.0,TPEx,2026-10-05
1785,光洋科,102.5,0.0,TPEx,2026-10-05
1788,杏昌,128.0,0.0,TPEx,2026-10-05
1796,金穎生技,29.5,-0.4,TPEx,2026-10-05
1799,易威,28.6,-0.4,TPEx,2026-10-05
1813,寶利徠,11.25,0.0,TPEx,2026-10-05
1815,富喬,128.5,7.5,TPEx,2026-10-05
2061,風青,65.2,-2.6,TPEx,2026-10-05
2063,世鎧,23.8,0.15,TPEx,2026-10-05
2064,晉椿,11.95,-0.05,TPEx,2026-10-05
2065,世豐,35.55,-0.1,TPEx,2026-10-05
2066,世德,52.4,-0.1,TPEx,2026-10-05
2067,嘉鋼,4.89,0.0,TPEx,2026-10-05
2070,精湛,62.6,-0.5,TPEx,2026-10-05
2073,雄順,25.6,0.0,TPEx,2026-10-05
2221,大甲,186.0,-2.0,TPEx,2026-10-05
2230,泰茂,21.8,-0.4,TPEx,2026-10-05
2235,謚源,27.2,-0.9,TPEx,2026-10-05
2596,綠意,34.3,-0.5,TPEx,2026-10-05
2640,大車隊,154.0,-2.5,TPEx,2026-10-05
2641,正德,17.25,-0.2,TPEx,2026-10-05
2643,捷迅,62.6,0.6,TPEx,2026-10-05
2718,全心投控,40.3,0.0,TPEx,2026-10-05
2719,燦星旅,19.4,-0.3,TPEx,2026-10-05
2724,藝舍-KY,12.45,-0.25,TPEx,2026-10-05
2726,雅茗-KY,8.0,-0.02,TPEx,2026-10-05
2729,瓦城,154.5,-1.0,TPEx,2026-10-05
2732,六角,63.3,-0.1,TPEx,2026-10-05
2734,易飛網,14.35,-0.05,TPEx,2026-10-05
2736,富野,11.2,0.0,TPEx,2026-10-05
2740,華軒,30.95,0.45,TPEx,2026-10-05
2743,山富,51.3,-1.4,TPEx,2026-10-05
2745,五福,84.9,0.0,TPEx,2026-10-05
2751,王座,53.0,0.3,TPEx,2026-10-05
2752,豆府,176.0,-1.0,TPEx,2026-10-05
2754,亞洲藏壽司,67.2,-0.9,TPEx,2026-10-05
2755,揚秦,99.5,0.8,TPEx,2026-10-05
2756,聯發國際,62.0,0.1,TPEx,2026-10-05
2916,滿心,40.5,-0.15,TPEx,2026-10-05
2924,宏太-KY,19.3,0.6,TPEx,2026-10-05
2926,誠品生活,30.1,0.15,TPEx,2026-10-05
2938,床的世界,18.15,-0.35,TPEx,2026-10-05
2941,米斯特,30.75,0.6,TPEx,2026-10-05
2947,振宇五金,61.0,0.2,TPEx,2026-10-05
2948,寶陞,37.25,0.75,TPEx,2026-10-05
2949,欣新網,62.5,-2.7,TPEx,2026-10-05
3064,泰偉,14.3,-1.5,TPEx,2026-10-05
3066,李洲,28.05,-0.95,TPEx,2026-10-05
3071,協禧,22.7,-0.25,TPEx,2026-10-05
3073,天方能源,20.55,-0.05,TPEx,2026-10-05
3078,僑威,46.0,0.05,TPEx,2026-10-05
3081,聯亞,3000.0,75.0,TPEx,2026-10-05
3083,網龍,23.75,0.0,TPEx,2026-10-05
3086,華義*,27.4,-1.0,TPEx,2026-10-05
3088,艾訊,134.5,2.5,TPEx,2026-10-05
3093,港建*,46.7,0.5,TPEx,2026-10-05
3095,及成,33.5,0.4,TPEx,2026-10-05
3105,穩懋,615.0,24.0,TPEx,2026-10-05
3114,好德,43.6,3.95,TPEx,2026-10-05
3115,富榮綱,8.5,0.11,TPEx,2026-10-05
3118,進階,31.2,-0.3,TPEx,2026-10-05
3122,笙泉,23.35,-0.85,TPEx,2026-10-05
3128,昇銳,20.05,-0.3,TPEx,2026-10-05
3131,弘塑,2530.0,100.0,TPEx,2026-10-05
3141,晶宏,88.0,0.9,TPEx,2026-10-05
3147,大綜,275.0,10.5,TPEx,2026-10-05
3152,璟德,240.0,4.5,TPEx,2026-10-05
3158,嘉實,86.0,0.0,TPEx,2026-10-05
3162,精確,86.9,-2.7,TPEx,2026-10-05
3163,波若威,709.0,-4.0,TPEx,2026-10-05
3169,亞信,113.5,-1.5,TPEx,2026-10-05
3171,炎洲流通,57.2,0.5,TPEx,2026-10-05
3176,基亞,38.25,0.7,TPEx,2026-10-05
3178,公準,69.8,-1.6,TPEx,2026-10-05
3188,鑫龍騰,22.65,-0.45,TPEx,2026-10-05
3191,雲嘉南,17.0,-0.45,TPEx,2026-10-05
3205,佰研,47.0,-0.2,TPEx,2026-10-05
3206,志豐,34.0,0.0,TPEx,2026-10-05
3207,耀勝,40.0,0.25,TPEx,2026-10-05
3211,順達,399.0,2.0,TPEx,2026-10-05
3213,茂訊,125.5,2.5,TPEx,2026-10-05
3217,優群,129.0,0.0,TPEx,2026-10-05
3218,大學光,133.5,0.0,TPEx,2026-10-05
3219,倚強科,128.0,-0.5,TPEx,2026-10-05
3221,台嘉碩,55.7,-0.3,TPEx,2026-10-05
3224,三顧,31.45,0.2,TPEx,2026-10-05
3226,龍鋒,62.8,-0.3,TPEx,2026-10-05
3227,原相,188.5,1.0,TPEx,2026-10-05
3228,金麗科,172.0,-3.5,TPEx,2026-10-05
3230,錦明,40.75,-1.2,TPEx,2026-10-05
3232,昱捷,20.25,-0.3,TPEx,2026-10-05
3234,光環,180.0,-1.5,TPEx,2026-10-05
3236,千如,53.5,0.1,TPEx,2026-10-05
3252,海灣,15.3,0.0,TPEx,2026-10-05
3259,鑫創,13.0,0.15,TPEx,2026-10-05
3260,威剛,378.0,-4.0,TPEx,2026-10-05
3264,欣銓,241.5,-3.5,TPEx,2026-10-05
3265,台星科,188.0,0.0,TPEx,2026-10-05
3268,海德威,23.1,1.45,TPEx,2026-10-05
3272,東碩,14.15,0.05,TPEx,2026-10-05
3276,宇環,14.15,-0.35,TPEx,2026-10-05
3284,太普高,21.6,1.5,TPEx,2026-10-05
3285,微端,41.95,0.05,TPEx,2026-10-05
3287,廣寰科,40.55,-1.5,TPEx,2026-10-05
3288,點晶,21.55,0.5,TPEx,2026-10-05
3289,宜特,141.0,-2.0,TPEx,2026-10-05
3290,東浦,49.95,-0.35,TPEx,2026-10-05
3293,鈊象,794.0,3.0,TPEx,2026-10-05
3294,英濟,32.35,-0.45,TPEx,2026-10-05
3297,杭特,32.1,-0.4,TPEx,2026-10-05
3303,岱稜,48.9,0.1,TPEx,2026-10-05
3306,鼎天,47.5,0.45,TPEx,2026-10-05
3310,佳穎,67.6,0.0,TPEx,2026-10-05
3313,斐成,10.3,-0.2,TPEx,2026-10-05
3317,尼克森,71.8,6.5,TPEx,2026-10-05
3322,建舜電,11.2,-0.15,TPEx,2026-10-05
3323,加百裕,30.6,0.25,TPEx,2026-10-05
3324,雙鴻,1550.0,45.0,TPEx,2026-10-05
3325,旭品,11.6,-0.2,TPEx,2026-10-05
3332,幸康,64.9,0.6,TPEx,2026-10-05
3339,泰谷,45.9,-1.1,TPEx,2026-10-05
3349,寶德,19.0,0.0,TPEx,2026-10-05
3354,律勝,31.6,1.5,TPEx,2026-10-05
3357,臺慶科,218.0,2.5,TPEx,2026-10-05
3360,尚立,15.3,-0.25,TPEx,2026-10-05
3362,先進光,191.0,15.5,TPEx,2026-10-05
3363,上詮,664.0,-7.0,TPEx,2026-10-05
3372,典範,16.35,-0.55,TPEx,2026-10-05
3373,熱映,15.9,0.0,TPEx,2026-10-05
3374,精材,498.5,31.0,TPEx,2026-10-05
3379,彬台,27.7,-0.1,TPEx,2026-10-05
3388,崇越電,84.6,0.1,TPEx,2026-10-05
3390,旭軟,22.2,-0.2,TPEx,2026-10-05
3402,漢科,140.0,0.5,TPEx,2026-10-05
3430,奇鈦科,113.0,-0.5,TPEx,2026-10-05
3434,哲固,31.0,-0.2,TPEx,2026-10-05
3438,類比科,61.8,-0.2,TPEx,2026-10-05
3441,聯一光,232.0,21.0,TPEx,2026-10-05
3444,利機,77.0,-3.8,TPEx,2026-10-05
3455,由田,283.5,3.5,TPEx,2026-10-05
3465,進泰電子,29.85,-0.2,TPEx,2026-10-05
3466,德晉,24.3,0.1,TPEx,2026-10-05
3467,台灣精材,71.1,-2.1,TPEx,2026-10-05
3479,安勤,136.0,0.0,TPEx,2026-10-05
3483,力致,81.3,0.4,TPEx,2026-10-05
3484,崧騰,49.15,0.25,TPEx,2026-10-05
3485,敘豐,217.0,1.0,TPEx,2026-10-05
3489,森寶,22.95,-0.25,TPEx,2026-10-05
3490,單井,46.15,-4.55,TPEx,2026-10-05
3491,昇達科,1630.0,145.0,TPEx,2026-10-05
3492,長盛,19.7,0.25,TPEx,2026-10-05
3498,陽程,236.5,21.5,TPEx,2026-10-05
3499,環天科,13.5,-0.3,TPEx,2026-10-05
3508,位速,24.9,-0.85,TPEx,2026-10-05
3511,矽瑪,20.25,0.5,TPEx,2026-10-05
3512,皇龍,18.95,-0.15,TPEx,2026-10-05
3516,亞帝歐,26.25,0.9,TPEx,2026-10-05
3520,華盈,18.05,0.85,TPEx,2026-10-05
3521,台鋼建設,11.55,-0.25,TPEx,2026-10-05
3522,御嵿,12.15,-0.3,TPEx,2026-10-05
3523,迎輝,14.1,-0.2,TPEx,2026-10-05
3526,凡甲,276.0,1.5,TPEx,2026-10-05
3527,聚積,50.9,-0.5,TPEx,2026-10-05
3529,力旺,3155.0,-15.0,TPEx,2026-10-05
3531,先益,21.15,0.0,TPEx,2026-10-05
3537,堡達,56.0,-0.8,TPEx,2026-10-05
3540,曜越,24.6,1.2,TPEx,2026-10-05
3541,西柏,24.6,0.05,TPEx,2026-10-05
3546,宇峻,72.2,-0.8,TPEx,2026-10-05
3548,兆利,75.6,-1.6,TPEx,2026-10-05
3551,世禾,199.0,-0.5,TPEx,2026-10-05
3552,同致,44.4,-1.4,TPEx,2026-10-05
3555,博士旺,166.5,-0.5,TPEx,2026-10-05
3556,禾瑞亞,58.5,-0.6,TPEx,2026-10-05
3558,神準,130.5,-0.5,TPEx,2026-10-05
3564,其陽,61.7,5.6,TPEx,2026-10-05
3567,逸昌,26.0,-0.2,TPEx,2026-10-05
3570,大塚,169.5,-0.5,TPEx,2026-10-05
3577,泓格,112.0,-2.5,TPEx,2026-10-05
3580,友威科,108.0,-0.5,TPEx,2026-10-05
3581,博磊,117.5,-1.0,TPEx,2026-10-05
3587,閎康,257.5,12.5,TPEx,2026-10-05
3594,磐儀,46.2,-0.95,TPEx,2026-10-05
3597,映興,30.45,2.75,TPEx,2026-10-05
3609,三一東林,23.65,0.75,TPEx,2026-10-05
3611,鼎翰,182.5,-2.0,TPEx,2026-10-05
3615,安可,44.45,-0.55,TPEx,2026-10-05
3623,富晶通,30.05,-0.5,TPEx,2026-10-05
3624,光頡,145.5,-3.0,TPEx,2026-10-05
3625,西勝,10.4,-0.75,TPEx,2026-10-05
3628,盈正,72.2,0.4,TPEx,2026-10-05
3629,地心引力,13.35,-1.25,TPEx,2026-10-05
3630,新鉅科,27.3,0.5,TPEx,2026-10-05
3631,晟楠,40.85,-0.3,TPEx,2026-10-05
3632,研勤,7.05,-0.03,TPEx,2026-10-05
3646,艾恩特,25.2,0.3,TPEx,2026-10-05
3663,鑫科,63.2,-1.6,TPEx,2026-10-05
3664,安瑞-KY,8.0,-0.31,TPEx,2026-10-05
3666,光耀,25.3,0.0,TPEx,2026-10-05
3672,康聯訊,12.3,0.05,TPEx,2026-10-05
3675,德微,349.0,-11.0,TPEx,2026-10-05
3680,家登,561.0,9.0,TPEx,2026-10-05
3684,榮昌,55.2,1.0,TPEx,2026-10-05
3685,元創精密,36.1,0.1,TPEx,2026-10-05
3687,歐買尬,60.8,-0.3,TPEx,2026-10-05
3689,湧德,113.0,0.0,TPEx,2026-10-05
3691,碩禾,105.5,-7.5,TPEx,2026-10-05
3693,營邦,689.0,26.0,TPEx,2026-10-05
3707,漢磊,85.3,0.1,TPEx,2026-10-05
3709,鑫聯大投控,64.4,-1.1,TPEx,2026-10-05
3710,連展投控,8.19,0.07,TPEx,2026-10-05
3713,新晶投控,13.55,-0.25,TPEx,2026-10-05
3718,中光電投控,65.0,-0.1,TPEx,2026-10-05
4102,永日,18.0,-0.45,TPEx,2026-10-05
4105,東洋,78.3,-0.6,TPEx,2026-10-05
4107,邦特,110.5,0.5,TPEx,2026-10-05
4109,加捷生醫,10.9,-0.1,TPEx,2026-10-05
4111,濟生,29.0,0.0,TPEx,2026-10-05
4113,聯上,14.8,-0.4,TPEx,2026-10-05
4114,健喬,29.05,-0.3,TPEx,2026-10-05
4116,明基醫,40.0,-0.15,TPEx,2026-10-05
4120,友華,46.0,-0.1,TPEx,2026-10-05
4121,優盛,12.7,-0.2,TPEx,2026-10-05
4123,晟德,30.85,-0.35,TPEx,2026-10-05
4126,太醫,77.6,-0.4,TPEx,2026-10-05
4127,天良,43.3,-2.3,TPEx,2026-10-05
4128,中天,15.45,0.15,TPEx,2026-10-05
4129,聯合,82.2,-0.1,TPEx,2026-10-05
4131,浩泰,30.85,0.05,TPEx,2026-10-05
4138,曜亞,53.5,0.0,TPEx,2026-10-05
4139,馬光-KY,43.0,1.05,TPEx,2026-10-05
4147,中裕,60.0,-1.4,TPEx,2026-10-05
4153,鈺緯,31.4,-0.15,TPEx,2026-10-05
4154,樂威科-KY,11.85,0.6,TPEx,2026-10-05
4157,太景*-KY,8.52,-0.13,TPEx,2026-10-05
4160,訊聯基因,38.4,-0.4,TPEx,2026-10-05
4161,聿新科,21.7,0.05,TPEx,2026-10-05
4162,智擎,55.0,-0.4,TPEx,2026-10-05
4163,鐿鈦,136.0,-1.0,TPEx,2026-10-05
4166,友霖,24.3,-0.1,TPEx,2026-10-05
4167,松瑞藥,19.45,-0.1,TPEx,2026-10-05
4168,醣聯,22.8,0.4,TPEx,2026-10-05
4171,瑞基,16.85,0.5,TPEx,2026-10-05
4173,久裕,17.3,-0.1,TPEx,2026-10-05
4174,浩鼎,46.2,4.2,TPEx,2026-10-05
4175,杏一,50.8,-0.1,TPEx,2026-10-05
4183,福永生技,14.75,0.4,TPEx,2026-10-05
4188,安克,13.85,-0.25,TPEx,2026-10-05
4192,杏國,17.8,-0.8,TPEx,2026-10-05
4198,欣大健康,48.95,-0.05,TPEx,2026-10-05
4205,中華食,67.8,-0.6,TPEx,2026-10-05
4207,環泰,19.45,0.05,TPEx,2026-10-05
4303,信立,32.0,-1.35,TPEx,2026-10-05
4304,勝昱,17.0,-0.3,TPEx,2026-10-05
4401,東隆興,13.8,-0.15,TPEx,2026-10-05
4402,郡都開發,13.55,-0.6,TPEx,2026-10-05
4406,新昕纖,10.0,-0.25,TPEx,2026-10-05
4413,飛寶企業,19.9,-0.4,TPEx,2026-10-05
4416,三圓,12.75,-0.05,TPEx,2026-10-05
4417,金洲,49.2,-0.15,TPEx,2026-10-05
4419,皇家美食,49.95,0.0,TPEx,2026-10-05
4420,光明,35.2,-0.3,TPEx,2026-10-05
4430,耀億,17.75,0.05,TPEx,2026-10-05
4432,銘旺實,15.3,-0.25,TPEx,2026-10-05
4433,興采,17.7,-0.3,TPEx,2026-10-05
4442,竣邦-KY,53.2,-0.4,TPEx,2026-10-05
4502,健信,15.75,-0.1,TPEx,2026-10-05
4503,金雨,23.9,-0.2,TPEx,2026-10-05
4506,崇友,117.5,0.0,TPEx,2026-10-05
4510,高鋒,42.65,-0.95,TPEx,2026-10-05
4513,福裕,16.1,-0.2,TPEx,2026-10-05
4523,永彰,23.75,-0.15,TPEx,2026-10-05
4528,江興鍛,14.8,0.0,TPEx,2026-10-05
4529,淳紳,3.3,-0.04,TPEx,2026-10-05
4530,天意能創,24.6,0.6,TPEx,2026-10-05
4533,協易機,25.55,-0.05,TPEx,2026-10-05
4534,慶騰,30.3,0.3,TPEx,2026-10-05
4535,至興,26.9,0.15,TPEx,2026-10-05
4538,大詠城,17.25,-0.05,TPEx,2026-10-05
4541,晟田,60.8,-0.3,TPEx,2026-10-05
4542,科嶠,358.0,21.5,TPEx,2026-10-05
4543,萬在,30.15,-0.1,TPEx,2026-10-05
4549,桓達,98.8,1.5,TPEx,2026-10-05
4550,長佳,24.2,0.05,TPEx,2026-10-05
4554,橙的,27.85,-0.25,TPEx,2026-10-05
4556,旭然,125.5,11.0,TPEx,2026-10-05
4558,寶緯,16.75,-0.05,TPEx,2026-10-05
4561,健椿,42.8,-0.8,TPEx,2026-10-05
4563,百德,54.0,0.8,TPEx,2026-10-05
4568,科際精密,39.05,0.05,TPEx,2026-10-05
4577,達航科技,92.5,0.5,TPEx,2026-10-05
4580,捷流閥業,82.4,0.2,TPEx,2026-10-05
4609,唐鋒,4.31,-0.45,TPEx,2026-10-05
4702,中美實,9.3,0.01,TPEx,2026-10-05
4706,大恭,35.7,1.0,TPEx,2026-10-05
4707,磐亞,30.25,0.1,TPEx,2026-10-05
4711,永純,16.8,0.4,TPEx,2026-10-05
4714,永捷,11.95,-0.4,TPEx,2026-10-05
4716,大立,19.05,0.1,TPEx,2026-10-05
4721,美琪瑪,80.9,-0.3,TPEx,2026-10-05
4726,永昕,22.95,-0.25,TPEx,2026-10-05
4728,雙美,395.0,0.5,TPEx,2026-10-05
4729,熒茂,19.8,0.1,TPEx,2026-10-05
4735,豪展,36.05,0.05,TPEx,2026-10-05
4741,泓瀚,40.5,-1.15,TPEx,2026-10-05
4743,合一,47.1,-0.05,TPEx,2026-10-05
4744,皇將,28.35,0.05,TPEx,2026-10-05
4745,合富-KY,12.15,-0.05,TPEx,2026-10-05
4747,強生*,22.85,-0.1,TPEx,2026-10-05
4749,新應材,806.0,21.0,TPEx,2026-10-05
4754,國碳科,37.95,-0.2,TPEx,2026-10-05
4760,勤凱,348.5,31.5,TPEx,2026-10-05
4767,誠泰科技,28.5,-0.2,TPEx,2026-10-05
4768,晶呈科技,365.0,-9.5,TPEx,2026-10-05
4772,台特化,278.0,-3.5,TPEx,2026-10-05
4806,桂田文創,12.1,-1.3,TPEx,2026-10-05
4903,聯光通,43.8,-1.5,TPEx,2026-10-05
4905,台聯電,97.1,4.6,TPEx,2026-10-05
4907,富宇,42.8,-1.7,TPEx,2026-10-05
4908,前鼎,234.5,10.0,TPEx,2026-10-05
4909,新復興,37.3,0.45,TPEx,2026-10-05
4911,德英,28.25,-0.15,TPEx,2026-10-05
4923,力士,64.1,-2.5,TPEx,2026-10-05
4924,欣厚-KY,15.0,-0.9,TPEx,2026-10-05
4931,新盛力,250.0,-2.0,TPEx,2026-10-05
4933,友輝,54.0,0.1,TPEx,2026-10-05
4939,亞電,78.6,-0.6,TPEx,2026-10-05
4946,辣椒,98.8,-2.2,TPEx,2026-10-05
4951,精拓科,90.1,-0.8,TPEx,2026-10-05
4953,緯致,116.5,-1.0,TPEx,2026-10-05
4966,譜瑞-KY,574.0,0.0,TPEx,2026-10-05
4971,IET-KY,584.0,-3.0,TPEx,2026-10-05
4972,湯石照明,16.2,0.0,TPEx,2026-10-05
4973,廣穎,138.0,-0.5,TPEx,2026-10-05
4974,亞泰,71.1,-0.1,TPEx,2026-10-05
4979,華星光,598.0,13.0,TPEx,2026-10-05
4991,環宇-KY,524.0,-10.0,TPEx,2026-10-05
4995,晶達,47.3,-1.5,TPEx,2026-10-05
5009,榮剛,32.45,-0.65,TPEx,2026-10-05
5011,久陽,22.45,2.0,TPEx,2026-10-05
5013,強新,51.5,4.65,TPEx,2026-10-05
5014,建錩,10.0,-0.1,TPEx,2026-10-05
5015,華祺,23.45,-0.5,TPEx,2026-10-05
5016,松和,27.0,-1.6,TPEx,2026-10-05
5201,凱衛,27.35,-0.65,TPEx,2026-10-05
5202,力新,13.7,-0.4,TPEx,2026-10-05
5205,中茂,25.05,2.25,TPEx,2026-10-05
5206,坤悅,22.6,-0.25,TPEx,2026-10-05
5209,新鼎,174.5,-1.5,TPEx,2026-10-05
5210,寶碩,29.8,-0.5,TPEx,2026-10-05
5211,蒙恬,20.9,-0.45,TPEx,2026-10-05
5212,凌網,49.0,-0.3,TPEx,2026-10-05
5213,亞昕,20.15,-0.4,TPEx,2026-10-05
5220,萬達光電,22.7,-0.4,TPEx,2026-10-05
5223,安力-KY,23.0,0.05,TPEx,2026-10-05
5227,立凱-KY,28.95,-1.6,TPEx,2026-10-05
5228,鈺鎧,47.75,-0.3,TPEx,2026-10-05
5230,雷笛克光學,22.35,0.1,TPEx,2026-10-05
5245,智晶,20.55,-0.2,TPEx,2026-10-05
5251,天鉞電,29.4,-0.55,TPEx,2026-10-05
5263,智崴,90.6,0.1,TPEx,2026-10-05
5272,笙科,17.9,0.05,TPEx,2026-10-05
5274,信驊,19520.0,680.0,TPEx,2026-10-05
5276,達輝-KY,18.15,0.3,TPEx,2026-10-05
5278,尚凡*,23.6,-0.1,TPEx,2026-10-05
5287,數字,137.5,0.0,TPEx,2026-10-05
5289,宜鼎,1295.0,0.0,TPEx,2026-10-05
5291,邑昇,64.5,2.5,TPEx,2026-10-05
5299,杰力,105.0,0.5,TPEx,2026-10-05
5302,太欣,9.88,-0.17,TPEx,2026-10-05
5309,系統電,67.1,1.4,TPEx,2026-10-05
5310,天剛,29.7,0.1,TPEx,2026-10-05
5312,寶島科,89.7,0.0,TPEx,2026-10-05
5314,世紀*,28.7,-1.2,TPEx,2026-10-05
5315,光聯,18.85,0.0,TPEx,2026-10-05
5321,美而快,67.1,-1.5,TPEx,2026-10-05
5324,士開,12.4,-0.05,TPEx,2026-10-05
5328,華容,58.1,-1.0,TPEx,2026-10-05
5340,建榮,85.5,2.3,TPEx,2026-10-05
5344,立衛,13.55,-0.1,TPEx,2026-10-05
5345,馥鴻,22.1,0.95,TPEx,2026-10-05
5347,世界,184.0,-3.0,TPEx,2026-10-05
5348,正能量智能,17.05,0.7,TPEx,2026-10-05
5351,鈺創,114.0,-2.0,TPEx,2026-10-05
5353,台林,29.5,0.85,TPEx,2026-10-05
5355,佳總,7.87,0.47,TPEx,2026-10-05
5356,協益,25.8,0.05,TPEx,2026-10-05
5364,力麗店,8.3,-0.01,TPEx,2026-10-05
5381,光譜,22.9,-0.45,TPEx,2026-10-05
5386,青雲,290.5,-2.0,TPEx,2026-10-05
5392,能率,39.2,-0.85,TPEx,2026-10-05
5398,慕康生醫,13.65,0.0,TPEx,2026-10-05
5403,中菲,92.5,-0.2,TPEx,2026-10-05
5410,國眾,32.9,-0.2,TPEx,2026-10-05
5425,台半,105.5,3.5,TPEx,2026-10-05
5426,振發,29.15,-0.5,TPEx,2026-10-05
5432,新門,178.0,13.5,TPEx,2026-10-05
5438,東友,17.1,-0.25,TPEx,2026-10-05
5439,高技,261.0,8.0,TPEx,2026-10-05
5443,均豪,114.5,1.0,TPEx,2026-10-05
5450,南良,14.45,-0.15,TPEx,2026-10-05
5452,佶優,30.0,2.05,TPEx,2026-10-05
5455,昇益,30.8,0.1,TPEx,2026-10-05
5457,宣德,24.0,-0.4,TPEx,2026-10-05
5460,同協,17.55,0.15,TPEx,2026-10-05
5464,霖宏,93.9,3.2,TPEx,2026-10-05
5465,富驊,32.7,-0.4,TPEx,2026-10-05
5468,凱鈺,24.7,-0.5,TPEx,2026-10-05
5474,聰泰,159.5,-2.0,TPEx,2026-10-05
5475,德宏,184.0,3.5,TPEx,2026-10-05
5478,智冠,97.1,-0.5,TPEx,2026-10-05
5481,新華,21.7,-0.15,TPEx,2026-10-05
5483,中美晶,214.5,-7.0,TPEx,2026-10-05
5487,通泰,29.1,-0.2,TPEx,2026-10-05
5488,松普,12.05,-0.25,TPEx,2026-10-05
5489,彩富,41.7,-0.6,TPEx,2026-10-05
5490,同亨,25.25,-0.65,TPEx,2026-10-05
5493,三聯,90.3,-1.0,TPEx,2026-10-05
5498,凱崴,54.8,-0.8,TPEx,2026-10-05
5508,永信建,53.0,-0.7,TPEx,2026-10-05
5511,德昌,68.5,-0.5,TPEx,2026-10-05
5512,力麒,7.51,,TPEx,2026-10-05
5516,雙喜,12.0,0.25,TPEx,2026-10-05
5520,力泰,84.0,0.5,TPEx,2026-10-05
5523,豐謙,30.2,-0.1,TPEx,2026-10-05
5529,鉅陞,25.95,-0.1,TPEx,2026-10-05
5530,龍巖,48.25,-0.45,TPEx,2026-10-05
5536,聖暉*,954.0,-2.0,TPEx,2026-10-05
5543,桓鼎-KY,27.45,-0.05,TPEx,2026-10-05
5547,久舜,20.05,-0.15,TPEx,2026-10-05
5548,安倉,20.05,0.0,TPEx,2026-10-05
5603,陸海,13.55,0.0,TPEx,2026-10-05
5604,中連,31.75,0.35,TPEx,2026-10-05
5609,中菲行,77.7,-0.3,TPEx,2026-10-05
5701,劍湖山,4.05,-0.02,TPEx,2026-10-05
5703,亞都,13.5,0.0,TPEx,2026-10-05
5704,老爺知,22.5,0.05,TPEx,2026-10-05
5864,致和證,39.8,0.8,TPEx,2026-10-05
5878,台名,37.5,-0.3,TPEx,2026-10-05
5902,德記,34.1,-0.1,TPEx,2026-10-05
5903,全家,186.5,0.5,TPEx,2026-10-05
5904,寶雅*,68.8,0.4,TPEx,2026-10-05
5905,南仁湖,7.29,-0.04,TPEx,2026-10-05
6015,宏遠證,18.1,0.3,TPEx,2026-10-05
6016,康和證,24.35,0.45,TPEx,2026-10-05
6020,大展證,20.6,0.05,TPEx,2026-10-05
6021,美好證,42.75,0.95,TPEx,2026-10-05
6023,元大期,84.3,-0.4,TPEx,2026-10-05
6026,福邦證,16.0,0.05,TPEx,2026-10-05
6028,公勝保經,99.3,-0.5,TPEx,2026-10-05
6101,寬魚國際,37.35,-0.45,TPEx,2026-10-05
6103,合邦,35.9,-1.05,TPEx,2026-10-05
6104,創惟,90.7,-1.6,TPEx,2026-10-05
6109,亞元,10.4,0.05,TPEx,2026-10-05
6111,光聚晶電,37.0,-1.4,TPEx,2026-10-05
6113,亞矽,24.2,-0.25,TPEx,2026-10-05
6114,久威,23.3,-0.1,TPEx,2026-10-05
6118,建達,16.05,-0.1,TPEx,2026-10-05
6121,新普,382.0,-1.0,TPEx,2026-10-05
6122,擎邦,61.8,-2.1,TPEx,2026-10-05
6123,上奇,42.8,-0.25,TPEx,2026-10-05
6124,業強,27.2,0.1,TPEx,2026-10-05
6125,廣運,50.3,-0.6,TPEx,2026-10-05
6126,信音,33.4,2.15,TPEx,2026-10-05
6127,九豪,57.8,-0.6,TPEx,2026-10-05
6129,普誠,14.55,-0.25,TPEx,2026-10-05
6130,上亞科技,22.55,-1.05,TPEx,2026-10-05
6134,萬旭,29.1,0.2,TPEx,2026-10-05
6138,茂達,287.5,3.0,TPEx,2026-10-05
6140,訊達,19.7,-0.4,TPEx,2026-10-05
6143,振曜,80.1,-0.8,TPEx,2026-10-05
6144,得利影,13.05,-1.0,TPEx,2026-10-05
6146,耕興,181.0,-2.5,TPEx,2026-10-05
6147,頎邦,216.0,-7.0,TPEx,2026-10-05
6148,驊宏資,36.3,-1.8,TPEx,2026-10-05
6150,撼訊,66.3,-2.2,TPEx,2026-10-05
6151,晉倫,35.1,-0.1,TPEx,2026-10-05
6154,順發,14.2,0.0,TPEx,2026-10-05
6156,松上,22.25,-0.1,TPEx,2026-10-05
6158,禾昌,17.8,0.4,TPEx,2026-10-05
6160,欣技,13.95,0.05,TPEx,2026-10-05
6161,捷波,49.15,-0.5,TPEx,2026-10-05
6163,華電網,43.4,2.2,TPEx,2026-10-05
6167,久正,10.25,0.05,TPEx,2026-10-05
6170,統振,48.65,-0.6,TPEx,2026-10-05
6171,大城地產,24.0,-0.5,TPEx,2026-10-05
6173,信昌電,292.0,-11.0,TPEx,2026-10-05
6174,安碁,60.5,5.5,TPEx,2026-10-05
6175,立敦,75.2,-1.5,TPEx,2026-10-05
6179,亞通,35.75,-0.75,TPEx,2026-10-05
6180,橘子,41.35,0.15,TPEx,2026-10-05
6182,合晶,131.5,-3.5,TPEx,2026-10-05
6185,幃翔,12.45,0.0,TPEx,2026-10-05
6186,新潤,28.65,-0.25,TPEx,2026-10-05
6187,萬潤,1490.0,135.0,TPEx,2026-10-05
6188,廣明,61.6,-0.8,TPEx,2026-10-05
6190,萬泰科,77.4,6.6,TPEx,2026-10-05
6194,育富,30.05,0.1,TPEx,2026-10-05
6195,詩肯,28.1,0.0,TPEx,2026-10-05
6198,瑞築,19.45,-0.5,TPEx,2026-10-05
6199,天品,133.5,1.5,TPEx,2026-10-05
6203,海韻電,60.0,-0.3,TPEx,2026-10-05
6204,艾華,113.0,3.0,TPEx,2026-10-05
6207,雷科,152.0,4.0,TPEx,2026-10-05
6208,日揚,79.9,-0.5,TPEx,2026-10-05
6210,慶生,18.0,0.2,TPEx,2026-10-05
6212,理銘,32.0,-0.1,TPEx,2026-10-05
6217,中探針,178.0,0.5,TPEx,2026-10-05
6218,豪勉,61.4,-3.0,TPEx,2026-10-05
6219,富旺,12.15,0.0,TPEx,2026-10-05
6220,岳豐,25.3,-0.15,TPEx,2026-10-05
6221,晉泰,30.1,-0.15,TPEx,2026-10-05
6222,立軒,19.9,-0.05,TPEx,2026-10-05
6223,旺矽,5520.0,210.0,TPEx,2026-10-05
6227,茂綸,142.5,2.0,TPEx,2026-10-05
6228,全譜,18.0,-0.25,TPEx,2026-10-05
6229,研通,24.15,-0.05,TPEx,2026-10-05
6231,系微,236.0,-7.0,TPEx,2026-10-05
6233,旺玖,23.6,0.05,TPEx,2026-10-05
6234,高僑,38.85,-1.1,TPEx,2026-10-05
6237,驊訊,35.6,-0.7,TPEx,2026-10-05
6240,松崗,26.0,-0.4,TPEx,2026-10-05
6241,鑫永洋,16.25,0.0,TPEx,2026-10-05
6242,立康,33.85,0.0,TPEx,2026-10-05
6244,茂迪,23.25,-0.85,TPEx,2026-10-05
6245,立端,89.1,0.9,TPEx,2026-10-05
6246,臺龍,12.7,0.05,TPEx,2026-10-05
6248,沛波,17.15,-0.05,TPEx,2026-10-05
6259,百徽,33.15,0.5,TPEx,2026-10-05
6261,久元,78.1,-0.8,TPEx,2026-10-05
6263,普萊德,167.0,-2.5,TPEx,2026-10-05
6264,富裔,6.05,-0.3,TPEx,2026-10-05
6265,方土昶,49.05,-1.05,TPEx,2026-10-05
6266,泰詠,27.0,0.1,TPEx,2026-10-05
6270,倍微,30.25,-0.75,TPEx,2026-10-05
6274,台燿,1780.0,160.0,TPEx,2026-10-05
6275,元山,47.65,-0.2,TPEx,2026-10-05
6276,安鈦克,19.75,0.2,TPEx,2026-10-05
6279,胡連,116.5,-0.5,TPEx,2026-10-05
6284,佳邦,80.2,0.4,TPEx,2026-10-05
6290,良維,281.5,4.5,TPEx,2026-10-05
6291,沛亨,488.0,-5.0,TPEx,2026-10-05
6292,迅德,71.2,0.3,TPEx,2026-10-05
6294,智基,28.05,0.0,TPEx,2026-10-05
6411,晶焱,78.7,-0.8,TPEx,2026-10-05
6417,韋僑,102.5,-1.5,TPEx,2026-10-05
6418,詠昇,34.15,-0.5,TPEx,2026-10-05
6419,京晨科,171.5,15.5,TPEx,2026-10-05
6423,億而得,92.0,-3.5,TPEx,2026-10-05
6425,易發,76.6,-3.2,TPEx,2026-10-05
6432,今展科,67.1,0.5,TPEx,2026-10-05
6435,大中,276.5,-0.5,TPEx,2026-10-05
6441,廣錠,24.9,-0.05,TPEx,2026-10-05
6461,益得,26.7,0.25,TPEx,2026-10-05
6462,神盾,103.5,-2.5,TPEx,2026-10-05
6465,威潤,40.85,-1.25,TPEx,2026-10-05
6469,大樹,63.3,-1.2,TPEx,2026-10-05
6470,宇智,42.6,-0.15,TPEx,2026-10-05
6474,華豫寧,35.65,-0.1,TPEx,2026-10-05
6482,弘煜科,23.5,-0.7,TPEx,2026-10-05
6485,點序,79.0,-4.6,TPEx,2026-10-05
6486,互動,78.0,-2.9,TPEx,2026-10-05
6488,環球晶,1180.0,-10.0,TPEx,2026-10-05
6492,生華科,33.85,-0.55,TPEx,2026-10-05
6494,九齊,52.9,-0.4,TPEx,2026-10-05
6496,科懋,24.2,0.25,TPEx,2026-10-05
6498,久禾光,69.8,1.4,TPEx,2026-10-05
6499,益安,79.6,-0.2,TPEx,2026-10-05
6506,雙邦,18.65,0.05,TPEx,2026-10-05
6508,惠光,26.1,-0.4,TPEx,2026-10-05
6509,聚和,49.9,0.0,TPEx,2026-10-05
6510,精測,3105.0,35.0,TPEx,2026-10-05
6512,啟發電,20.2,0.0,TPEx,2026-10-05
6516,勤崴國際,56.6,0.1,TPEx,2026-10-05
6517,保勝光學,66.4,0.4,TPEx,2026-10-05
6523,達爾膚,89.0,-0.2,TPEx,2026-10-05
6527,明達醫,74.3,-0.5,TPEx,2026-10-05
6530,創威,98.5,-2.0,TPEx,2026-10-05
6532,瑞耘,112.0,-8.0,TPEx,2026-10-05
6535,順藥,85.0,0.0,TPEx,2026-10-05
6538,倉和,335.5,-37.0,TPEx,2026-10-05
6542,隆中,39.5,-0.5,TPEx,2026-10-05
6546,正基,60.8,0.5,TPEx,2026-10-05
6547,高端疫苗,60.4,-0.4,TPEx,2026-10-05
6548,長科*,78.0,1.3,TPEx,2026-10-05
6556,勝品,60.9,0.1,TPEx,2026-10-05
6560,欣普羅,31.2,-0.7,TPEx,2026-10-05
6561,是方,314.0,1.0,TPEx,2026-10-05
6568,宏觀,137.5,-3.5,TPEx,2026-10-05
6569,醫揚,91.7,-0.1,TPEx,2026-10-05
6570,維田,47.45,0.2,TPEx,2026-10-05
6574,霈方,120.0,0.5,TPEx,2026-10-05
6576,逸達,78.5,-0.5,TPEx,2026-10-05
6577,勁豐,80.5,-0.7,TPEx,2026-10-05
6578,達邦蛋白,16.35,-0.1,TPEx,2026-10-05
6584,南俊國際,541.0,10.0,TPEx,2026-10-05
6588,東典光電,111.5,-2.5,TPEx,2026-10-05
6590,普鴻,64.2,-1.3,TPEx,2026-10-05
6593,台灣銘板,31.8,-0.1,TPEx,2026-10-05
6596,寬宏藝術,96.3,-0.3,TPEx,2026-10-05
6597,立誠,64.9,1.9,TPEx,2026-10-05
6603,富強鑫,28.3,-0.95,TPEx,2026-10-05
6609,瀧澤科,39.05,-0.05,TPEx,2026-10-05
6612,奈米醫材,74.2,-2.3,TPEx,2026-10-05
6613,朋億*,284.5,3.5,TPEx,2026-10-05
6615,慧智,34.0,0.35,TPEx,2026-10-05
6616,特昇-KY,8.45,0.2,TPEx,2026-10-05
6617,共信-KY,127.5,-4.0,TPEx,2026-10-05
6620,漢達,146.0,2.5,TPEx,2026-10-05
6624,萬年清,39.5,1.15,TPEx,2026-10-05
6629,泰金-KY,103.0,-0.5,TPEx,2026-10-05
6637,醫影,53.4,0.0,TPEx,2026-10-05
6640,均華,1165.0,40.0,TPEx,2026-10-05
6642,富致,82.1,-1.5,TPEx,2026-10-05
6643,M31,508.0,-8.0,TPEx,2026-10-05
6649,台生材,37.15,-0.2,TPEx,2026-10-05
6651,全宇昕,156.0,5.5,TPEx,2026-10-05
6654,天正國際,219.0,0.0,TPEx,2026-10-05
6661,威健生技,16.6,-0.15,TPEx,2026-10-05
6664,群翊,385.0,7.0,TPEx,2026-10-05
6667,信紘科,264.5,4.5,TPEx,2026-10-05
6679,鈺太,206.5,-2.5,TPEx,2026-10-05
6680,鑫創電子,51.5,-0.1,TPEx,2026-10-05
6683,雍智科技,1440.0,-50.0,TPEx,2026-10-05
6684,安格,49.05,-0.95,TPEx,2026-10-05
6690,安碁資訊,177.0,1.0,TPEx,2026-10-05
6692,進能服,23.25,0.55,TPEx,2026-10-05
6693,廣閎科,215.5,9.5,TPEx,2026-10-05
6697,東捷資訊,41.1,-0.05,TPEx,2026-10-05
6703,軒郁,100.5,0.0,TPEx,2026-10-05
6708,天擎,68.6,6.2,TPEx,2026-10-05
6712,長聖,160.0,-1.0,TPEx,2026-10-05
6716,應廣,133.0,12.0,TPEx,2026-10-05
6720,久昌,124.5,-1.5,TPEx,2026-10-05
6721,信實,50.2,0.0,TPEx,2026-10-05
6725,矽科宏晟,223.0,2.5,TPEx,2026-10-05
6727,亞泰金屬,531.0,15.0,TPEx,2026-10-05
6728,上洋,108.5,0.0,TPEx,2026-10-05
6730,常廣,31.85,-0.1,TPEx,2026-10-05
6732,昇佳電子,153.5,-1.0,TPEx,2026-10-05
6733,博晟生醫,24.6,-0.5,TPEx,2026-10-05
6735,美達科技,66.3,-1.2,TPEx,2026-10-05
6739,竹陞科技,1125.0,-50.0,TPEx,2026-10-05
6741,91APP*-KY,54.9,-0.2,TPEx,2026-10-05
6751,智聯服務,44.45,-0.05,TPEx,2026-10-05
6752,叡揚,96.6,0.1,TPEx,2026-10-05
6761,穩得,169.5,1.5,TPEx,2026-10-05
6762,達亞,156.0,-5.0,TPEx,2026-10-05
6763,綠界科技*,41.1,-0.35,TPEx,2026-10-05
6785,昱展新藥,94.4,-0.3,TPEx,2026-10-05
6788,華景電,376.5,16.5,TPEx,2026-10-05
6791,虎門科技,99.5,-0.5,TPEx,2026-10-05
6803,崑鼎,265.5,-1.5,TPEx,2026-10-05
6804,明係,18.55,0.2,TPEx,2026-10-05
6811,宏碁資訊,246.5,6.5,TPEx,2026-10-05
6821,聯寶,45.5,-0.95,TPEx,2026-10-05
6823,濾能,60.8,-0.3,TPEx,2026-10-05
6829,千附精密,206.0,-2.0,TPEx,2026-10-05
6840,東研信超,97.0,-1.7,TPEx,2026-10-05
6841,長佳智能,55.6,-0.9,TPEx,2026-10-05
6843,進典,38.3,-0.3,TPEx,2026-10-05
6844,諾貝兒,56.9,-0.1,TPEx,2026-10-05
6846,綠茵,58.5,0.0,TPEx,2026-10-05
6855,數泓科,113.5,0.0,TPEx,2026-10-05
6856,鑫傳,41.75,0.1,TPEx,2026-10-05
6859,伯特光,123.0,0.5,TPEx,2026-10-05
6865,偉康科技,27.7,0.05,TPEx,2026-10-05
6870,騰雲,320.0,8.0,TPEx,2026-10-05
6872,浩宇生醫,22.5,-0.6,TPEx,2026-10-05
6874,倍力,69.7,-0.7,TPEx,2026-10-05
6875,國邑*,27.55,-2.35,TPEx,2026-10-05
6877,鏵友益,145.5,-6.5,TPEx,2026-10-05
6881,潤德,215.5,0.5,TPEx,2026-10-05
6884,海柏特,30.6,-0.75,TPEx,2026-10-05
6894,衛司特,358.0,-5.0,TPEx,2026-10-05
6895,宏碩系統,156.5,7.0,TPEx,2026-10-05
6899,創為精密,49.6,0.1,TPEx,2026-10-05
6903,巨漢,328.0,11.0,TPEx,2026-10-05
6904,伯鑫,123.0,1.0,TPEx,2026-10-05
6907,雅特力-KY,193.5,-7.0,TPEx,2026-10-05
6910,德鴻,25.8,-0.45,TPEx,2026-10-05
6913,鴻呈,130.0,0.0,TPEx,2026-10-05
6922,宸曜,215.0,2.5,TPEx,2026-10-05
6925,意藍,69.2,0.7,TPEx,2026-10-05
6929,佑全,21.85,-0.45,TPEx,2026-10-05
6945,圓祥生技,129.5,-6.5,TPEx,2026-10-05
6953,家碩,257.5,1.5,TPEx,2026-10-05
6961,旅天下,46.9,-0.5,TPEx,2026-10-05
6967,汎瑋材料,70.9,0.9,TPEx,2026-10-05
6968,萬達寵物,41.3,0.0,TPEx,2026-10-05
6971,惠民實業,23.75,0.3,TPEx,2026-10-05
6982,大井泵浦,45.0,0.0,TPEx,2026-10-05
6983,華洋精機,359.5,4.5,TPEx,2026-10-05
6986,和迅,44.0,0.0,TPEx,2026-10-05
6996,力領科技,165.5,-4.0,TPEx,2026-10-05
6997,博弘,66.5,-2.2,TPEx,2026-10-05
700019,宏捷科統一5C購01,0.18,0.05,TPEx,2026-10-05
700020,佳邦統一5C購01,0.15,-0.03,TPEx,2026-10-05
700021,長佳智統一5C購02,0.09,0.0,TPEx,2026-10-05
700022,華星光統一5C購01,3.6,-0.03,TPEx,2026-10-05
700023,新應材統一5B購02,0.03,0.0,TPEx,2026-10-05
700024,新應材統一64購02,0.24,0.03,TPEx,2026-10-05
700025,雙鴻統一5B購01,1.39,0.18,TPEx,2026-10-05
700186,中光電統一6A購01,0.07,0.0,TPEx,2026-10-05
700190,昇達科統一65購01,4.35,0.35,TPEx,2026-10-05
700192,朋程統一6A購01,0.41,0.01,TPEx,2026-10-05
700199,華景電統一61購01,1.04,0.14,TPEx,2026-10-05
700201,萬潤統一6A購01,4.16,0.54,TPEx,2026-10-05
700205,雙鴻統一61購01,1.08,-0.03,TPEx,2026-10-05
700206,雙鴻統一61購02,0.83,0.06,TPEx,2026-10-05
700207,雙鴻統一6A購01,1.18,0.07,TPEx,2026-10-05
700258,大綜統一6A購01,0.79,0.04,TPEx,2026-10-05
700261,宜鼎統一6A購01,4.28,0.0,TPEx,2026-10-05
700263,旺矽統一6A購01,3.55,0.19,TPEx,2026-10-05
700264,長聖統一6A購01,0.26,-0.02,TPEx,2026-10-05
700267,建榮統一6A購01,1.03,0.04,TPEx,2026-10-05
700271,新鉅科統一6A購01,0.23,0.0,TPEx,2026-10-05
700273,優群統一6A購01,0.23,0.0,TPEx,2026-10-05
700275,雙鴻統一6A購02,1.41,0.06,TPEx,2026-10-05
700276,鏵友益統一6A購01,0.72,-0.04,TPEx,2026-10-05
700330,旺矽凱基5A購01,20.1,0.8,TPEx,2026-10-05
700345,立碁統一6A購01,1.0,0.19,TPEx,2026-10-05
700346,良維統一6A購01,1.43,0.02,TPEx,2026-10-05
700354,聖暉*統一6A購01,0.5,0.02,TPEx,2026-10-05
700355,撼訊統一6A購01,0.31,-0.01,TPEx,2026-10-05
700357,聰泰統一6A購01,0.27,-0.02,TPEx,2026-10-05
700416,高技統一5A購01,0.01,0.0,TPEx,2026-10-05
700670,中光電統一6A購03,0.07,0.0,TPEx,2026-10-05
700676,高技統一6A購01,0.17,0.0,TPEx,2026-10-05
700677,高技統一6A購02,0.27,0.0,TPEx,2026-10-05
700681,鈊象統一6A購01,0.36,-0.03,TPEx,2026-10-05
700682,萬潤統一6A購02,5.15,0.51,TPEx,2026-10-05
700684,雍智統一6A購02,5.1,-0.7,TPEx,2026-10-05
700688,營邦統一6A購01,2.66,0.1,TPEx,2026-10-05
700709,神盾統一5C購02,0.05,-0.11,TPEx,2026-10-05
700711,華星光統一6A購01,3.6,0.17,TPEx,2026-10-05
700712,聖暉*統一6A購02,0.4,0.0,TPEx,2026-10-05
700754,台半統一5C購02,1.48,0.22,TPEx,2026-10-05
700757,竑騰統一5C購01,3.59,-0.01,TPEx,2026-10-05
700830,中美晶元大5A購01,2.8,-0.28,TPEx,2026-10-05
700843,世界統一5C購01,0.86,0.03,TPEx,2026-10-05
700850,臺慶科國票5C購01,1.56,0.05,TPEx,2026-10-05
700898,力旺統一5A購01,0.19,0.02,TPEx,2026-10-05
700899,力旺統一6A購01,0.98,0.01,TPEx,2026-10-05
700900,台半統一5C購03,0.9,0.2,TPEx,2026-10-05
700901,尼克森統一5C購01,0.39,0.15,TPEx,2026-10-05
700904,波若威統一6A購01,3.95,-0.02,TPEx,2026-10-05
700938,中美晶兆豐5A購01,5.25,-0.05,TPEx,2026-10-05
701131,元債20元大61購01,0.01,0.0,TPEx,2026-10-05
701211,威剛凱基5B購01,12.3,-0.2,TPEx,2026-10-05
701279,雙鴻國票5B購01,0.96,0.26,TPEx,2026-10-05
701311,雙鴻群益5B購01,0.83,-0.26,TPEx,2026-10-05
701400,台燿元大5B購02,11.4,1.4,TPEx,2026-10-05
701430,台燿統一5B購01,10.2,1.2,TPEx,2026-10-05
701431,台燿統一5B購02,12.6,1.6,TPEx,2026-10-05
701434,良維統一6B購01,0.84,0.01,TPEx,2026-10-05
701437,威剛統一5B購01,2.37,-0.02,TPEx,2026-10-05
701438,威剛統一6B購01,2.18,-0.04,TPEx,2026-10-05
701442,雙鴻統一6B購01,0.61,0.04,TPEx,2026-10-05
701471,台燿統一65購01,6.05,0.8,TPEx,2026-10-05
701473,穩懋統一5B購01,11.4,0.6,TPEx,2026-10-05
701474,穩懋統一6B購01,6.8,0.4,TPEx,2026-10-05
701592,竹陞統一6B購01,1.04,-0.03,TPEx,2026-10-05
701593,竹陞統一6B購02,0.92,-0.06,TPEx,2026-10-05
701624,竹陞統一5C購03,1.08,0.09,TPEx,2026-10-05
701625,竹陞統一6B購03,0.9,0.0,TPEx,2026-10-05
701692,台燿統一6B購01,4.96,0.64,TPEx,2026-10-05
701693,系統電統一5C購01,0.39,0.04,TPEx,2026-10-05
701694,系統電統一6B購01,0.54,0.03,TPEx,2026-10-05
701695,系統電統一6B購02,0.58,0.05,TPEx,2026-10-05
701696,宜鼎統一5A購01,3.22,0.1,TPEx,2026-10-05
701762,信昌電國票5B購01,31.7,0.7,TPEx,2026-10-05
701804,巨有統一6B購01,1.6,0.03,TPEx,2026-10-05
701805,濱川統一65購01,1.0,0.15,TPEx,2026-10-05
701806,濱川統一6B購01,0.57,0.05,TPEx,2026-10-05
701807,濱川統一6B購02,0.45,0.03,TPEx,2026-10-05
701808,濱川統一6B購03,0.56,0.03,TPEx,2026-10-05
701853,巨有統一6B購02,2.1,-0.09,TPEx,2026-10-05
702018,台燿凱基5B購02,41.1,1.4,TPEx,2026-10-05
702125,旺矽元大5B購01,4.66,0.18,TPEx,2026-10-05
702281,精測元大5C購01,1.48,0.15,TPEx,2026-10-05
702300,順達元大5B購01,1.32,0.14,TPEx,2026-10-05
702331,昇達科群益5C購01,19.6,3.0,TPEx,2026-10-05
702352,華電網國票5C購01,0.16,0.02,TPEx,2026-10-05
702363,順達元大5A購01,3.11,-0.84,TPEx,2026-10-05
702364,順達元大5B購02,1.19,0.04,TPEx,2026-10-05
702373,光焱永豐5C購01,0.74,-0.05,TPEx,2026-10-05
702386,訊聯凱基5C購01,0.1,0.0,TPEx,2026-10-05
702415,雍智元大5C購01,11.2,0.0,TPEx,2026-10-05
702467,順達凱基5B購01,3.27,-0.01,TPEx,2026-10-05
702560,昇達科中信5C購01,5.4,0.98,TPEx,2026-10-05
702576,富喬凱基5A購01,2.11,0.03,TPEx,2026-10-05
702578,新應材凱基5B購02,0.07,-0.01,TPEx,2026-10-05
702592,富喬國票5C購01,3.66,0.46,TPEx,2026-10-05
702593,富喬國票62購01,3.56,0.38,TPEx,2026-10-05
702605,系統電元大5C購01,0.3,0.04,TPEx,2026-10-05
702627,富喬富邦5C購01,1.86,0.11,TPEx,2026-10-05
702639,IET中信5C購01,5.75,-0.75,TPEx,2026-10-05
702641,富喬中信5C購01,0.8,0.08,TPEx,2026-10-05
702667,系統電元大5B購01,0.09,-0.01,TPEx,2026-10-05
702719,系統電元大5C購02,0.12,0.01,TPEx,2026-10-05
702752,台特化統一6C購01,0.25,-0.01,TPEx,2026-10-05
702753,精測統一66購01,0.92,0.01,TPEx,2026-10-05
702776,新應材永豐5C購01,0.69,0.07,TPEx,2026-10-05
702828,勤凱統一5C購01,1.4,0.28,TPEx,2026-10-05
702829,勤凱統一6C購01,1.5,0.2,TPEx,2026-10-05
702830,擎亞統一6C購01,1.04,-0.01,TPEx,2026-10-05
702884,家登元大5C購01,2.17,0.23,TPEx,2026-10-05
702885,高技元大5A購02,0.07,0.01,TPEx,2026-10-05
702886,高技元大5B購01,0.15,0.03,TPEx,2026-10-05
702951,新應材永豐5C購02,0.29,0.03,TPEx,2026-10-05
702987,穩懋元大5C購03,14.3,0.8,TPEx,2026-10-05
702990,華景電元富5C購01,1.83,0.31,TPEx,2026-10-05
703002,新應材永豐5C購03,0.57,0.06,TPEx,2026-10-05
703004,鑫科永豐5C購01,1.16,-0.08,TPEx,2026-10-05
703045,雙鴻中信5C購02,2.24,0.21,TPEx,2026-10-05
703049,順達永豐5C購01,2.76,0.05,TPEx,2026-10-05
703075,台特化元大5A購01,0.01,0.0,TPEx,2026-10-05
703093,順達中信5B購01,0.79,0.04,TPEx,2026-10-05
703102,穩懋永豐5C購01,19.2,1.1,TPEx,2026-10-05
703132,聖暉*元大5C購01,1.32,-0.02,TPEx,2026-10-05
703135,金山電統一5C購02,1.77,-0.11,TPEx,2026-10-05
703136,博智統一5C購01,1.03,0.07,TPEx,2026-10-05
703137,璟德統一5C購01,0.08,0.0,TPEx,2026-10-05
703271,湧德統一5C購02,0.13,0.0,TPEx,2026-10-05
703296,威剛群益5B購01,2.15,0.08,TPEx,2026-10-05
703339,台燿富邦61購01,12.6,1.9,TPEx,2026-10-05
703354,富喬凱基5B購01,1.27,0.57,TPEx,2026-10-05
703371,富喬國票5B購01,1.1,0.27,TPEx,2026-10-05
703372,富喬國票61購01,2.72,0.46,TPEx,2026-10-05
703380,富喬群益5B購01,0.58,0.17,TPEx,2026-10-05
703389,富喬統一65購01,0.6,0.06,TPEx,2026-10-05
703390,撼訊統一65購01,0.34,-0.03,TPEx,2026-10-05
703400,信驊中信61購01,10.6,0.6,TPEx,2026-10-05
703401,富喬中信61購01,0.59,0.11,TPEx,2026-10-05
703418,富喬元大5B購01,0.62,0.17,TPEx,2026-10-05
703420,富喬元大61購02,0.92,0.11,TPEx,2026-10-05
703443,安碁元富61購01,1.14,0.02,TPEx,2026-10-05
703463,台特化統一62購01,0.2,-0.03,TPEx,2026-10-05
703465,台特化統一71購01,0.37,-0.02,TPEx,2026-10-05
703466,台燿統一5C購03,7.95,0.15,TPEx,2026-10-05
703468,宏捷科統一71購01,0.53,0.06,TPEx,2026-10-05
703471,欣銓統一61購01,2.38,0.06,TPEx,2026-10-05
703473,欣銓統一6C購01,1.47,0.0,TPEx,2026-10-05
703475,茂迪統一65購01,0.3,-0.06,TPEx,2026-10-05
703477,雙鴻統一61購04,0.85,0.05,TPEx,2026-10-05
703478,穩得統一65購01,0.45,0.0,TPEx,2026-10-05
703481,穩懋統一5C購02,7.7,0.5,TPEx,2026-10-05
703483,穩懋統一6C購01,4.17,0.24,TPEx,2026-10-05
703581,臺慶科凱基5C購01,1.89,0.19,TPEx,2026-10-05
703618,長科*統一64購01,1.3,0.06,TPEx,2026-10-05
703619,家登統一6C購01,0.89,0.03,TPEx,2026-10-05
703632,穩懋凱基5C購01,19.3,1.8,TPEx,2026-10-05
703651,家登元大5C購02,1.83,0.09,TPEx,2026-10-05
703652,湧德元大61購01,0.38,-0.01,TPEx,2026-10-05
703660,聖暉*元大5C購02,1.04,0.02,TPEx,2026-10-05
703682,家登元大5C購03,1.35,0.07,TPEx,2026-10-05
703771,系統電凱基5C購01,0.39,0.06,TPEx,2026-10-05
703785,世界國票61購01,3.57,-0.17,TPEx,2026-10-05
703837,系統電元大5B購02,0.08,0.01,TPEx,2026-10-05
703839,聖暉*元大5B購01,2.38,-0.01,TPEx,2026-10-05
703861,世界統一71購01,0.95,-0.03,TPEx,2026-10-05
703862,巨漢統一61購01,0.61,0.07,TPEx,2026-10-05
703866,均豪統一61購02,0.48,0.01,TPEx,2026-10-05
703868,捷創統一61購02,0.14,0.0,TPEx,2026-10-05
703869,捷創統一71購01,0.35,0.01,TPEx,2026-10-05
703871,富強鑫統一71購01,0.54,-0.07,TPEx,2026-10-05
703873,崴寶統一71購01,1.17,0.01,TPEx,2026-10-05
703874,鉅橡統一61購01,0.38,0.03,TPEx,2026-10-05
703875,鉅橡統一61購02,0.34,0.04,TPEx,2026-10-05
703876,鉅橡統一61購03,0.3,0.05,TPEx,2026-10-05
703877,鉅橡統一71購01,0.5,0.06,TPEx,2026-10-05
703878,精材統一71購01,3.3,0.46,TPEx,2026-10-05
703879,臺慶科統一71購01,0.99,0.04,TPEx,2026-10-05
703881,穩懋統一61購03,4.57,0.29,TPEx,2026-10-05
703882,穩懋統一71購01,3.3,0.13,TPEx,2026-10-05
703895,穩懋國票5A購02,19.6,1.7,TPEx,2026-10-05
703902,中美晶永豐5A購01,4.91,-0.79,TPEx,2026-10-05
703914,聖暉*凱基61購01,1.66,-0.04,TPEx,2026-10-05
703923,創惟國票61購01,0.14,-0.01,TPEx,2026-10-05
703942,聖暉*元大5B購02,1.99,0.01,TPEx,2026-10-05
703962,中美晶統一61購01,1.99,-0.1,TPEx,2026-10-05
703963,中探針統一71購01,3.62,0.12,TPEx,2026-10-05
703965,世界統一5B購01,1.7,0.0,TPEx,2026-10-05
703966,台半統一71購01,1.62,0.1,TPEx,2026-10-05
703967,台半統一71購02,1.14,0.04,TPEx,2026-10-05
703968,台星科統一71購01,0.96,-0.04,TPEx,2026-10-05
703969,弘塑統一61購02,1.07,0.14,TPEx,2026-10-05
703970,弘塑統一61購03,1.33,0.12,TPEx,2026-10-05
703971,光頡統一61購02,3.36,0.04,TPEx,2026-10-05
703974,長科*統一64購02,1.09,0.01,TPEx,2026-10-05
703975,佶優統一71購01,0.49,0.05,TPEx,2026-10-05
703978,富強鑫統一61購02,0.12,-0.04,TPEx,2026-10-05
703979,順達統一5C購05,0.94,0.06,TPEx,2026-10-05
703980,順達統一61購01,0.7,0.04,TPEx,2026-10-05
703981,萬潤統一61購01,8.75,1.15,TPEx,2026-10-05
703982,鉅橡統一64購01,0.47,0.07,TPEx,2026-10-05
703984,廣明統一61購01,0.01,0.0,TPEx,2026-10-05
703985,穩懋統一63購01,4.49,0.23,TPEx,2026-10-05
704011,元太統一61購01,0.08,0.0,TPEx,2026-10-05
704012,世禾統一71購01,0.42,0.01,TPEx,2026-10-05
704013,台半統一61購01,1.54,0.31,TPEx,2026-10-05
704015,台燿統一71購01,3.78,0.48,TPEx,2026-10-05
704016,巨漢統一61購02,0.55,0.04,TPEx,2026-10-05
704017,巨漢統一71購01,0.85,0.03,TPEx,2026-10-05
704019,均華統一61購01,0.97,0.05,TPEx,2026-10-05
704020,宏捷科統一61購02,0.39,0.1,TPEx,2026-10-05
704023,金益鼎統一61購01,0.14,-0.02,TPEx,2026-10-05
704024,佶優統一61購01,0.47,0.11,TPEx,2026-10-05
704025,創惟統一61購01,0.15,0.0,TPEx,2026-10-05
704028,穩懋統一65購01,3.83,0.24,TPEx,2026-10-05
704029,穩懋統一71購02,3.59,0.21,TPEx,2026-10-05
704041,聖暉*元大5C購03,0.92,0.01,TPEx,2026-10-05
704051,信驊群益61購01,9.2,0.85,TPEx,2026-10-05
704080,世禾富邦5C購01,0.1,-0.01,TPEx,2026-10-05
704082,群翊富邦5A購01,0.42,0.06,TPEx,2026-10-05
704086,世界統一64購01,0.92,-0.03,TPEx,2026-10-05
704087,世紀*統一71購01,1.13,-0.09,TPEx,2026-10-05
704089,台半統一61購02,1.43,0.2,TPEx,2026-10-05
704090,台半統一71購03,1.39,0.06,TPEx,2026-10-05
704091,巨漢統一71購02,0.69,0.04,TPEx,2026-10-05
704093,系統電統一71購01,0.43,-0.01,TPEx,2026-10-05
704096,金山電統一71購01,1.16,-0.05,TPEx,2026-10-05
704097,金益鼎統一71購01,0.34,-0.02,TPEx,2026-10-05
704100,信昌電統一71購01,2.75,-0.35,TPEx,2026-10-05
704101,家登統一61購02,0.51,0.05,TPEx,2026-10-05
704109,穩懋統一61購05,4.43,0.28,TPEx,2026-10-05
704202,鑫科永豐61購01,0.31,-0.02,TPEx,2026-10-05
704203,中美晶統一71購01,1.36,-0.12,TPEx,2026-10-05
704205,世紀*統一61購01,0.75,-0.28,TPEx,2026-10-05
704206,世紀*統一71購03,0.76,-0.08,TPEx,2026-10-05
704207,合晶統一71購01,4.08,-0.01,TPEx,2026-10-05
704210,宜鼎統一61購02,1.84,0.08,TPEx,2026-10-05
704215,松瑞藥統一61購01,0.34,-0.02,TPEx,2026-10-05
704217,信昌電統一61購03,7.9,0.0,TPEx,2026-10-05
704218,信昌電統一71購02,3.28,-0.27,TPEx,2026-10-05
704219,家登統一61購03,0.78,0.1,TPEx,2026-10-05
704220,家登統一71購01,0.85,0.04,TPEx,2026-10-05
704221,高鋒統一61購01,0.18,-0.01,TPEx,2026-10-05
704225,廣運統一71購01,0.34,0.01,TPEx,2026-10-05
704244,富喬元大5A購01,1.03,0.26,TPEx,2026-10-05
704256,富喬永豐5B購01,1.28,0.28,TPEx,2026-10-05
704257,富喬永豐5C購01,1.25,0.14,TPEx,2026-10-05
704258,富喬永豐64購01,2.13,0.28,TPEx,2026-10-05
704260,聖暉*永豐61購01,1.67,0.03,TPEx,2026-10-05
704280,世界統一71購02,0.77,0.0,TPEx,2026-10-05
704281,台星科統一61購02,0.53,-0.04,TPEx,2026-10-05
704282,宜鼎統一71購01,2.13,0.01,TPEx,2026-10-05
704287,富喬統一61購01,0.42,0.04,TPEx,2026-10-05
704288,富喬統一61購02,0.75,0.11,TPEx,2026-10-05
704289,富喬統一61購03,0.81,0.08,TPEx,2026-10-05
704290,富喬統一61購04,0.58,0.11,TPEx,2026-10-05
704291,富喬統一64購01,0.82,0.09,TPEx,2026-10-05
704292,富喬統一65購02,0.67,0.06,TPEx,2026-10-05
704293,富喬統一6C購01,0.74,0.14,TPEx,2026-10-05
704294,富喬統一71購01,0.77,0.06,TPEx,2026-10-05
704295,富喬統一71購02,0.66,0.08,TPEx,2026-10-05
704296,湧德統一71購01,0.41,0.01,TPEx,2026-10-05
704315,系統電元大5B購03,0.16,0.04,TPEx,2026-10-05
704320,鈊象元大5A購01,0.12,-0.1,TPEx,2026-10-05
704321,勤凱元大61購02,2.24,0.5,TPEx,2026-10-05
704322,聖暉*元大61購01,3.07,-0.03,TPEx,2026-10-05
704351,精測統一61購01,0.41,0.01,TPEx,2026-10-05
704352,精測統一61購02,0.44,0.04,TPEx,2026-10-05
704353,精測統一71購01,1.1,0.02,TPEx,2026-10-05
704358,竹陞永豐5A購01,3.18,0.06,TPEx,2026-10-05
704365,精測永豐5A購01,0.2,0.01,TPEx,2026-10-05
704370,世界國票5B購01,0.92,-0.05,TPEx,2026-10-05
704373,精測國票5A購01,0.08,-0.04,TPEx,2026-10-05
704374,精測國票5A購02,0.15,-0.03,TPEx,2026-10-05
704394,系統電元大61購01,0.36,0.05,TPEx,2026-10-05
704401,信昌電富邦5C購01,10.2,-0.8,TPEx,2026-10-05
704403,高鋒統一61購02,0.15,-0.03,TPEx,2026-10-05
704404,精測統一5C購01,0.35,0.04,TPEx,2026-10-05
704409,精測永豐5A購02,0.09,0.01,TPEx,2026-10-05
704421,中美晶元大5C購01,3.1,-0.37,TPEx,2026-10-05
704424,湧德元大61購02,0.16,0.01,TPEx,2026-10-05
704492,鈊象元大5B購01,0.7,0.02,TPEx,2026-10-05
704494,精材元大5A購01,12.8,0.7,TPEx,2026-10-05
704495,精材元大5B購02,10.6,1.1,TPEx,2026-10-05
704506,系統電永豐5C購01,0.29,-0.03,TPEx,2026-10-05
704507,亞電永豐5B購01,2.12,-0.02,TPEx,2026-10-05
704533,大中統一71購01,1.72,0.06,TPEx,2026-10-05
704534,台半統一5C購04,1.77,0.46,TPEx,2026-10-05
704535,台燿統一66購01,6.75,0.95,TPEx,2026-10-05
704536,尼克森統一5B購01,0.97,0.34,TPEx,2026-10-05
704537,巨漢統一5C購01,0.55,0.05,TPEx,2026-10-05
704540,宏捷科統一61購03,0.29,0.1,TPEx,2026-10-05
704541,系統電統一64購01,0.47,0.02,TPEx,2026-10-05
704542,宜鼎統一5B購01,2.37,0.05,TPEx,2026-10-05
704544,宜鼎統一71購02,1.27,0.03,TPEx,2026-10-05
704546,長科*統一71購01,0.77,0.01,TPEx,2026-10-05
704547,佶優統一61購02,0.17,0.04,TPEx,2026-10-05
704548,昱展統一61購01,0.01,0.0,TPEx,2026-10-05
704549,茂迪統一5B購01,0.22,-0.05,TPEx,2026-10-05
704550,能率亞統一61購02,0.47,-0.02,TPEx,2026-10-05
704551,能率亞統一71購01,0.61,-0.01,TPEx,2026-10-05
704552,順達統一63購01,1.1,0.06,TPEx,2026-10-05
704553,雍智統一71購01,5.3,-0.2,TPEx,2026-10-05
704560,系統電凱基5B購01,0.28,0.08,TPEx,2026-10-05
704567,萬泰科永豐5B購01,3.85,1.27,TPEx,2026-10-05
704590,能率亞統一63購01,0.53,-0.04,TPEx,2026-10-05
704591,能率亞統一71購02,0.8,-0.04,TPEx,2026-10-05
704605,系統電凱基5B購02,0.51,-0.01,TPEx,2026-10-05
704620,博智群益5B購01,2.52,0.22,TPEx,2026-10-05
704628,中光電統一61購01,0.03,0.0,TPEx,2026-10-05
704665,鈊象元大5C購01,0.63,-0.04,TPEx,2026-10-05
704685,穩懋永豐5A購02,13.3,1.5,TPEx,2026-10-05
704712,精材元大61購04,5.7,0.65,TPEx,2026-10-05
704725,家登永豐5B購01,2.17,0.27,TPEx,2026-10-05
704745,宜特國票5B購01,0.03,-0.02,TPEx,2026-10-05
704766,精材元大61購05,8.0,1.2,TPEx,2026-10-05
704775,博智群益62購01,1.96,0.08,TPEx,2026-10-05
704781,點序群益62購01,0.16,-0.04,TPEx,2026-10-05
704794,擎亞永豐5B購01,0.5,-0.02,TPEx,2026-10-05
704842,台星科富邦5B購01,0.43,-0.03,TPEx,2026-10-05
704895,世界統一62購01,0.75,-0.02,TPEx,2026-10-05
704896,台星科統一62購01,0.76,-0.06,TPEx,2026-10-05
704897,台燿統一62購01,6.35,0.95,TPEx,2026-10-05
704899,長科*統一61購01,0.98,0.01,TPEx,2026-10-05
704900,茂達統一62購01,0.54,0.02,TPEx,2026-10-05
704902,訊聯統一72購01,0.28,-0.02,TPEx,2026-10-05
704904,新復興統一72購01,0.21,0.0,TPEx,2026-10-05
704905,穩懋統一72購01,3.41,0.29,TPEx,2026-10-05
704925,系統電元大62購01,0.41,0.04,TPEx,2026-10-05
704937,茂迪富邦61購01,0.16,-0.03,TPEx,2026-10-05
704945,良維統一5C購01,2.03,0.19,TPEx,2026-10-05
704946,閎康統一72購01,0.65,0.05,TPEx,2026-10-05
704947,順達統一65購01,0.85,0.01,TPEx,2026-10-05
704948,雙鴻統一5C購01,1.7,0.13,TPEx,2026-10-05
704951,鑫科統一72購01,0.67,-0.02,TPEx,2026-10-05
704954,系微兆豐62購01,2.17,-0.24,TPEx,2026-10-05
704997,雙鴻元大5B購01,1.67,0.23,TPEx,2026-10-05
704998,雙鴻元大61購02,1.56,0.51,TPEx,2026-10-05
705002,世界富邦5C購02,1.08,-0.07,TPEx,2026-10-05
705003,世界統一72購01,0.93,-0.03,TPEx,2026-10-05
705005,茂迪統一72購01,0.37,-0.04,TPEx,2026-10-05
705006,茂達統一61購02,0.58,0.03,TPEx,2026-10-05
705009,穩懋統一72購03,3.53,0.14,TPEx,2026-10-05
705010,穩懋統一72購04,3.19,0.16,TPEx,2026-10-05
705013,台燿永豐61購01,21.6,3.5,TPEx,2026-10-05
705038,宏觀國票5C購01,0.1,-0.01,TPEx,2026-10-05
705063,穩懋元大61購02,3.98,0.23,TPEx,2026-10-05
705084,精測群益62購03,0.43,-0.02,TPEx,2026-10-05
705089,新應材富邦63購01,0.23,0.03,TPEx,2026-10-05
705091,正淩統一62購01,0.46,-0.05,TPEx,2026-10-05
705092,正淩統一65購01,0.46,-0.03,TPEx,2026-10-05
705096,精測統一62購01,0.11,0.0,TPEx,2026-10-05
705098,精測統一72購01,1.27,0.06,TPEx,2026-10-05
705099,雙鴻統一62購03,0.95,0.09,TPEx,2026-10-05
705111,系統電永豐61購01,1.14,0.2,TPEx,2026-10-05
705114,新應材永豐61購01,0.82,0.07,TPEx,2026-10-05
705126,大中統一62購01,1.72,0.18,TPEx,2026-10-05
705128,良維統一72購01,1.38,0.03,TPEx,2026-10-05
705129,宜特統一72購01,0.66,0.0,TPEx,2026-10-05
705130,長科*統一72購01,1.21,0.0,TPEx,2026-10-05
705132,茂迪統一72購02,0.4,-0.04,TPEx,2026-10-05
705136,鏵友益統一72購01,1.13,-0.12,TPEx,2026-10-05
705138,良維中信5C購01,2.06,0.1,TPEx,2026-10-05
705143,正淩國票5B購01,0.27,-0.05,TPEx,2026-10-05
705171,系統電凱基61購01,0.91,0.12,TPEx,2026-10-05
705179,雙鴻凱基5C購02,2.08,0.34,TPEx,2026-10-05
705186,閎康富邦5A購01,0.47,-0.01,TPEx,2026-10-05
705188,元太統一62購01,0.17,0.0,TPEx,2026-10-05
705190,弘塑統一72購01,1.3,0.1,TPEx,2026-10-05
705191,正淩統一72購01,0.68,-0.03,TPEx,2026-10-05
705193,宜鼎統一72購01,1.29,0.01,TPEx,2026-10-05
705196,雙鴻統一72購01,1.25,0.06,TPEx,2026-10-05
705213,雙鴻元大61購04,1.82,0.16,TPEx,2026-10-05
705215,崴寶永豐5B購01,0.88,0.02,TPEx,2026-10-05
705223,雙鴻元富5A購06,1.25,0.05,TPEx,2026-10-05
705235,力旺凱基5B購01,15.8,1.2,TPEx,2026-10-05
705238,穩懋凱基61購01,5.4,0.58,TPEx,2026-10-05
705257,力旺統一65購01,1.35,-0.04,TPEx,2026-10-05
705258,力旺統一72購01,1.51,0.0,TPEx,2026-10-05
705259,凡甲統一72購01,0.55,0.01,TPEx,2026-10-05
705260,凡甲統一72購02,0.67,0.01,TPEx,2026-10-05
705261,元太統一62購02,0.21,0.02,TPEx,2026-10-05
705262,元太統一72購01,0.28,0.0,TPEx,2026-10-05
705266,博智統一72購01,1.28,0.08,TPEx,2026-10-05
705267,閎康統一72購02,0.88,0.08,TPEx,2026-10-05
705268,雙鴻統一62購04,0.8,0.0,TPEx,2026-10-05
705269,穩懋統一65購02,2.94,0.19,TPEx,2026-10-05
705284,力旺元大5A購03,2.75,-0.11,TPEx,2026-10-05
705289,鈊象元大5C購02,1.65,0.01,TPEx,2026-10-05
705300,鈊象凱基61購01,2.18,-0.01,TPEx,2026-10-05
705307,富喬富邦5B購01,0.66,0.12,TPEx,2026-10-05
705310,博智統一72購02,0.88,0.01,TPEx,2026-10-05
705311,富喬統一62購01,0.65,0.07,TPEx,2026-10-05
705312,富喬統一62購02,0.63,0.1,TPEx,2026-10-05
705313,精材統一65購01,4.25,0.35,TPEx,2026-10-05
705314,精材統一72購01,2.45,0.31,TPEx,2026-10-05
705324,富喬國票5A購01,1.35,0.41,TPEx,2026-10-05
705331,富喬元大5B購02,0.54,0.11,TPEx,2026-10-05
705333,鈊象元大5C購03,1.45,-0.04,TPEx,2026-10-05
705337,穩懋元大61購04,3.7,0.27,TPEx,2026-10-05
705341,富喬群益5A購01,0.57,0.16,TPEx,2026-10-05
705343,弘塑永豐5B購01,3.11,0.1,TPEx,2026-10-05
705346,富喬永豐5A購02,0.62,0.15,TPEx,2026-10-05
705347,富喬永豐61購01,1.01,0.14,TPEx,2026-10-05
705348,富喬永豐65購01,1.22,0.14,TPEx,2026-10-05
705349,雙鴻永豐5B購01,1.74,0.19,TPEx,2026-10-05
705357,穩懋凱基61購02,10.6,0.4,TPEx,2026-10-05
705360,中美晶元大5B購01,4.08,-0.05,TPEx,2026-10-05
705365,雙鴻元大5B購02,1.95,0.09,TPEx,2026-10-05
705370,穩懋元大61購05,2.8,0.44,TPEx,2026-10-05
705372,力致統一64購01,0.36,0.05,TPEx,2026-10-05
705374,元太統一72購02,0.33,0.0,TPEx,2026-10-05
705375,台燿統一62購02,6.2,0.95,TPEx,2026-10-05
705378,宏捷科統一61購04,0.38,0.09,TPEx,2026-10-05
705380,系統電統一5C購02,0.35,0.04,TPEx,2026-10-05
705381,系微統一64購01,0.58,-0.07,TPEx,2026-10-05
705382,亞泰統一72購02,3.06,0.06,TPEx,2026-10-05
705386,茂達統一72購01,0.85,0.04,TPEx,2026-10-05
705388,能率統一72購01,0.41,-0.01,TPEx,2026-10-05
705389,富強鑫統一72購01,0.67,-0.05,TPEx,2026-10-05
705391,新漢統一72購01,0.39,-0.01,TPEx,2026-10-05
705392,萬潤統一62購01,6.2,0.9,TPEx,2026-10-05
705397,穩得統一72購01,0.81,0.01,TPEx,2026-10-05
705398,穩懋統一61購06,3.51,0.08,TPEx,2026-10-05
705399,穩懋統一62購01,2.4,0.13,TPEx,2026-10-05
705400,穩懋統一62購02,3.85,0.32,TPEx,2026-10-05
705401,穩懋統一62購03,2.52,0.28,TPEx,2026-10-05
705433,中美晶凱基5C購01,5.85,-0.4,TPEx,2026-10-05
705437,弘塑凱基5C購01,4.96,0.54,TPEx,2026-10-05
705443,新應材兆豐5B購01,0.05,0.01,TPEx,2026-10-05
705476,雙鴻元大61購05,2.01,0.08,TPEx,2026-10-05
705478,台特化統一73購01,0.56,-0.02,TPEx,2026-10-05
705479,良維統一61購01,1.15,0.02,TPEx,2026-10-05
705480,良維統一63購01,0.9,0.05,TPEx,2026-10-05
705481,亞泰統一62購01,7.2,0.65,TPEx,2026-10-05
705483,新應材統一62購02,0.17,0.02,TPEx,2026-10-05
705485,萬潤統一73購01,4.87,0.67,TPEx,2026-10-05
705487,穩懋統一66購01,2.13,0.16,TPEx,2026-10-05
705488,穩懋統一73購01,2.43,0.14,TPEx,2026-10-05
705489,穩懋統一73購02,2.36,0.09,TPEx,2026-10-05
705492,世界永豐5B購02,3.89,-0.39,TPEx,2026-10-05
705502,萬潤永豐5B購01,12.0,2.0,TPEx,2026-10-05
705504,雙鴻永豐5C購01,2.55,-0.19,TPEx,2026-10-05
705519,均華兆豐63購01,3.16,0.13,TPEx,2026-10-05
705534,雙鴻凱基5B購01,1.12,0.2,TPEx,2026-10-05
705544,萬潤元大5B購01,13.1,2.1,TPEx,2026-10-05
705548,雙鴻元大61購06,0.81,0.06,TPEx,2026-10-05
705552,穩懋元大5B購04,2.34,0.23,TPEx,2026-10-05
705553,穩懋元大5C購04,1.98,0.16,TPEx,2026-10-05
705555,中探針永豐5C購01,3.68,-0.02,TPEx,2026-10-05
705557,茂迪永豐5C購01,0.02,-0.01,TPEx,2026-10-05
705560,萬潤永豐5C購01,4.51,0.81,TPEx,2026-10-05
705565,穩懋永豐5C購02,2.62,0.19,TPEx,2026-10-05
705570,世界凱基5C購01,1.41,-0.08,TPEx,2026-10-05
705581,良維永豐5B購01,0.96,0.07,TPEx,2026-10-05
705589,鏵友益永豐5C購01,0.94,-0.2,TPEx,2026-10-05
705599,雙鴻元大61購07,1.0,-0.01,TPEx,2026-10-05
705604,良維國票67購01,2.44,0.1,TPEx,2026-10-05
705610,精材國票5C購01,11.7,0.0,TPEx,2026-10-05
705617,良維群益5B購02,0.62,0.0,TPEx,2026-10-05
705671,鈊象富邦5B購01,0.47,-0.03,TPEx,2026-10-05
705672,聖暉*富邦5B購01,0.73,-0.03,TPEx,2026-10-05
705675,雙鴻富邦5C購01,1.18,0.03,TPEx,2026-10-05
705676,雙鴻富邦5C購02,0.82,0.09,TPEx,2026-10-05
705677,譜瑞富邦5C購01,2.6,0.0,TPEx,2026-10-05
705702,宏捷科國票62購01,0.29,0.09,TPEx,2026-10-05
705711,台特化元大5C購01,0.42,0.0,TPEx,2026-10-05
705719,宜鼎元大61購02,2.29,0.39,TPEx,2026-10-05
705728,台特化群益62購01,0.27,-0.02,TPEx,2026-10-05
705739,系統電永豐64購01,1.33,0.04,TPEx,2026-10-05
705755,雙鴻凱基5C購03,3.08,-0.15,TPEx,2026-10-05
705759,台特化元大5C購02,0.11,-0.03,TPEx,2026-10-05
705770,新應材元大61購01,0.2,0.02,TPEx,2026-10-05
705774,雙鴻元大61購09,2.14,0.13,TPEx,2026-10-05
705781,鏵友益國票5B購01,0.6,-0.24,TPEx,2026-10-05
705783,良維中信61購01,1.12,0.03,TPEx,2026-10-05
705785,新應材永豐63購01,0.84,0.01,TPEx,2026-10-05
705791,宏捷科元富5C購01,0.73,0.19,TPEx,2026-10-05
705800,大綜統一73購01,0.82,-0.03,TPEx,2026-10-05
705801,印能統一62購01,1.88,0.0,TPEx,2026-10-05
705804,環球晶統一63購01,4.22,0.04,TPEx,2026-10-05
705805,環球晶統一63購02,4.41,0.04,TPEx,2026-10-05
705806,環球晶統一73購01,3.6,0.12,TPEx,2026-10-05
705807,環球晶統一73購02,2.74,-0.06,TPEx,2026-10-05
705808,前鼎國泰5A購01,12.0,-1.0,TPEx,2026-10-05
705816,寶雅國票5A購01,0.75,-0.09,TPEx,2026-10-05
705819,台星科永豐5C購01,1.24,-0.11,TPEx,2026-10-05
705823,前鼎永豐5C購01,4.72,0.49,TPEx,2026-10-05
705826,順達永豐61購01,3.31,0.0,TPEx,2026-10-05
705841,元太元大5B購01,0.26,0.01,TPEx,2026-10-05
705847,新應材元大61購02,0.28,0.02,TPEx,2026-10-05
705853,雙鴻元大61購10,1.95,0.11,TPEx,2026-10-05
705854,台特化統一63購03,0.24,-0.01,TPEx,2026-10-05
705856,印能統一73購01,1.62,-0.04,TPEx,2026-10-05
705858,良維統一73購01,0.56,0.05,TPEx,2026-10-05
705859,旺矽統一73購01,3.05,0.06,TPEx,2026-10-05
705860,順達統一73購01,0.62,0.01,TPEx,2026-10-05
705861,新應材統一73購01,0.3,0.02,TPEx,2026-10-05
705863,德微統一73購01,2.1,-0.01,TPEx,2026-10-05
705871,信驊凱基61購02,6.9,0.15,TPEx,2026-10-05
705874,鈊象凱基61購02,1.92,0.0,TPEx,2026-10-05
705875,新應材凱基61購01,0.17,0.02,TPEx,2026-10-05
705878,弘塑富邦5B購01,1.58,0.31,TPEx,2026-10-05
705879,良維富邦5B購01,0.69,0.05,TPEx,2026-10-05
705909,新應材兆豐5B購02,0.02,0.0,TPEx,2026-10-05
705923,弘塑永豐5B購02,0.62,0.13,TPEx,2026-10-05
705926,新應材永豐5C購04,0.05,0.01,TPEx,2026-10-05
705927,新應材永豐63購02,0.17,0.02,TPEx,2026-10-05
705928,雙鴻永豐63購01,2.02,0.18,TPEx,2026-10-05
705931,台半國票5A購01,5.75,0.92,TPEx,2026-10-05
705932,弘塑國票5A購01,0.33,0.12,TPEx,2026-10-05
705933,宜鼎國票5C購01,3.95,0.27,TPEx,2026-10-05
705935,胡連國票5A購01,0.01,-0.02,TPEx,2026-10-05
705936,順達國票5A購01,0.51,-0.06,TPEx,2026-10-05
705940,新應材國票5C購01,0.06,-0.01,TPEx,2026-10-05
705941,群翊國票5A購01,2.1,0.38,TPEx,2026-10-05
705944,新應材富邦5C購02,0.07,0.01,TPEx,2026-10-05
705946,宏捷科統一63購01,0.34,0.08,TPEx,2026-10-05
705947,系微統一73購01,0.64,-0.04,TPEx,2026-10-05
705949,良維統一73購02,0.86,0.02,TPEx,2026-10-05
705950,宜特統一73購01,0.5,0.01,TPEx,2026-10-05
705952,前鼎統一73購01,1.76,0.11,TPEx,2026-10-05
705954,鈺太統一66購01,0.21,0.0,TPEx,2026-10-05
705969,新應材元大61購03,0.09,0.0,TPEx,2026-10-05
705986,世紀*國票5A購01,3.85,-1.55,TPEx,2026-10-05
705989,雙鴻國票5A購02,8.0,0.3,TPEx,2026-10-05
705998,神盾群益5B購01,2.23,-0.06,TPEx,2026-10-05
706004,精材中信61購01,5.3,0.3,TPEx,2026-10-05
706011,博智凱基5C購01,3.48,0.18,TPEx,2026-10-05
706015,緯軟國票5B購01,0.06,-0.02,TPEx,2026-10-05
706016,雙鴻國票5A購03,2.3,0.48,TPEx,2026-10-05
706017,宜鼎中信61購01,0.85,0.0,TPEx,2026-10-05
706018,弘塑永豐63購01,2.1,0.21,TPEx,2026-10-05
706019,均華永豐5B購01,4.23,0.7,TPEx,2026-10-05
706020,旺矽永豐61購01,3.16,0.26,TPEx,2026-10-05
706027,大中統一73購01,1.27,0.0,TPEx,2026-10-05
706031,均華統一63購03,0.65,0.04,TPEx,2026-10-05
706032,均華統一73購01,0.63,0.04,TPEx,2026-10-05
706033,均豪統一63購01,0.62,0.05,TPEx,2026-10-05
706036,新普統一63購01,0.5,-0.02,TPEx,2026-10-05
706038,聖暉*統一61購01,0.96,-0.06,TPEx,2026-10-05
706040,鑫聯統一62購02,0.18,-0.01,TPEx,2026-10-05
706055,台特化元大63購01,0.51,-0.05,TPEx,2026-10-05
706060,弘塑元大63購02,3.2,0.22,TPEx,2026-10-05
706072,弘塑凱基5A購01,0.31,0.07,TPEx,2026-10-05
706081,雙鴻中信63購01,0.8,0.05,TPEx,2026-10-05
706087,旺矽永豐61購02,2.32,0.28,TPEx,2026-10-05
706088,旺矽永豐64購01,3.34,0.13,TPEx,2026-10-05
706092,力致國泰5A購01,0.2,0.07,TPEx,2026-10-05
706097,弘塑富邦5C購01,0.94,0.12,TPEx,2026-10-05
706098,宜鼎富邦5C購03,0.71,0.0,TPEx,2026-10-05
706101,茂迪富邦63購01,0.11,-0.02,TPEx,2026-10-05
706103,台特化元大63購02,0.51,-0.01,TPEx,2026-10-05
706105,宏捷科元大5C購01,0.18,0.06,TPEx,2026-10-05
706117,台半國票5A購02,7.25,2.05,TPEx,2026-10-05
706118,台星科國票61購01,1.72,-0.02,TPEx,2026-10-05
706119,宏捷科國票5A購01,0.03,0.02,TPEx,2026-10-05
706120,良維國票5A購01,0.34,-0.07,TPEx,2026-10-05
706121,宜鼎國票5A購03,0.32,-0.02,TPEx,2026-10-05
706124,臺慶科國票61購01,1.58,0.23,TPEx,2026-10-05
706126,大綜統一63購01,1.2,0.07,TPEx,2026-10-05
706127,大綜統一66購01,1.06,0.05,TPEx,2026-10-05
706133,均豪統一66購01,0.67,0.01,TPEx,2026-10-05
706134,宜鼎統一63購02,0.81,0.0,TPEx,2026-10-05
706135,宜鼎統一63購03,0.49,0.0,TPEx,2026-10-05
706136,宜鼎統一66購02,0.7,0.03,TPEx,2026-10-05
706137,宜鼎統一73購01,0.6,0.0,TPEx,2026-10-05
706138,茂迪統一67購01,0.23,-0.01,TPEx,2026-10-05
706139,聚和統一73購01,0.69,-0.02,TPEx,2026-10-05
706142,雙鴻統一63購01,1.22,0.09,TPEx,2026-10-05
706150,旺矽群益63購01,3.29,0.31,TPEx,2026-10-05
706154,雙鴻群益63購02,0.87,0.06,TPEx,2026-10-05
706155,台特化凱基5C購02,0.32,0.04,TPEx,2026-10-05
706161,旺矽凱基63購01,2.24,0.21,TPEx,2026-10-05
706162,旺矽凱基63購02,2.75,0.31,TPEx,2026-10-05
706170,良維群益5C購02,1.79,0.0,TPEx,2026-10-05
706178,弘塑富邦63購01,0.83,0.11,TPEx,2026-10-05
706179,均華富邦5B購01,0.71,0.0,TPEx,2026-10-05
706180,均華統一63購04,0.52,0.07,TPEx,2026-10-05
706181,良維統一63購03,0.7,0.03,TPEx,2026-10-05
706182,旺矽統一63購05,1.28,0.1,TPEx,2026-10-05
706185,均華元大5C購01,0.45,0.08,TPEx,2026-10-05
706186,宏捷科元大5C購02,0.41,0.13,TPEx,2026-10-05
706198,精測元大5C購02,0.07,-0.03,TPEx,2026-10-05
706206,均華國票5B購01,0.65,0.07,TPEx,2026-10-05
706207,宜鼎國票65購01,1.46,-0.01,TPEx,2026-10-05
706208,旺矽國票5C購01,3.31,0.34,TPEx,2026-10-05
706209,旺矽國票67購01,3.33,0.26,TPEx,2026-10-05
706210,德微國票65購01,5.75,0.05,TPEx,2026-10-05
706213,精測中信5B購01,0.01,-0.09,TPEx,2026-10-05
706214,宜鼎永豐5B購01,0.51,0.01,TPEx,2026-10-05
706215,旺矽永豐5C購01,1.99,0.23,TPEx,2026-10-05
706216,東捷永豐61購01,8.6,-0.6,TPEx,2026-10-05
706219,精測永豐61購01,0.11,0.01,TPEx,2026-10-05
706223,弘塑元富5C購01,1.48,0.19,TPEx,2026-10-05
706225,宏捷科元富5C購02,0.39,0.11,TPEx,2026-10-05
706240,元太兆豐63購01,1.16,0.05,TPEx,2026-10-05
706245,M31凱基5B購01,0.26,-0.05,TPEx,2026-10-05
706249,宏捷科凱基5C購01,0.21,0.09,TPEx,2026-10-05
706259,M31永豐5B購01,0.48,-0.03,TPEx,2026-10-05
706260,M31永豐5C購01,0.5,-0.03,TPEx,2026-10-05
706261,大中永豐5B購01,1.6,0.18,TPEx,2026-10-05
706276,聖暉*群益61購01,2.05,-0.13,TPEx,2026-10-05
706282,M31統一63購03,0.49,-0.04,TPEx,2026-10-05
706283,M31富邦5B購01,0.26,-0.04,TPEx,2026-10-05
706284,台特化富邦5C購01,0.06,-0.04,TPEx,2026-10-05
706287,雙鴻富邦5C購03,1.21,0.04,TPEx,2026-10-05
706288,M31國票5A購01,0.03,-0.01,TPEx,2026-10-05
706292,宏觀國票5C購02,0.05,-0.01,TPEx,2026-10-05
706293,沛亨國票5A購02,0.76,-0.01,TPEx,2026-10-05
706313,雙鴻元大5C購04,1.43,0.11,TPEx,2026-10-05
706317,弘塑兆豐5B購01,0.74,0.16,TPEx,2026-10-05
706319,印能凱基5B購01,2.46,0.04,TPEx,2026-10-05
706324,聖暉*凱基5B購02,2.55,0.12,TPEx,2026-10-05
706327,穩得凱基5C購01,0.63,0.02,TPEx,2026-10-05
706328,弘塑國票65購01,1.8,0.19,TPEx,2026-10-05
706331,亞泰國票5A購01,2.95,0.33,TPEx,2026-10-05
706339,雙鴻元大5C購05,1.34,0.12,TPEx,2026-10-05
706340,穩得元大63購01,0.6,0.03,TPEx,2026-10-05
706342,雙鴻國泰61購01,2.6,0.05,TPEx,2026-10-05
706344,德微富邦5C購01,1.42,0.03,TPEx,2026-10-05
706347,印能統一63購01,0.85,-0.06,TPEx,2026-10-05
706348,亞泰統一62購02,2.28,0.13,TPEx,2026-10-05
706349,博智統一63購01,1.41,0.07,TPEx,2026-10-05
706351,弘塑永豐5C購03,0.75,0.14,TPEx,2026-10-05
706354,雙鴻永豐61購02,2.27,0.11,TPEx,2026-10-05
706355,雙鴻永豐64購01,2.32,0.2,TPEx,2026-10-05
706371,良維凱基61購01,1.35,0.03,TPEx,2026-10-05
706379,東捷永豐5A購01,5.1,-0.7,TPEx,2026-10-05
706389,美琪瑪群益5A購01,0.07,-0.01,TPEx,2026-10-05
706412,弘塑凱基5B購01,0.28,0.09,TPEx,2026-10-05
706415,閎康凱基5B購01,4.02,0.46,TPEx,2026-10-05
706419,弘塑富邦61購01,0.65,0.11,TPEx,2026-10-05
706420,宏捷科富邦5B購01,0.2,0.03,TPEx,2026-10-05
706421,宏捷科富邦5C購01,0.19,0.06,TPEx,2026-10-05
706423,智通*富邦5B購02,0.58,-0.01,TPEx,2026-10-05
706424,環球晶富邦5A購01,4.49,0.32,TPEx,2026-10-05
706432,茂迪元大63購05,0.12,-0.02,TPEx,2026-10-05
706452,中美晶永豐5C購01,1.3,-0.11,TPEx,2026-10-05
706453,弘塑永豐63購02,0.75,0.09,TPEx,2026-10-05
706456,博智永豐5C購01,1.79,0.13,TPEx,2026-10-05
706468,華宏元富5B購01,0.23,-0.07,TPEx,2026-10-05
706474,沛亨凱基5B購01,1.12,-0.12,TPEx,2026-10-05
706476,良維凱基5C購01,1.73,0.12,TPEx,2026-10-05
706479,博智凱基61購01,1.13,0.04,TPEx,2026-10-05
706485,雙鴻凱基5C購04,1.93,0.17,TPEx,2026-10-05
706489,均豪國票5A購01,0.06,-0.01,TPEx,2026-10-05
706497,博智群益69購01,0.67,0.03,TPEx,2026-10-05
706498,閎康群益63購02,1.53,0.21,TPEx,2026-10-05
706503,世界富邦61購01,1.23,-0.07,TPEx,2026-10-05
706507,中美晶元大5C購02,3.06,-0.36,TPEx,2026-10-05
706508,中美晶元大63購01,2.04,-0.21,TPEx,2026-10-05
706513,博智元大63購01,1.01,0.02,TPEx,2026-10-05
706524,雙鴻中信63購02,0.66,0.05,TPEx,2026-10-05
706535,閎康國票5A購03,0.1,0.03,TPEx,2026-10-05
706550,鑫聯凱基61購01,0.55,-0.01,TPEx,2026-10-05
706557,聖暉*永豐5B購01,0.79,0.11,TPEx,2026-10-05
706563,台燿富邦73購01,3.53,0.48,TPEx,2026-10-05
706564,良維富邦5C購01,0.57,0.02,TPEx,2026-10-05
706565,博智富邦61購01,0.7,0.02,TPEx,2026-10-05
706566,順達富邦5C購01,0.98,0.08,TPEx,2026-10-05
706567,精測富邦5B購01,0.1,0.0,TPEx,2026-10-05
706572,良維群益61購01,1.47,0.02,TPEx,2026-10-05
706573,博智群益63購01,2.65,0.33,TPEx,2026-10-05
706576,順達群益5C購01,1.59,0.03,TPEx,2026-10-05
706579,精測群益63購01,0.43,0.0,TPEx,2026-10-05
706588,博智元大63購02,0.79,0.04,TPEx,2026-10-05
706590,萬泰科元大5C購02,1.4,0.33,TPEx,2026-10-05
706596,中美晶凱基5B購01,4.84,-0.71,TPEx,2026-10-05
706608,順達凱基5A購01,1.03,-0.1,TPEx,2026-10-05
706611,元太國票5A購03,0.1,0.0,TPEx,2026-10-05
706612,弘塑國票5C購01,0.37,0.07,TPEx,2026-10-05
706613,弘塑國票63購01,0.92,0.13,TPEx,2026-10-05
706623,萬泰科國票5A購03,1.31,0.65,TPEx,2026-10-05
706625,譜瑞國票5A購01,0.19,-0.01,TPEx,2026-10-05
706647,弘塑群益5B購02,0.25,0.0,TPEx,2026-10-05
706658,中美晶富邦63購01,3.27,0.15,TPEx,2026-10-05
706659,弘塑富邦61購02,0.48,0.07,TPEx,2026-10-05
706660,均豪富邦61購01,0.45,0.0,TPEx,2026-10-05
706662,沛亨富邦61購01,0.77,-0.04,TPEx,2026-10-05
706663,華電網富邦5C購01,0.03,0.0,TPEx,2026-10-05
706664,系微永豐5C購02,0.27,-0.06,TPEx,2026-10-05
706667,閎康永豐5B購01,0.38,0.08,TPEx,2026-10-05
706677,順達兆豐5B購02,0.99,0.04,TPEx,2026-10-05
706683,家登國泰5A購01,2.7,0.25,TPEx,2026-10-05
706695,立碁永豐5A購01,2.2,0.59,TPEx,2026-10-05
706703,鈊象中信5C購01,0.34,0.0,TPEx,2026-10-05
706705,立碁國票5A購01,2.68,1.23,TPEx,2026-10-05
706708,閎康國票61購01,0.84,0.17,TPEx,2026-10-05
706710,良維統一62購02,0.88,0.04,TPEx,2026-10-05
706711,宜特統一62購02,0.4,-0.01,TPEx,2026-10-05
706712,信紘科統一63購02,0.5,0.0,TPEx,2026-10-05
706713,前鼎統一63購01,2.86,0.39,TPEx,2026-10-05
706714,閎康統一63購01,0.33,0.03,TPEx,2026-10-05
706715,萬泰科統一62購02,1.11,0.28,TPEx,2026-10-05
706733,閎康元大63購03,0.56,0.08,TPEx,2026-10-05
706743,前鼎凱基61購01,5.8,0.96,TPEx,2026-10-05
706754,世紀*國票5A購02,2.5,-0.57,TPEx,2026-10-05
706760,順達國票5B購01,0.67,0.01,TPEx,2026-10-05
706790,順達群益5B購02,1.11,0.09,TPEx,2026-10-05
706791,萬泰科群益5A購01,1.27,0.33,TPEx,2026-10-05
706799,立碁統一63購01,1.26,0.29,TPEx,2026-10-05
706800,立碁統一66購01,1.22,0.29,TPEx,2026-10-05
706801,順達統一63購02,0.7,-0.01,TPEx,2026-10-05
706803,聖暉*統一65購01,0.79,0.02,TPEx,2026-10-05
706804,雙鴻統一66購01,0.85,0.03,TPEx,2026-10-05
706825,前鼎凱基5B購01,7.55,1.0,TPEx,2026-10-05
706841,華電網元大5C購01,0.09,0.0,TPEx,2026-10-05
706843,鈊象元大5C購04,0.59,0.02,TPEx,2026-10-05
706844,鈊象元大63購04,0.39,-0.01,TPEx,2026-10-05
706845,萬泰科元大63購01,1.22,0.27,TPEx,2026-10-05
706852,鈊象永豐5B購01,0.37,-0.01,TPEx,2026-10-05
706857,匯鑽科元富5A購01,0.11,-0.03,TPEx,2026-10-05
706859,漢科元富5A購01,0.5,0.0,TPEx,2026-10-05
706863,中美晶群益62購01,3.84,-0.26,TPEx,2026-10-05
706871,鈊象群益5B購01,0.14,-0.01,TPEx,2026-10-05
706872,聖暉*群益5C購01,1.26,-0.01,TPEx,2026-10-05
706892,鈊象元大63購05,1.5,0.01,TPEx,2026-10-05
706901,聖暉*凱基5B購03,0.92,0.08,TPEx,2026-10-05
706903,台燿國票5B購02,17.2,3.2,TPEx,2026-10-05
706907,雙鴻國票5B購02,2.2,0.06,TPEx,2026-10-05
706910,元太元富63購01,1.62,0.09,TPEx,2026-10-05
706914,鈊象中信63購01,0.21,0.0,TPEx,2026-10-05
706916,元太永豐5B購01,0.36,-0.02,TPEx,2026-10-05
706923,信音永豐5C購01,0.4,0.15,TPEx,2026-10-05
706925,匯鑽科永豐61購01,0.47,-0.12,TPEx,2026-10-05
706934,千附國票5B購01,1.38,0.12,TPEx,2026-10-05
706936,盈正國票5B購01,0.1,-0.01,TPEx,2026-10-05
706938,廣閎科國票5B購01,3.38,0.32,TPEx,2026-10-05
706940,華電網國泰5B購01,0.02,0.0,TPEx,2026-10-05
706942,久元富邦5C購01,0.35,-0.03,TPEx,2026-10-05
706948,印能元大64購01,2.02,-0.02,TPEx,2026-10-05
706953,鈊象元大64購02,0.79,-0.01,TPEx,2026-10-05
706968,印能凱基64購01,1.48,-0.06,TPEx,2026-10-05
706973,宏碩國票5C購01,0.1,0.02,TPEx,2026-10-05
706975,高僑國票61購01,0.99,-0.13,TPEx,2026-10-05
706976,新門國票61購01,0.65,0.13,TPEx,2026-10-05
706979,穩得國泰5B購01,0.57,0.04,TPEx,2026-10-05
706980,神盾統一64購01,0.41,-0.03,TPEx,2026-10-05
706981,神盾統一64購02,0.4,-0.01,TPEx,2026-10-05
706982,印能永豐64購01,2.08,-0.05,TPEx,2026-10-05
706986,神盾永豐5C購02,0.32,-0.02,TPEx,2026-10-05
706988,撼訊永豐5C購01,1.77,-0.17,TPEx,2026-10-05
706999,均豪群益62購01,0.53,0.01,TPEx,2026-10-05
707000,高僑群益5B購01,1.48,0.59,TPEx,2026-10-05
707003,群翊群益5B購01,1.72,0.12,TPEx,2026-10-05
707006,台嘉碩元大5A購01,0.76,0.01,TPEx,2026-10-05
707007,印能元大5A購02,0.02,-0.13,TPEx,2026-10-05
707011,印能元大5B購01,0.94,-0.01,TPEx,2026-10-05
707012,印能元大5C購02,0.75,0.01,TPEx,2026-10-05
707014,印能元大64購02,0.55,-0.02,TPEx,2026-10-05
707016,宏捷科元大5A購02,0.03,-0.02,TPEx,2026-10-05
707017,宏捷科元大5C購03,0.4,0.07,TPEx,2026-10-05
707022,美琪瑪元大5A購01,0.25,-0.04,TPEx,2026-10-05
707024,廣閎科元大5A購01,5.2,-0.35,TPEx,2026-10-05
707025,雙鴻元大61購11,3.73,0.04,TPEx,2026-10-05
707038,衛司特凱基5A購01,0.11,-0.09,TPEx,2026-10-05
707040,千如國票5B購01,2.16,0.14,TPEx,2026-10-05
707041,台嘉碩國票5A購01,0.37,-0.07,TPEx,2026-10-05
707042,印能國票5B購01,0.32,-0.05,TPEx,2026-10-05
707043,沛亨國票5B購01,0.62,-0.06,TPEx,2026-10-05
707045,茂綸國票5B購01,1.36,0.2,TPEx,2026-10-05
707046,博盛國票5B購01,1.37,0.09,TPEx,2026-10-05
707051,印能永豐61購01,1.0,-0.07,TPEx,2026-10-05
707052,同致永豐5C購01,0.1,-0.02,TPEx,2026-10-05
707054,安葆永豐5B購01,1.88,0.28,TPEx,2026-10-05
707055,宏碩永豐61購01,0.14,0.02,TPEx,2026-10-05
707056,宜特永豐5B購01,0.51,-0.02,TPEx,2026-10-05
707060,智通*永豐5C購01,1.08,0.0,TPEx,2026-10-05
707063,台嘉碩國泰5B購01,3.81,0.39,TPEx,2026-10-05
707066,元太富邦5C購01,0.58,0.05,TPEx,2026-10-05
707069,台燿統一67購01,3.91,0.34,TPEx,2026-10-05
707070,台燿統一74購01,3.58,0.48,TPEx,2026-10-05
707071,立碁統一67購01,1.29,0.21,TPEx,2026-10-05
707072,立碁統一74購01,1.19,0.08,TPEx,2026-10-05
707073,印能統一63購02,0.56,-0.03,TPEx,2026-10-05
707074,印能統一74購01,1.41,-0.01,TPEx,2026-10-05
707076,系統電統一67購01,0.68,0.04,TPEx,2026-10-05
707082,順達統一63購03,0.61,-0.01,TPEx,2026-10-05
707103,中光電兆豐64購01,0.96,0.0,TPEx,2026-10-05
707112,九豪凱基5A購02,0.29,-0.22,TPEx,2026-10-05
707124,翔名國票5B購01,1.06,0.03,TPEx,2026-10-05
707127,磐亞國票5B購01,7.8,0.3,TPEx,2026-10-05
707128,元太國泰5B購01,0.54,0.08,TPEx,2026-10-05
707129,宜特富邦5C購01,0.46,-0.02,TPEx,2026-10-05
707133,正淩統一63購01,0.5,-0.03,TPEx,2026-10-05
707134,同致統一64購01,0.22,-0.02,TPEx,2026-10-05
707135,同致統一74購01,0.39,-0.01,TPEx,2026-10-05
707137,翔名統一74購01,0.94,0.01,TPEx,2026-10-05
707140,萬泰科統一74購01,0.94,0.14,TPEx,2026-10-05
707141,群翊統一63購01,0.6,0.04,TPEx,2026-10-05
707142,群翊統一74購01,0.51,0.02,TPEx,2026-10-05
707147,宏捷科永豐5C購01,0.59,0.16,TPEx,2026-10-05
707151,茂綸永豐5A購01,2.1,0.68,TPEx,2026-10-05
707174,華景電凱基5A購02,0.01,0.0,TPEx,2026-10-05
707175,鈊象凱基64購02,1.37,0.08,TPEx,2026-10-05
707176,群翊凱基5C購01,0.48,0.05,TPEx,2026-10-05
707179,台半群益5A購01,7.75,1.65,TPEx,2026-10-05
707182,捷創群益5B購01,0.43,0.04,TPEx,2026-10-05
707183,華景電群益5A購01,0.01,0.0,TPEx,2026-10-05
707187,台燿國票5B購03,10.9,2.15,TPEx,2026-10-05
707189,華景電國票5B購01,0.1,0.01,TPEx,2026-10-05
707196,華景電統一64購01,0.47,0.05,TPEx,2026-10-05
707198,華景電統一65購01,0.63,0.04,TPEx,2026-10-05
707200,華景電統一74購01,0.57,0.05,TPEx,2026-10-05
707203,群翊統一64購01,0.57,0.03,TPEx,2026-10-05
707204,群翊統一74購02,0.7,0.05,TPEx,2026-10-05
707205,頎邦統一64購03,3.03,-0.31,TPEx,2026-10-05
707206,大中元大5A購01,2.4,0.27,TPEx,2026-10-05
707209,台燿元大64購04,4.4,0.53,TPEx,2026-10-05
707221,雙鴻元大64購02,3.79,0.19,TPEx,2026-10-05
707222,世界永豐61購01,2.42,-0.02,TPEx,2026-10-05
707225,台燿永豐61購02,11.4,2.05,TPEx,2026-10-05
707227,華景電永豐5C購01,0.74,0.11,TPEx,2026-10-05
707228,華景電永豐61購01,0.54,0.11,TPEx,2026-10-05
707229,順達永豐5B購02,0.38,0.01,TPEx,2026-10-05
707231,順達兆豐5C購01,0.55,0.06,TPEx,2026-10-05
707235,新盛力凱基5A購01,4.05,0.33,TPEx,2026-10-05
707236,新盛力凱基5A購02,5.3,0.1,TPEx,2026-10-05
707237,頎邦凱基5B購01,6.8,-0.45,TPEx,2026-10-05
707238,廣閎科凱基5A購02,1.82,0.3,TPEx,2026-10-05
707240,久元元大61購01,0.36,-0.02,TPEx,2026-10-05
707245,順達元大64購02,0.75,0.02,TPEx,2026-10-05
707246,鈊象元大61購01,1.44,0.1,TPEx,2026-10-05
707248,萬泰科元大5A購01,0.07,0.05,TPEx,2026-10-05
707249,台星科國票5B購01,0.49,-0.05,TPEx,2026-10-05
707250,台燿國票5B購04,11.2,2.5,TPEx,2026-10-05
707251,順達國票5B購02,0.25,-0.03,TPEx,2026-10-05
707255,宏捷科國泰5B購01,0.31,0.14,TPEx,2026-10-05
707260,勤凱永豐5C購03,1.33,0.36,TPEx,2026-10-05
707263,萬泰科永豐64購01,0.96,0.21,TPEx,2026-10-05
707265,宏捷科統一74購01,0.42,0.06,TPEx,2026-10-05
707268,華景電統一63購01,0.35,0.05,TPEx,2026-10-05
707269,勤凱統一74購01,1.12,0.16,TPEx,2026-10-05
707273,新盛力統一74購02,1.14,0.0,TPEx,2026-10-05
707274,群翊統一64購02,0.44,0.03,TPEx,2026-10-05
707275,鉅橡統一66購01,0.48,0.07,TPEx,2026-10-05
707276,頎邦統一74購01,1.53,-0.09,TPEx,2026-10-05
707277,廣閎科統一74購02,1.02,0.02,TPEx,2026-10-05
707278,德微統一64購01,1.38,-0.08,TPEx,2026-10-05
707280,中美晶凱基5A購02,6.9,-0.6,TPEx,2026-10-05
707282,台燿凱基5A購02,10.2,2.65,TPEx,2026-10-05
707284,宏觀凱基64購01,0.15,-0.01,TPEx,2026-10-05
707286,順達凱基64購01,1.11,0.08,TPEx,2026-10-05
707289,台燿兆豐5C購01,4.87,0.95,TPEx,2026-10-05
707295,台燿元大5A購06,7.15,1.6,TPEx,2026-10-05
707298,台燿元大5A購09,3.72,0.96,TPEx,2026-10-05
707299,台燿元大61購06,3.05,0.45,TPEx,2026-10-05
707300,旺矽元大5A購02,0.31,-0.18,TPEx,2026-10-05
707301,旺矽元大61購01,1.39,0.24,TPEx,2026-10-05
707302,信驊元大5B購01,4.3,0.36,TPEx,2026-10-05
707306,台燿永豐5C購03,6.5,1.4,TPEx,2026-10-05
707307,台燿永豐64購02,5.45,1.11,TPEx,2026-10-05
707308,台燿永豐67購01,5.8,0.86,TPEx,2026-10-05
707310,安葆永豐5C購01,0.81,0.12,TPEx,2026-10-05
707312,良維永豐5C購01,2.17,0.2,TPEx,2026-10-05
707313,旺矽永豐5A購03,0.03,0.0,TPEx,2026-10-05
707314,旺矽永豐61購03,1.3,0.16,TPEx,2026-10-05
707315,旺矽永豐64購02,2.27,0.24,TPEx,2026-10-05
707316,長科*永豐5A購01,2.32,0.22,TPEx,2026-10-05
707317,信驊永豐5A購03,2.55,0.32,TPEx,2026-10-05
707318,前鼎永豐61購01,2.73,0.29,TPEx,2026-10-05
707319,翔名永豐5B購01,1.1,0.04,TPEx,2026-10-05
707323,均豪國泰61購01,0.89,-0.05,TPEx,2026-10-05
707326,台燿富邦64購01,2.4,0.4,TPEx,2026-10-05
707327,旺矽富邦5C購01,0.74,0.08,TPEx,2026-10-05
707328,旺矽富邦64購01,1.03,0.12,TPEx,2026-10-05
707329,群翊富邦62購01,0.54,0.02,TPEx,2026-10-05
707330,台燿國票5B購05,7.5,1.9,TPEx,2026-10-05
707331,台燿統一63購01,3.29,0.64,TPEx,2026-10-05
707332,台燿統一64購03,1.89,0.25,TPEx,2026-10-05
707333,台燿統一64購04,3.1,0.6,TPEx,2026-10-05
707334,台燿統一66購02,2.33,0.39,TPEx,2026-10-05
707335,台燿統一74購02,2.0,0.28,TPEx,2026-10-05
707336,台燿統一74購03,1.26,0.15,TPEx,2026-10-05
707337,巨漢統一63購02,0.27,0.03,TPEx,2026-10-05
707338,巨漢統一74購01,0.38,0.01,TPEx,2026-10-05
707339,均豪統一64購01,0.4,0.01,TPEx,2026-10-05
707340,旺矽統一63購06,1.1,0.09,TPEx,2026-10-05
707341,旺矽統一64購01,1.04,0.11,TPEx,2026-10-05
707342,東捷統一74購01,0.92,-0.06,TPEx,2026-10-05
707343,前鼎統一64購01,2.07,0.05,TPEx,2026-10-05
707344,翔名統一74購02,1.12,0.01,TPEx,2026-10-05
707345,華景電統一74購02,0.63,0.06,TPEx,2026-10-05
707346,順達統一64購01,0.57,0.03,TPEx,2026-10-05
707347,勤凱統一74購02,1.25,0.22,TPEx,2026-10-05
707348,新盛力統一63購01,2.21,0.03,TPEx,2026-10-05
707352,頎邦統一74購02,1.83,0.17,TPEx,2026-10-05
707353,頎邦統一74購03,1.72,0.0,TPEx,2026-10-05
707354,廣閎科統一64購02,1.4,0.15,TPEx,2026-10-05
707355,廣閎科統一67購01,0.85,0.03,TPEx,2026-10-05
707356,廣閎科統一74購03,1.47,0.07,TPEx,2026-10-05
707357,勤凱台新5A購01,1.81,0.92,TPEx,2026-10-05
707360,宏捷科凱基5A購01,0.09,0.01,TPEx,2026-10-05
707362,信紘科凱基5A購01,0.14,-0.13,TPEx,2026-10-05
707364,頎邦凱基63購01,4.76,-0.49,TPEx,2026-10-05
707370,立碁永豐5C購01,1.84,0.4,TPEx,2026-10-05
707371,前鼎永豐61購02,1.53,0.04,TPEx,2026-10-05
707373,聖暉*永豐5C購01,1.39,0.06,TPEx,2026-10-05
707374,頎邦永豐61購01,2.55,-0.19,TPEx,2026-10-05
707376,譜瑞永豐5C購01,0.63,-0.01,TPEx,2026-10-05
707379,前鼎國票5B購02,3.2,1.09,TPEx,2026-10-05
707382,廣閎科國票5B購03,1.54,0.11,TPEx,2026-10-05
707389,順達群益5A購03,0.01,0.0,TPEx,2026-10-05
707395,譜瑞群益5B購01,1.45,0.11,TPEx,2026-10-05
707397,天品元大61購01,0.62,0.02,TPEx,2026-10-05
707399,勤凱元大5A購03,0.68,0.31,TPEx,2026-10-05
707400,群翊元大5A購02,0.48,0.08,TPEx,2026-10-05
707405,群翊國泰5B購02,1.13,0.19,TPEx,2026-10-05
707406,久元統一64購02,0.31,-0.02,TPEx,2026-10-05
707407,巨漢統一74購02,0.53,0.01,TPEx,2026-10-05
707408,安葆統一74購01,1.02,0.07,TPEx,2026-10-05
707409,均豪統一63購02,0.43,-0.01,TPEx,2026-10-05
707410,均豪統一74購01,0.5,0.01,TPEx,2026-10-05
707411,宜特統一74購01,0.43,0.01,TPEx,2026-10-05
707413,東捷統一74購02,1.26,-0.02,TPEx,2026-10-05
707414,前鼎統一74購01,1.16,0.06,TPEx,2026-10-05
707416,順達統一64購02,0.52,0.01,TPEx,2026-10-05
707418,群翊統一74購03,0.67,0.04,TPEx,2026-10-05
707422,頎邦富邦61購02,2.4,-0.4,TPEx,2026-10-05
707423,廣閎科富邦5B購01,1.32,0.21,TPEx,2026-10-05
707426,千附精永豐5B購01,1.23,-0.04,TPEx,2026-10-05
707435,萬泰科永豐5C購02,0.85,0.25,TPEx,2026-10-05
707437,穩得永豐5C購01,0.09,0.0,TPEx,2026-10-05
707439,台星科群益61購01,0.87,-0.1,TPEx,2026-10-05
707440,立碁群益5A購01,0.93,0.58,TPEx,2026-10-05
707443,勤凱群益5B購02,1.0,0.71,TPEx,2026-10-05
707445,群翊群益64購01,0.6,0.1,TPEx,2026-10-05
707449,立碁國泰5B購01,4.24,1.28,TPEx,2026-10-05
707453,千附統一64購01,0.75,0.04,TPEx,2026-10-05
707454,千附精統一74購01,0.83,0.0,TPEx,2026-10-05
707456,巨漢統一64購01,0.21,0.01,TPEx,2026-10-05
707457,巨漢統一67購01,0.27,0.0,TPEx,2026-10-05
707462,信昌電統一64購02,9.25,-0.25,TPEx,2026-10-05
707463,美琪瑪統一63購01,0.59,0.01,TPEx,2026-10-05
707467,陽程統一66購01,3.82,0.6,TPEx,2026-10-05
707470,順達統一74購01,0.6,0.01,TPEx,2026-10-05
707471,新應材統一67購01,0.32,0.03,TPEx,2026-10-05
707472,聖暉*統一63購01,0.83,-0.01,TPEx,2026-10-05
707474,蜜望實統一74購01,0.95,-0.01,TPEx,2026-10-05
707475,天品凱基61購01,0.88,0.0,TPEx,2026-10-05
707478,立碁凱基5A購01,2.25,0.66,TPEx,2026-10-05
707482,順達凱基5C購01,1.36,0.1,TPEx,2026-10-05
707483,勤凱凱基5A購01,1.7,1.55,TPEx,2026-10-05
707484,萬泰科凱基5A購01,0.05,0.02,TPEx,2026-10-05
707485,群翊凱基61購01,0.36,0.05,TPEx,2026-10-05
707492,均豪元大5C購01,0.13,0.0,TPEx,2026-10-05
707495,沛亨元大5A購02,0.53,-0.12,TPEx,2026-10-05
707496,沛亨元大5A購03,0.32,-0.09,TPEx,2026-10-05
707497,沛亨元大5A購04,0.13,-0.09,TPEx,2026-10-05
707504,新應材元大5A購04,0.1,0.0,TPEx,2026-10-05
707506,新應材元大5C購01,0.38,0.04,TPEx,2026-10-05
707510,巨漢國票5B購01,0.04,0.0,TPEx,2026-10-05
707512,東捷國票5A購02,2.03,-0.58,TPEx,2026-10-05
707514,萬泰科國票5B購01,0.66,0.28,TPEx,2026-10-05
707515,榮田國票5A購01,0.07,-0.03,TPEx,2026-10-05
707521,新應材富邦61購02,0.16,0.02,TPEx,2026-10-05
707522,萬泰科富邦5B購01,0.42,0.16,TPEx,2026-10-05
707531,前鼎凱基5B購02,3.28,0.56,TPEx,2026-10-05
707535,新應材凱基61購02,0.24,0.02,TPEx,2026-10-05
707536,萬泰科凱基5B購01,1.63,0.54,TPEx,2026-10-05
707538,弘塑國票5B購01,0.02,0.0,TPEx,2026-10-05
707541,前鼎國票5B購03,1.73,-0.05,TPEx,2026-10-05
707543,新應材國票5A購04,0.06,0.01,TPEx,2026-10-05
707546,弘塑永豐61購02,0.22,0.04,TPEx,2026-10-05
707547,弘塑永豐64購01,0.24,0.03,TPEx,2026-10-05
707550,新應材永豐64購01,0.29,0.03,TPEx,2026-10-05
707555,安葆台新5A購01,1.01,0.07,TPEx,2026-10-05
707559,新應材台新5A購02,0.01,-0.01,TPEx,2026-10-05
707568,弘塑國泰61購01,0.37,0.05,TPEx,2026-10-05
707569,弘塑國泰61購02,0.27,0.05,TPEx,2026-10-05
707572,弘塑富邦5C購02,0.13,0.03,TPEx,2026-10-05
707573,弘塑富邦64購01,0.19,0.03,TPEx,2026-10-05
707575,力致統一74購01,0.43,0.01,TPEx,2026-10-05
707576,中美晶統一64購01,2.23,0.03,TPEx,2026-10-05
707577,元太統一64購01,0.45,0.03,TPEx,2026-10-05
707578,元太統一74購01,0.82,0.01,TPEx,2026-10-05
707579,弘塑統一62購02,0.18,0.02,TPEx,2026-10-05
707580,弘塑統一64購01,0.22,-0.07,TPEx,2026-10-05
707581,弘塑統一64購02,0.17,0.02,TPEx,2026-10-05
707583,立敦統一64購01,0.83,-0.03,TPEx,2026-10-05
707587,金山電統一63購01,2.37,-0.11,TPEx,2026-10-05
707589,前鼎統一63購02,1.61,0.13,TPEx,2026-10-05
707593,意德士統一62購01,0.66,0.19,TPEx,2026-10-05
707594,意德士統一64購01,0.8,0.16,TPEx,2026-10-05
707596,臺慶科統一64購01,1.07,0.07,TPEx,2026-10-05
707599,蜜望實統一74購02,1.09,-0.01,TPEx,2026-10-05
707600,環球晶統一63購03,3.97,-0.14,TPEx,2026-10-05
707603,立碁元大5C購01,0.99,0.3,TPEx,2026-10-05
707608,前鼎元大5C購02,2.87,0.38,TPEx,2026-10-05
707609,前鼎元大61購01,1.79,0.02,TPEx,2026-10-05
707610,勤凱元大5A購04,0.39,0.24,TPEx,2026-10-05
707614,雙鴻元大61購13,1.74,0.12,TPEx,2026-10-05
707617,九豪永豐5C購01,0.69,-0.12,TPEx,2026-10-05
707618,天品永豐5B購01,0.55,-0.01,TPEx,2026-10-05
707622,鈊象永豐5C購01,0.69,0.03,TPEx,2026-10-05
707624,蜜望實永豐5C購01,1.83,-0.01,TPEx,2026-10-05
707625,環球晶永豐5C購02,6.8,0.9,TPEx,2026-10-05
707634,環球晶凱基5B購01,13.9,0.9,TPEx,2026-10-05
707637,九豪台新5A購02,0.33,-0.06,TPEx,2026-10-05
707638,九豪台新5A購03,0.18,0.0,TPEx,2026-10-05
707644,博磊台新5A購01,0.63,0.07,TPEx,2026-10-05
707645,博磊台新5A購02,0.45,0.05,TPEx,2026-10-05
707650,聖暉*兆豐5C購01,0.77,-0.03,TPEx,2026-10-05
707651,九豪元大5A購02,0.2,-0.06,TPEx,2026-10-05
707652,九豪元大5A購03,0.33,0.02,TPEx,2026-10-05
707654,安葆元大5A購01,0.3,0.05,TPEx,2026-10-05
707655,系統電元大5A購02,0.93,0.17,TPEx,2026-10-05
707659,宜特元大61購01,0.27,-0.02,TPEx,2026-10-05
707660,宜特元大63購02,0.24,0.0,TPEx,2026-10-05
707666,新盛力元大5A購02,3.41,0.17,TPEx,2026-10-05
707676,加高國票5B購01,0.64,-0.09,TPEx,2026-10-05
707680,博磊國票5B購01,0.33,-0.06,TPEx,2026-10-05
707681,漢達國票5B購01,3.2,0.1,TPEx,2026-10-05
707683,九豪富邦5C購01,0.53,-0.07,TPEx,2026-10-05
707686,九豪統一64購02,0.52,-0.03,TPEx,2026-10-05
707687,九豪統一74購01,0.72,-0.02,TPEx,2026-10-05
707688,千附統一74購01,1.07,0.03,TPEx,2026-10-05
707689,千附精統一74購02,1.15,0.0,TPEx,2026-10-05
707690,台星科統一74購02,0.52,0.0,TPEx,2026-10-05
707694,系統電統一64購02,0.67,0.05,TPEx,2026-10-05
707698,茂迪統一67購02,0.32,-0.01,TPEx,2026-10-05
707699,意德士統一65購01,0.56,0.08,TPEx,2026-10-05
707700,意德士統一74購02,1.3,0.12,TPEx,2026-10-05
707701,萬泰科統一74購03,0.88,0.11,TPEx,2026-10-05
707702,臺慶科統一66購01,0.9,0.04,TPEx,2026-10-05
707704,環球晶統一64購03,3.58,0.08,TPEx,2026-10-05
707705,環球晶統一74購01,2.58,-0.07,TPEx,2026-10-05
707712,方土昶國票5B購01,0.49,-0.07,TPEx,2026-10-05
707713,立碁國票5B購01,1.8,0.56,TPEx,2026-10-05
707714,邑昇國票5B購01,0.08,0.03,TPEx,2026-10-05
707715,欣銓國票5B購02,0.97,-0.09,TPEx,2026-10-05
707718,家登國票5A購01,1.5,0.21,TPEx,2026-10-05
707719,能率亞國票5B購01,1.11,-0.12,TPEx,2026-10-05
707721,群聯國票5B購01,1.11,0.02,TPEx,2026-10-05
707722,蜜望實國票5B購01,1.28,0.04,TPEx,2026-10-05
707727,千附精元大5A購05,0.69,-0.1,TPEx,2026-10-05
707730,欣銓元大63購03,2.28,-0.1,TPEx,2026-10-05
707734,群聯元大5A購01,0.59,0.0,TPEx,2026-10-05
707735,群聯元大5A購02,0.38,0.02,TPEx,2026-10-05
707740,千附精凱基5A購02,0.13,-0.04,TPEx,2026-10-05
707746,萬泰科凱基5A購02,8.7,1.75,TPEx,2026-10-05
707747,群聯凱基5A購01,0.75,0.28,TPEx,2026-10-05
707748,群聯凱基5A購02,1.17,0.04,TPEx,2026-10-05
707751,方土昶永豐5A購01,0.9,0.0,TPEx,2026-10-05
707752,世禾永豐5B購01,0.12,-0.01,TPEx,2026-10-05
707753,立碁永豐61購01,0.92,0.27,TPEx,2026-10-05
707755,欣銓永豐5C購01,1.43,-0.11,TPEx,2026-10-05
707757,群聯永豐61購01,0.74,0.01,TPEx,2026-10-05
707758,群聯永豐64購01,0.96,0.01,TPEx,2026-10-05
707759,蜜望實永豐61購01,0.96,-0.02,TPEx,2026-10-05
707763,群聯群益5B購01,1.54,-0.08,TPEx,2026-10-05
707764,群聯群益61購01,1.52,0.02,TPEx,2026-10-05
707765,群聯群益64購01,1.92,-0.01,TPEx,2026-10-05
707768,力旺永豐5A購01,0.03,0.01,TPEx,2026-10-05
707770,力旺永豐5C購01,0.13,-0.04,TPEx,2026-10-05
707771,台半永豐5C購01,2.34,0.14,TPEx,2026-10-05
707776,旺矽永豐5B購02,0.4,0.07,TPEx,2026-10-05
707778,信驊永豐5B購04,2.95,0.47,TPEx,2026-10-05
707779,華景電永豐5C購02,0.15,0.03,TPEx,2026-10-05
707780,精測永豐61購02,0.18,0.0,TPEx,2026-10-05
707781,臺慶科永豐5B購01,0.85,0.02,TPEx,2026-10-05
707782,聰泰永豐5A購01,0.03,-0.02,TPEx,2026-10-05
707786,力旺凱基5C購01,0.16,-0.01,TPEx,2026-10-05
707787,力旺凱基61購01,0.23,0.05,TPEx,2026-10-05
707788,立碁凱基5B購01,0.86,0.34,TPEx,2026-10-05
707790,旺矽凱基5A購05,0.23,0.07,TPEx,2026-10-05
707791,旺矽凱基5B購02,0.31,0.07,TPEx,2026-10-05
707792,旺矽凱基5C購02,0.4,-0.2,TPEx,2026-10-05
707796,信驊凱基5B購03,3.93,0.45,TPEx,2026-10-05
707797,信驊凱基5C購02,3.78,0.56,TPEx,2026-10-05
707798,信驊凱基61購04,3.49,0.38,TPEx,2026-10-05
707799,家登凱基5A購01,1.4,0.2,TPEx,2026-10-05
707801,群翊凱基5A購02,0.02,0.01,TPEx,2026-10-05
707809,宏捷科台新61購01,0.38,0.06,TPEx,2026-10-05
707810,旺矽台新5A購01,0.33,0.07,TPEx,2026-10-05
707811,旺矽台新5A購02,0.06,-0.07,TPEx,2026-10-05
707813,信驊台新5A購02,3.17,0.74,TPEx,2026-10-05
707818,力旺元大5B購01,0.06,0.03,TPEx,2026-10-05
707820,旺矽元大5A購04,0.23,0.06,TPEx,2026-10-05
707821,旺矽元大5B購02,0.54,0.17,TPEx,2026-10-05
707822,旺矽元大61購02,0.9,-0.03,TPEx,2026-10-05
707823,長科*元大5A購01,0.7,-0.08,TPEx,2026-10-05
707825,信昌電元大5A購04,22.7,-1.2,TPEx,2026-10-05
707828,信驊元大5A購02,2.2,0.39,TPEx,2026-10-05
707829,信驊元大63購01,4.9,0.38,TPEx,2026-10-05
707831,華景電元大5A購05,0.01,0.0,TPEx,2026-10-05
707833,群翊元大61購01,0.33,0.04,TPEx,2026-10-05
707834,精測元大5B購02,0.3,0.02,TPEx,2026-10-05
707835,精測元大63購04,0.29,-0.1,TPEx,2026-10-05
707838,立碁國泰5B購02,2.47,0.85,TPEx,2026-10-05
707839,旺矽國泰5B購01,0.7,0.11,TPEx,2026-10-05
707840,旺矽國泰5B購02,0.47,0.02,TPEx,2026-10-05
707843,旺矽統一64購02,0.89,0.06,TPEx,2026-10-05
707844,群聯統一64購01,0.91,0.0,TPEx,2026-10-05
707845,精測統一64購03,0.27,0.01,TPEx,2026-10-05
707846,力旺富邦5C購01,0.17,0.01,TPEx,2026-10-05
707847,良維富邦62購01,0.8,0.0,TPEx,2026-10-05
707848,旺矽富邦64購02,0.75,0.08,TPEx,2026-10-05
707850,欣銓富邦64購01,0.91,-0.02,TPEx,2026-10-05
707852,信驊富邦61購01,3.68,0.38,TPEx,2026-10-05
707854,順達富邦62購01,0.65,0.02,TPEx,2026-10-05
707857,群翊富邦5B購01,0.06,0.01,TPEx,2026-10-05
707858,群聯富邦5C購01,0.91,0.04,TPEx,2026-10-05
707859,群聯富邦61購01,1.03,0.02,TPEx,2026-10-05
707860,精測富邦61購01,0.15,0.01,TPEx,2026-10-05
707864,良維凱基5B購03,0.24,0.02,TPEx,2026-10-05
707871,M31元大5A購01,0.07,-0.1,TPEx,2026-10-05
707873,M31元大61購01,0.31,-0.02,TPEx,2026-10-05
707874,M31元大63購01,0.37,0.0,TPEx,2026-10-05
707876,千附元大5A購01,0.13,-0.02,TPEx,2026-10-05
707877,加高元大5A購01,0.1,-0.09,TPEx,2026-10-05
707878,台嘉碩元大5A購02,0.16,0.0,TPEx,2026-10-05
707881,立碁元大63購01,1.98,0.53,TPEx,2026-10-05
707884,家登元大61購01,2.25,0.1,TPEx,2026-10-05
707894,M31富邦5C購01,0.28,-0.01,TPEx,2026-10-05
707896,台星科富邦61購01,0.48,-0.01,TPEx,2026-10-05
707899,宏捷科富邦61購02,0.1,0.0,TPEx,2026-10-05
707900,華景電富邦61購01,0.12,0.03,TPEx,2026-10-05
707902,萬泰科富邦62購01,0.78,0.17,TPEx,2026-10-05
707920,華景電元大5A購06,0.01,-0.1,TPEx,2026-10-05
707921,華景電元大63購01,0.16,0.04,TPEx,2026-10-05
707923,德微元大5A購01,2.86,-0.2,TPEx,2026-10-05
707928,欣銓凱基63購01,1.04,-0.05,TPEx,2026-10-05
707933,均華富邦61購01,0.19,0.02,TPEx,2026-10-05
707935,欣銓富邦5B購01,0.37,-0.01,TPEx,2026-10-05
707936,中美晶兆豐64購01,3.8,-0.4,TPEx,2026-10-05
707943,富喬群益5A購03,0.24,0.05,TPEx,2026-10-05
707945,聖暉*群益5B購01,0.41,0.03,TPEx,2026-10-05
707947,雙鴻群益5B購06,1.02,0.08,TPEx,2026-10-05
707949,千附凱基5A購01,0.02,0.0,TPEx,2026-10-05
707952,艾訊凱基5B購01,1.23,0.09,TPEx,2026-10-05
707960,雙鴻凱基61購02,1.29,0.14,TPEx,2026-10-05
707962,長科*富邦62購01,1.09,0.03,TPEx,2026-10-05
707963,家登富邦61購01,0.63,0.04,TPEx,2026-10-05
707964,富喬富邦61購01,0.44,0.07,TPEx,2026-10-05
707965,聖暉*富邦5C購01,0.57,0.01,TPEx,2026-10-05
707969,環球晶富邦5B購01,23.3,-0.9,TPEx,2026-10-05
707970,雙鴻富邦5C購09,0.99,-0.03,TPEx,2026-10-05
707972,富喬元大5C購02,0.43,0.07,TPEx,2026-10-05
707974,環球晶元大5A購01,3.29,-0.36,TPEx,2026-10-05
707977,富喬國票5A購02,0.24,0.07,TPEx,2026-10-05
707978,富喬國票5B購02,0.41,0.07,TPEx,2026-10-05
707982,雙鴻凱基5A購08,0.42,-0.78,TPEx,2026-10-05
707984,聖暉*凱基5C購01,0.82,0.01,TPEx,2026-10-05
707985,德微凱基5A購02,1.41,-0.72,TPEx,2026-10-05
707988,譜瑞群益5A購01,0.08,-0.07,TPEx,2026-10-05
707989,系統電國泰5B購01,0.91,0.01,TPEx,2026-10-05
707992,群聯國泰5B購02,1.0,0.02,TPEx,2026-10-05
707993,立碁元大5A購04,1.02,0.39,TPEx,2026-10-05
707995,德微元大5A購02,0.91,-0.14,TPEx,2026-10-05
707996,立碁永豐5B購02,1.24,0.38,TPEx,2026-10-05
707997,新盛力永豐61購01,1.61,-0.02,TPEx,2026-10-05
707998,群聯永豐5C購01,0.88,0.04,TPEx,2026-10-05
708000,德微永豐5B購01,1.45,-0.15,TPEx,2026-10-05
708001,雙鴻永豐5C購04,1.71,0.09,TPEx,2026-10-05
708003,立碁國票5B購02,1.3,0.33,TPEx,2026-10-05
708008,群聯國票5B購03,0.71,-0.01,TPEx,2026-10-05
708012,捷創台新5A購01,0.5,-0.05,TPEx,2026-10-05
708015,群聯台新5A購01,3.18,0.2,TPEx,2026-10-05
708016,群聯台新5A購02,1.71,0.07,TPEx,2026-10-05
708017,群聯台新5A購03,0.64,-0.04,TPEx,2026-10-05
708018,穩得台新5A購01,0.02,0.0,TPEx,2026-10-05
708021,群聯凱基5B購01,0.93,0.01,TPEx,2026-10-05
708025,大綜國票5A購01,1.24,0.37,TPEx,2026-10-05
708028,朋程國票5A購01,0.32,0.0,TPEx,2026-10-05
708029,崴寶國票5B購01,0.18,0.01,TPEx,2026-10-05
708031,群聯國票5B購04,1.07,0.02,TPEx,2026-10-05
708032,環球晶國票5A購02,5.15,0.24,TPEx,2026-10-05
708037,雙鴻永豐5B購03,0.8,0.07,TPEx,2026-10-05
708038,雙鴻永豐63購02,1.38,0.15,TPEx,2026-10-05
708041,良維元大63購01,0.44,0.02,TPEx,2026-10-05
708043,良維富邦61購01,0.23,0.0,TPEx,2026-10-05
708044,新盛力富邦61購02,1.2,0.01,TPEx,2026-10-05
708046,系統電群益5B購01,0.87,0.01,TPEx,2026-10-05
708048,臺慶科群益5A購01,0.75,0.06,TPEx,2026-10-05
708049,雙鴻群益5A購07,0.65,-0.66,TPEx,2026-10-05
708050,中美晶台新5B購02,2.49,-0.33,TPEx,2026-10-05
708054,環球晶台新5A購04,5.95,-0.2,TPEx,2026-10-05
708057,環球晶元大5A購03,5.35,0.3,TPEx,2026-10-05
708061,欣銓凱基5A購03,0.59,-0.09,TPEx,2026-10-05
708063,群聯凱基5B購02,0.3,0.0,TPEx,2026-10-05
708064,群聯兆豐64購01,1.72,0.01,TPEx,2026-10-05
708065,中美晶群益5C購01,2.3,-0.13,TPEx,2026-10-05
708066,群聯群益5B購02,0.47,0.0,TPEx,2026-10-05
708067,群聯群益5C購01,0.87,0.0,TPEx,2026-10-05
708068,精材群益5A購05,8.7,1.5,TPEx,2026-10-05
708070,雙鴻群益5B購07,0.84,0.07,TPEx,2026-10-05
708073,中美晶國票5B購01,1.89,-0.19,TPEx,2026-10-05
708076,群聯國票5B購05,0.84,-0.01,TPEx,2026-10-05
708082,系統電富邦61購01,0.77,0.09,TPEx,2026-10-05
708083,家登富邦5C購02,0.99,0.08,TPEx,2026-10-05
708084,群聯富邦5C購02,0.92,0.03,TPEx,2026-10-05
708085,群聯富邦61購02,0.74,0.0,TPEx,2026-10-05
708086,譜瑞富邦5C購03,0.19,0.0,TPEx,2026-10-05
708087,譜瑞富邦61購01,0.14,0.0,TPEx,2026-10-05
708090,精材永豐5B購02,5.7,0.96,TPEx,2026-10-05
708091,中美晶凱基61購02,2.66,-0.3,TPEx,2026-10-05
708093,群聯凱基61購01,0.38,0.0,TPEx,2026-10-05
708095,環球晶凱基5B購02,5.5,0.94,TPEx,2026-10-05
708101,佳邦國票5C購01,0.2,-0.01,TPEx,2026-10-05
708107,群聯國票61購01,0.59,0.01,TPEx,2026-10-05
708108,精華國票5C購01,0.11,0.0,TPEx,2026-10-05
708109,磐儀國票5C購01,0.09,-0.01,TPEx,2026-10-05
708110,世界台新5B購01,1.0,-0.17,TPEx,2026-10-05
708114,家登台新62購01,1.33,0.15,TPEx,2026-10-05
708115,勤凱台新5B購01,3.14,1.28,TPEx,2026-10-05
708116,群聯台新5B購01,0.54,0.02,TPEx,2026-10-05
708117,群聯台新5B購02,0.13,-0.01,TPEx,2026-10-05
708118,世界群益5B購05,1.98,-0.21,TPEx,2026-10-05
708121,家登群益61購01,0.67,0.05,TPEx,2026-10-05
708124,高鋒永豐5C購01,0.11,-0.02,TPEx,2026-10-05
708125,群聯永豐65購01,0.85,0.01,TPEx,2026-10-05
708126,群聯中信62購01,0.5,0.0,TPEx,2026-10-05
708129,欣銓國泰5C購01,1.44,-0.09,TPEx,2026-10-05
708131,中美晶富邦61購01,2.14,-0.24,TPEx,2026-10-05
708132,環球晶富邦5C購02,2.26,0.12,TPEx,2026-10-05
708140,群聯元大64購01,0.91,0.01,TPEx,2026-10-05
708144,雙鴻元大61購14,1.29,0.14,TPEx,2026-10-05
708146,世界凱基5B購01,0.52,-0.13,TPEx,2026-10-05
708148,欣銓凱基61購01,0.93,-0.06,TPEx,2026-10-05
708152,群聯凱基63購01,0.59,0.01,TPEx,2026-10-05
708158,華景電國泰5C購01,0.36,0.06,TPEx,2026-10-05
708159,世界富邦5B購01,0.55,-0.04,TPEx,2026-10-05
708160,系微富邦63購01,0.19,-0.03,TPEx,2026-10-05
708162,原相富邦5B購01,0.06,0.01,TPEx,2026-10-05
708163,萬泰科富邦5B購02,0.18,0.08,TPEx,2026-10-05
708164,群聯富邦62購01,0.57,0.0,TPEx,2026-10-05
708165,群聯富邦62購02,0.4,0.0,TPEx,2026-10-05
708168,東捷永豐67購01,1.78,-0.07,TPEx,2026-10-05
708171,家登中信5B購01,0.34,0.05,TPEx,2026-10-05
708173,欣銓兆豐61購01,1.02,-0.04,TPEx,2026-10-05
708175,安葆國票5C購01,0.51,0.07,TPEx,2026-10-05
708176,東捷國票5C購01,1.58,-0.26,TPEx,2026-10-05
708177,華景電國票5C購01,0.14,0.05,TPEx,2026-10-05
708179,群聯國票66購01,0.76,0.03,TPEx,2026-10-05
708181,東捷群益5B購03,1.2,-0.25,TPEx,2026-10-05
708183,群聯群益61購03,0.39,0.02,TPEx,2026-10-05
708184,久元元大64購01,0.33,-0.01,TPEx,2026-10-05
708189,東捷元大5B購04,0.72,-0.18,TPEx,2026-10-05
708191,順達元大64購03,1.22,0.05,TPEx,2026-10-05
708192,萬泰科元大5B購01,0.14,0.03,TPEx,2026-10-05
708194,群聯元大5B購03,0.18,-0.01,TPEx,2026-10-05
708195,群聯元大64購02,0.66,0.02,TPEx,2026-10-05
708204,安葆凱基5C購01,0.8,0.12,TPEx,2026-10-05
708207,順達凱基63購01,0.92,0.03,TPEx,2026-10-05
708208,萬泰科凱基5C購01,0.45,0.18,TPEx,2026-10-05
708209,群聯凱基64購01,0.55,0.01,TPEx,2026-10-05
708210,環球晶凱基5B購03,5.5,-0.25,TPEx,2026-10-05
708216,欣銓台新5B購01,1.54,-0.16,TPEx,2026-10-05
708217,欣銓台新5B購02,1.34,-0.13,TPEx,2026-10-05
708222,萬泰科台新5B購02,1.55,1.18,TPEx,2026-10-05
708228,凡甲富邦61購01,0.17,0.01,TPEx,2026-10-05
708229,中光電富邦62購01,0.62,0.0,TPEx,2026-10-05
708231,捷創富邦62購01,0.88,0.06,TPEx,2026-10-05
708232,世界永豐5C購01,1.13,-0.01,TPEx,2026-10-05
708233,家登永豐61購01,0.4,0.05,TPEx,2026-10-05
708234,家碩永豐5B購01,0.02,0.0,TPEx,2026-10-05
708235,群聯永豐65購02,0.61,0.01,TPEx,2026-10-05
708237,環球晶兆豐61購01,5.0,0.2,TPEx,2026-10-05
708238,艾訊國票63購01,0.92,0.04,TPEx,2026-10-05
708240,晶宏國票5C購01,2.3,0.11,TPEx,2026-10-05
708241,翔名國票5C購01,0.68,-0.01,TPEx,2026-10-05
708249,陽程群益5B購01,10.8,2.15,TPEx,2026-10-05
708250,群聯群益5B購03,0.12,-0.02,TPEx,2026-10-05
708256,群聯元大5B購04,0.45,-0.02,TPEx,2026-10-05
708257,群聯元大5B購05,0.22,-0.01,TPEx,2026-10-05
708258,群聯元大64購03,0.75,0.01,TPEx,2026-10-05
708264,環球晶元大5B購04,3.76,0.49,TPEx,2026-10-05
708266,威剛元大5B購04,0.1,-0.03,TPEx,2026-10-05
708267,威剛元大5B購05,0.15,-0.01,TPEx,2026-10-05
708268,威剛元大64購01,0.45,-0.02,TPEx,2026-10-05
708270,群聯元大5B購06,0.12,0.0,TPEx,2026-10-05
708273,安葆國泰5C購02,1.38,0.11,TPEx,2026-10-05
708274,勤凱國泰5C購01,2.03,0.63,TPEx,2026-10-05
708276,久元凱基64購01,0.44,-0.01,TPEx,2026-10-05
708277,均豪凱基65購01,0.33,0.0,TPEx,2026-10-05
708279,威剛凱基5B購03,0.04,-0.02,TPEx,2026-10-05
708280,群聯凱基64購02,0.49,0.01,TPEx,2026-10-05
708282,寶雅凱基5B購01,0.37,-0.02,TPEx,2026-10-05
708285,系微兆豐65購01,0.58,-0.04,TPEx,2026-10-05
708286,群聯兆豐65購01,1.25,-0.01,TPEx,2026-10-05
708287,凡甲國票5C購02,0.05,0.0,TPEx,2026-10-05
708290,世界國票5C購02,0.69,-0.06,TPEx,2026-10-05
708292,威剛國票5C購01,0.27,-0.02,TPEx,2026-10-05
708295,華宏國票5C購01,0.18,-0.03,TPEx,2026-10-05
708296,鉅橡國票5C購01,0.04,0.0,TPEx,2026-10-05
708302,欣銓永豐61購01,0.77,-0.04,TPEx,2026-10-05
708309,廣穎永豐65購01,1.16,0.0,TPEx,2026-10-05
708312,正淩群益63購01,0.7,-0.04,TPEx,2026-10-05
708315,岳豐群益65購01,0.28,-0.01,TPEx,2026-10-05
708316,威剛群益5B購02,0.16,-0.03,TPEx,2026-10-05
708317,威剛群益5C購01,0.35,-0.03,TPEx,2026-10-05
708319,茂綸群益5B購01,2.65,0.5,TPEx,2026-10-05
708325,大中凱基5B購01,1.1,0.04,TPEx,2026-10-05
708326,方土昶凱基5C購01,0.57,-0.09,TPEx,2026-10-05
708335,群聯凱基61購02,0.33,0.01,TPEx,2026-10-05
708337,環球晶凱基5C購02,2.99,-0.17,TPEx,2026-10-05
708343,艾訊台新5B購02,0.96,0.08,TPEx,2026-10-05
708344,良維台新5B購01,0.79,0.05,TPEx,2026-10-05
708346,良維台新5B購03,0.19,-0.02,TPEx,2026-10-05
708350,順達台新5B購02,1.52,0.07,TPEx,2026-10-05
708352,萬泰科台新5B購03,0.54,0.23,TPEx,2026-10-05
708353,群聯台新5B購03,0.27,0.0,TPEx,2026-10-05
708362,環球晶群益5B購02,4.24,1.18,TPEx,2026-10-05
708363,環球晶群益5B購03,3.48,0.02,TPEx,2026-10-05
708366,凡甲元大65購01,0.48,0.02,TPEx,2026-10-05
708371,台星科元大65購01,1.02,-0.02,TPEx,2026-10-05
708372,沛亨元大5B購01,0.58,-0.07,TPEx,2026-10-05
708373,欣銓元大5B購01,0.67,-0.1,TPEx,2026-10-05
708374,欣銓元大64購01,0.76,-0.04,TPEx,2026-10-05
708377,威剛元大5B購07,0.22,-0.01,TPEx,2026-10-05
708380,家登元大64購01,0.54,0.04,TPEx,2026-10-05
708383,群聯元大61購05,0.65,0.0,TPEx,2026-10-05
708387,均豪國泰62購01,0.81,0.0,TPEx,2026-10-05
708389,家登國泰5C購01,0.54,0.05,TPEx,2026-10-05
708393,合晶台新5B購04,17.5,-0.4,TPEx,2026-10-05
708399,優群台新5B購01,0.01,-0.09,TPEx,2026-10-05
708401,中美晶凱基61購03,2.09,-0.48,TPEx,2026-10-05
708402,世禾凱基5B購01,0.1,0.0,TPEx,2026-10-05
708404,尼克森凱基5B購01,0.86,0.33,TPEx,2026-10-05
708406,欣銓凱基5B購01,0.15,-0.03,TPEx,2026-10-05
708408,威剛凱基5C購01,0.07,-0.02,TPEx,2026-10-05
708409,智通*凱基5B購01,0.86,0.1,TPEx,2026-10-05
708410,群聯凱基64購03,0.36,0.01,TPEx,2026-10-05
708412,環球晶兆豐61購02,2.94,-0.03,TPEx,2026-10-05
708413,FH中5G元大5B購01,0.53,0.08,TPEx,2026-10-05
708415,世界元大64購03,0.77,-0.04,TPEx,2026-10-05
708416,世界元大65購01,0.67,-0.03,TPEx,2026-10-05
708418,順達元大64購04,2.26,0.06,TPEx,2026-10-05
708419,新盛力元大64購01,2.8,0.07,TPEx,2026-10-05
708420,萬泰科元大5B購02,0.61,0.25,TPEx,2026-10-05
708422,鈺太元大65購01,0.2,-0.02,TPEx,2026-10-05
708424,環球晶元大5B購05,2.21,0.23,TPEx,2026-10-05
708425,世界國票5C購03,0.42,-0.02,TPEx,2026-10-05
708426,台半國票5C購01,2.68,0.39,TPEx,2026-10-05
708427,朋億*國票5C購01,0.68,0.03,TPEx,2026-10-05
708428,群聯國票61購02,0.31,0.0,TPEx,2026-10-05
708433,家登富邦61購02,0.51,0.05,TPEx,2026-10-05
708434,家登富邦62購01,0.48,0.04,TPEx,2026-10-05
708438,環球晶富邦5C購03,1.74,0.09,TPEx,2026-10-05
708440,立碁群益5C購01,3.07,0.88,TPEx,2026-10-05
708442,艾訊群益5B購02,0.31,0.01,TPEx,2026-10-05
708443,家登群益61購02,0.43,0.02,TPEx,2026-10-05
708445,群聯群益5B購04,0.07,0.0,TPEx,2026-10-05
708446,環球晶群益5C購02,3.78,-0.13,TPEx,2026-10-05
708448,世界凱基65購01,0.52,-0.04,TPEx,2026-10-05
708449,台半凱基5C購01,2.08,0.15,TPEx,2026-10-05
708450,合晶凱基5B購02,7.1,-0.35,TPEx,2026-10-05
708451,合晶凱基61購01,6.2,-0.85,TPEx,2026-10-05
708452,欣銓凱基64購01,0.43,-0.04,TPEx,2026-10-05
708453,金山電凱基5B購02,1.22,0.09,TPEx,2026-10-05
708454,威剛凱基5B購06,0.08,-0.01,TPEx,2026-10-05
708455,胡連凱基5B購01,0.18,0.0,TPEx,2026-10-05
708457,新盛力凱基5B購02,1.65,0.02,TPEx,2026-10-05
708461,營邦凱基5B購02,0.3,0.04,TPEx,2026-10-05
708462,營邦凱基5B購03,0.34,0.04,TPEx,2026-10-05
708463,環球晶凱基5B購04,1.3,-0.15,TPEx,2026-10-05
708464,環球晶凱基5B購05,1.68,-0.07,TPEx,2026-10-05
708470,環球晶台新5B購01,5.6,-0.5,TPEx,2026-10-05
708471,環球晶台新5B購02,3.05,-0.45,TPEx,2026-10-05
708472,環球晶台新62購01,1.75,0.01,TPEx,2026-10-05
708473,環球晶台新62購02,1.38,-0.07,TPEx,2026-10-05
708480,世界元大64購04,1.19,-0.05,TPEx,2026-10-05
708486,合晶元大65購01,4.67,-0.63,TPEx,2026-10-05
708490,群聯元大5B購08,0.09,0.0,TPEx,2026-10-05
708491,群聯元大5B購09,0.06,0.0,TPEx,2026-10-05
708492,營邦元大5B購01,0.51,0.04,TPEx,2026-10-05
708493,營邦元大5B購02,0.31,0.02,TPEx,2026-10-05
708494,環球晶元大5B購06,3.3,1.09,TPEx,2026-10-05
708495,環球晶元大5B購07,2.95,-0.13,TPEx,2026-10-05
708496,環球晶元大5B購08,2.74,-0.14,TPEx,2026-10-05
708497,環球晶元大5B購09,1.2,0.2,TPEx,2026-10-05
708499,環球晶元大64購01,2.29,0.08,TPEx,2026-10-05
708500,譜瑞元大61購02,0.41,0.02,TPEx,2026-10-05
708501,威剛兆豐65購01,1.22,-0.04,TPEx,2026-10-05
708502,金山電國泰61購01,2.89,-0.27,TPEx,2026-10-05
708503,群聯國泰62購01,0.59,-0.01,TPEx,2026-10-05
708504,群聯國泰63購01,0.95,0.02,TPEx,2026-10-05
708505,群聯國泰63購02,0.69,0.03,TPEx,2026-10-05
708507,環球晶國泰61購01,4.6,0.08,TPEx,2026-10-05
708508,環球晶國泰61購02,5.0,-0.25,TPEx,2026-10-05
708513,合晶國票5C購01,5.25,-0.35,TPEx,2026-10-05
708514,金山電國票5C購02,1.1,-0.08,TPEx,2026-10-05
708515,環球晶國票5B購01,2.44,0.01,TPEx,2026-10-05
708516,環球晶國票5C購01,2.31,-0.11,TPEx,2026-10-05
708519,營邦富邦61購01,0.45,0.05,TPEx,2026-10-05
708520,環球晶富邦5B購02,1.15,-0.05,TPEx,2026-10-05
708521,環球晶富邦61購01,1.19,-0.07,TPEx,2026-10-05
708522,中美晶群益5C購02,2.01,-0.38,TPEx,2026-10-05
708523,世界群益5B購08,0.13,-0.04,TPEx,2026-10-05
708532,環球晶群益5B購04,1.74,-0.18,TPEx,2026-10-05
708533,譜瑞群益5C購02,0.23,-0.01,TPEx,2026-10-05
708536,立碁凱基5C購01,1.78,0.43,TPEx,2026-10-05
708538,倚強凱基5B購01,4.5,-0.24,TPEx,2026-10-05
708541,臺慶科凱基5B購01,0.3,0.0,TPEx,2026-10-05
708542,譜瑞凱基61購01,0.2,0.0,TPEx,2026-10-05
708543,群聯永豐65購03,0.4,0.0,TPEx,2026-10-05
708546,譜瑞兆豐65購01,0.57,-0.03,TPEx,2026-10-05
708547,群聯群益67購01,0.5,0.0,TPEx,2026-10-05
708549,廣穎群益61購01,1.26,-0.01,TPEx,2026-10-05
708550,世界元大63購03,1.46,-0.06,TPEx,2026-10-05
708551,新盛力元大61購02,3.59,0.15,TPEx,2026-10-05
708552,群聯元大5C購01,0.45,-0.01,TPEx,2026-10-05
708555,中美晶國泰61購01,3.76,-0.38,TPEx,2026-10-05
708556,台半國泰5C購01,3.61,0.42,TPEx,2026-10-05
708557,欣銓國泰5C購02,1.06,-0.08,TPEx,2026-10-05
708558,立碁富邦5B購01,1.08,0.38,TPEx,2026-10-05
708559,欣銓富邦5B購02,0.18,-0.02,TPEx,2026-10-05
708560,威剛富邦5B購01,0.1,-0.02,TPEx,2026-10-05
708561,順達富邦5C購02,0.62,0.06,TPEx,2026-10-05
708563,中美晶國票5C購01,1.23,-0.17,TPEx,2026-10-05
708565,尼克森國票5B購01,0.32,0.11,TPEx,2026-10-05
708566,立敦國票5B購01,0.45,0.01,TPEx,2026-10-05
708568,宸曜國票5B購01,0.49,0.02,TPEx,2026-10-05
708571,群聯國票5C購01,0.19,0.0,TPEx,2026-10-05
708572,世界凱基5B購03,0.65,-0.02,TPEx,2026-10-05
708574,創惟凱基5B購01,0.1,-0.02,TPEx,2026-10-05
708578,閎康凱基5B購04,0.05,0.0,TPEx,2026-10-05
708579,群聯凱基5B購04,0.1,0.0,TPEx,2026-10-05
708583,精材凱基5B購05,5.5,1.05,TPEx,2026-10-05
708584,廣穎凱基5B購02,0.61,0.0,TPEx,2026-10-05
708585,譜瑞凱基5B購02,0.01,0.0,TPEx,2026-10-05
708588,群聯富邦62購05,0.13,0.01,TPEx,2026-10-05
708589,宏捷科兆豐65購01,0.56,0.14,TPEx,2026-10-05
708590,群聯兆豐65購02,0.59,0.0,TPEx,2026-10-05
708591,精材兆豐61購01,4.62,0.67,TPEx,2026-10-05
708592,元太元大5B購02,0.17,0.01,TPEx,2026-10-05
708593,世禾元大5B購02,0.22,0.02,TPEx,2026-10-05
708594,欣銓元大5B購02,0.9,-0.04,TPEx,2026-10-05
708596,新盛力元大61購03,1.91,0.0,TPEx,2026-10-05
708598,群聯元大5B購11,0.11,-0.05,TPEx,2026-10-05
708599,群聯元大5B購12,0.1,-0.01,TPEx,2026-10-05
708601,群聯元大5B購14,0.16,0.0,TPEx,2026-10-05
708602,群聯元大5C購02,0.16,-0.01,TPEx,2026-10-05
708604,群聯元大63購03,0.23,0.0,TPEx,2026-10-05
708605,精材元大61購07,6.85,0.85,TPEx,2026-10-05
708606,譜瑞元大5B購03,0.02,-0.02,TPEx,2026-10-05
708607,中美晶永豐65購01,1.2,-0.08,TPEx,2026-10-05
708608,台半永豐63購01,1.35,0.04,TPEx,2026-10-05
708610,新盛力永豐63購01,1.17,-0.01,TPEx,2026-10-05
708611,群聯永豐5C購03,0.1,-0.02,TPEx,2026-10-05
708612,群聯永豐5C購04,0.14,-0.01,TPEx,2026-10-05
708613,精材永豐64購01,3.5,0.42,TPEx,2026-10-05
708614,德微永豐63購01,1.98,-0.07,TPEx,2026-10-05
708615,元太群益5B購03,0.02,-0.01,TPEx,2026-10-05
708617,台半群益5B購01,1.07,0.22,TPEx,2026-10-05
708620,陽程群益5B購02,6.9,0.8,TPEx,2026-10-05
708623,群聯群益5B購05,0.06,-0.02,TPEx,2026-10-05
708624,群聯群益61購04,0.19,0.0,TPEx,2026-10-05
708633,新盛力凱基61購01,0.99,-0.01,TPEx,2026-10-05
708634,譜瑞凱基5B購03,0.09,-0.02,TPEx,2026-10-05
708636,中美晶元大63購02,2.53,-0.21,TPEx,2026-10-05
708637,沛亨元大5B購02,0.08,-0.03,TPEx,2026-10-05
708640,順達元大5B購04,0.56,0.02,TPEx,2026-10-05
708646,譜瑞元大5B購07,0.02,0.0,TPEx,2026-10-05
708648,沛亨永豐5C購01,0.21,-0.01,TPEx,2026-10-05
708651,中美晶富邦5B購01,1.36,-0.08,TPEx,2026-10-05
708655,新盛力富邦62購01,0.92,-0.03,TPEx,2026-10-05
708670,陽程元大63購02,3.09,0.55,TPEx,2026-10-05
708671,新盛力元大5B購03,1.36,0.05,TPEx,2026-10-05
708674,威剛永豐67購01,0.73,0.0,TPEx,2026-10-05
708678,臺慶科永豐5C購01,0.31,0.0,TPEx,2026-10-05
708682,威剛凱基5B購07,0.21,0.0,TPEx,2026-10-05
708684,陽程凱基5B購01,3.5,0.86,TPEx,2026-10-05
708685,新盛力凱基5B購03,0.68,-0.02,TPEx,2026-10-05
708686,新盛力凱基61購02,1.11,-0.05,TPEx,2026-10-05
708693,方土昶台新5B購01,1.0,-0.07,TPEx,2026-10-05
708698,順達台新5B購03,0.81,0.05,TPEx,2026-10-05
708699,臺慶科台新5B購02,1.28,0.05,TPEx,2026-10-05
708700,凡甲國泰61購02,0.34,-0.01,TPEx,2026-10-05
708704,台半富邦62購01,0.82,0.07,TPEx,2026-10-05
708705,華景電富邦5B購01,0.09,0.03,TPEx,2026-10-05
708706,新盛力富邦61購04,0.81,-0.02,TPEx,2026-10-05
708707,德微富邦63購01,1.36,-0.12,TPEx,2026-10-05
708710,元太國票5C購02,0.05,0.0,TPEx,2026-10-05
708713,朋程國票5B購01,0.2,-0.01,TPEx,2026-10-05
708715,新盛力國票5B購02,0.67,-0.05,TPEx,2026-10-05
708716,中美晶台新5B購04,7.95,-2.05,TPEx,2026-10-05
708717,台半台新5B購01,4.86,0.44,TPEx,2026-10-05
708718,台半台新5B購02,3.38,0.21,TPEx,2026-10-05
708719,台半台新5B購03,1.96,0.08,TPEx,2026-10-05
708721,陽程凱基61購01,2.93,0.64,TPEx,2026-10-05
708722,陽程凱基63購02,2.3,0.44,TPEx,2026-10-05
708723,勤凱凱基5B購01,0.97,0.78,TPEx,2026-10-05
708727,台半元大63購02,2.82,0.14,TPEx,2026-10-05
708729,博盛元大5B購02,0.43,0.07,TPEx,2026-10-05
708731,陽程元大5B購01,2.51,0.19,TPEx,2026-10-05
708733,陽程元大65購02,1.5,0.28,TPEx,2026-10-05
708739,德微元大5B購02,1.43,-0.11,TPEx,2026-10-05
708740,擎亞元大5B購03,0.15,0.01,TPEx,2026-10-05
708742,尼克森永豐5C購01,0.23,0.07,TPEx,2026-10-05
708743,光頡永豐61購01,4.34,0.28,TPEx,2026-10-05
708745,陽程永豐5B購02,1.53,0.48,TPEx,2026-10-05
708747,臺慶科永豐65購01,0.59,0.02,TPEx,2026-10-05
708748,擎亞永豐5C購01,0.25,0.01,TPEx,2026-10-05
708750,雙鴻永豐65購01,2.32,0.17,TPEx,2026-10-05
708751,精材富邦5B購02,3.7,0.13,TPEx,2026-10-05
708752,博盛國泰5C購01,0.81,0.13,TPEx,2026-10-05
708755,中美晶群益5B購03,2.88,-0.43,TPEx,2026-10-05
708757,威剛群益61購02,0.83,0.2,TPEx,2026-10-05
708761,擎亞群益5B購02,0.08,0.0,TPEx,2026-10-05
708762,大中國票5B購01,0.62,0.12,TPEx,2026-10-05
708763,世界國票5C購04,0.42,-0.04,TPEx,2026-10-05
708769,家碩國票5C購01,0.3,0.01,TPEx,2026-10-05
708770,博盛國票5B購02,0.32,0.04,TPEx,2026-10-05
708773,陽程國票5B購01,2.15,0.49,TPEx,2026-10-05
708778,臺慶科國票5C購02,0.25,0.0,TPEx,2026-10-05
708779,廣閎科國票5C購01,1.37,0.18,TPEx,2026-10-05
708784,光頡凱基5B購02,4.79,-0.66,TPEx,2026-10-05
708786,沛亨凱基5B購02,0.27,-0.03,TPEx,2026-10-05
708787,群翊凱基5B購01,0.37,0.06,TPEx,2026-10-05
708789,精材凱基5B購06,3.19,0.81,TPEx,2026-10-05
708791,精材凱基5C購02,3.29,0.54,TPEx,2026-10-05
708792,精材凱基61購04,2.87,0.56,TPEx,2026-10-05
708793,德微凱基5B購01,2.13,-0.05,TPEx,2026-10-05
708794,世界中信5B購02,0.17,-0.01,TPEx,2026-10-05
708795,正淩永豐61購01,0.19,0.0,TPEx,2026-10-05
708796,茂綸永豐61購01,0.78,0.15,TPEx,2026-10-05
708797,神準永豐5C購01,0.38,0.0,TPEx,2026-10-05
708798,精材永豐65購01,2.48,0.32,TPEx,2026-10-05
708799,台半元大5B購01,3.1,0.79,TPEx,2026-10-05
708800,光頡元大5B購01,3.98,-0.61,TPEx,2026-10-05
708802,聖暉*元大5B購03,0.37,0.03,TPEx,2026-10-05
708804,雷科元大5B購01,5.35,-0.2,TPEx,2026-10-05
708807,精材元大5B購15,4.7,0.73,TPEx,2026-10-05
708810,精材元大63購03,2.23,0.06,TPEx,2026-10-05
708811,臺慶科元大63購01,0.39,0.0,TPEx,2026-10-05
708812,世界台新5B購04,1.08,-0.11,TPEx,2026-10-05
708815,欣銓台新5B購04,0.58,-0.08,TPEx,2026-10-05
708816,倚強台新5B購01,2.59,-0.01,TPEx,2026-10-05
708822,臺慶科台新5B購03,0.62,0.09,TPEx,2026-10-05
708824,伍豐國票5C購01,0.14,-0.03,TPEx,2026-10-05
708827,聖暉*兆豐61購01,0.34,0.0,TPEx,2026-10-05
708831,茂綸群益5C購01,0.65,0.08,TPEx,2026-10-05
708833,精材群益5B購07,6.05,1.24,TPEx,2026-10-05
708834,千如國泰5C購01,3.62,0.51,TPEx,2026-10-05
708837,精材國泰5C購02,5.9,0.85,TPEx,2026-10-05
708839,萬泰科富邦63購01,0.39,0.09,TPEx,2026-10-05
708841,台半元大5B購02,1.47,0.36,TPEx,2026-10-05
708843,威剛元大5B購10,1.04,-0.04,TPEx,2026-10-05
708844,威剛元大5B購11,0.52,-0.04,TPEx,2026-10-05
708846,順達元大5B購05,1.01,0.0,TPEx,2026-10-05
708847,新盛力元大5B購04,1.74,0.09,TPEx,2026-10-05
708848,群翊元大5B購03,0.38,0.05,TPEx,2026-10-05
708852,台半凱基5B購01,1.19,0.14,TPEx,2026-10-05
708853,立碁凱基5C購02,2.38,0.33,TPEx,2026-10-05
708854,光頡凱基5B購03,2.93,-0.02,TPEx,2026-10-05
708856,茂綸凱基5C購01,1.01,0.03,TPEx,2026-10-05
708858,德微凱基5B購02,0.94,-0.24,TPEx,2026-10-05
708859,立敦台新5B購01,1.12,-0.09,TPEx,2026-10-05
708861,沛亨台新5B購01,0.81,-0.04,TPEx,2026-10-05
708864,捷創台新5B購01,0.63,-0.05,TPEx,2026-10-05
708866,新盛力台新5B購03,2.13,0.06,TPEx,2026-10-05
708867,新盛力台新5C購01,2.71,-0.05,TPEx,2026-10-05
708868,新盛力台新62購02,2.24,-0.02,TPEx,2026-10-05
708869,中美晶中信5B購01,1.41,-0.22,TPEx,2026-10-05
708870,光頡中信5B購01,1.68,-0.12,TPEx,2026-10-05
708871,威剛中信65購01,0.4,0.0,TPEx,2026-10-05
708872,台半永豐61購01,1.91,0.39,TPEx,2026-10-05
708875,千如國票5C購01,0.78,-0.14,TPEx,2026-10-05
708876,台半國票5C購02,1.59,0.13,TPEx,2026-10-05
708880,亞通國票5B購01,1.56,-0.34,TPEx,2026-10-05
708883,晶焱國票5B購01,0.19,0.01,TPEx,2026-10-05
708884,智通*國票5B購02,0.19,0.02,TPEx,2026-10-05
708886,雅特力國票5C購01,1.81,-0.18,TPEx,2026-10-05
708887,萬泰科國票5C購01,0.38,0.12,TPEx,2026-10-05
708888,雷科國票5B購02,2.83,0.29,TPEx,2026-10-05
708889,德微國票5C購01,1.56,-0.18,TPEx,2026-10-05
708892,世界群益62購02,0.71,-0.04,TPEx,2026-10-05
708893,立碁群益5B購01,3.34,0.54,TPEx,2026-10-05
708894,光頡群益5B購02,4.01,-0.17,TPEx,2026-10-05
708896,擎亞群益5C購01,0.09,0.0,TPEx,2026-10-05
708902,大中統一63購01,0.89,0.12,TPEx,2026-10-05
708903,大中統一65購01,0.74,-0.01,TPEx,2026-10-05
708904,世界統一64購02,0.7,-0.03,TPEx,2026-10-05
708905,世界統一65購01,0.64,-0.01,TPEx,2026-10-05
708906,世界統一65購02,0.56,-0.02,TPEx,2026-10-05
708907,尼克森統一63購01,0.46,0.18,TPEx,2026-10-05
708911,立敦統一66購01,0.34,0.0,TPEx,2026-10-05
708913,光頡統一65購01,1.81,-0.03,TPEx,2026-10-05
708915,安葆統一75購01,0.9,0.06,TPEx,2026-10-05
708916,艾訊統一65購01,0.3,0.0,TPEx,2026-10-05
708918,亞通統一65購01,0.91,-0.03,TPEx,2026-10-05
708919,欣銓統一63購01,0.66,-0.02,TPEx,2026-10-05
708920,欣銓統一65購02,0.58,-0.01,TPEx,2026-10-05
708921,欣銓統一67購01,1.1,-0.03,TPEx,2026-10-05
708922,欣銓統一69購01,0.84,-0.01,TPEx,2026-10-05
708925,威剛統一65購02,0.58,0.01,TPEx,2026-10-05
708927,威剛統一69購01,0.39,-0.01,TPEx,2026-10-05
708928,茂達統一64購01,0.6,0.03,TPEx,2026-10-05
708929,茂綸統一63購01,0.97,0.18,TPEx,2026-10-05
708930,翔名統一63購01,0.38,-0.12,TPEx,2026-10-05
708934,順達統一65購02,0.57,0.0,TPEx,2026-10-05
708935,新盛力統一69購01,0.73,-0.01,TPEx,2026-10-05
708936,聖暉*統一63購02,0.35,0.0,TPEx,2026-10-05
708937,臺慶科統一63購01,0.66,0.06,TPEx,2026-10-05
708938,臺慶科統一65購01,0.42,0.0,TPEx,2026-10-05
708941,世界凱基63購01,0.88,-0.04,TPEx,2026-10-05
708942,台半凱基61購01,1.18,0.05,TPEx,2026-10-05
708945,威剛凱基5B購08,0.36,-0.03,TPEx,2026-10-05
708946,德微凱基5C購01,0.92,-0.18,TPEx,2026-10-05
708947,擎亞凱基5B購04,0.05,-0.02,TPEx,2026-10-05
708948,順達台新61購01,2.09,0.16,TPEx,2026-10-05
708951,中美晶元大5B購05,2.04,-0.01,TPEx,2026-10-05
708952,台半元大5B購03,0.68,0.11,TPEx,2026-10-05
708956,順達元大5B購06,1.64,0.15,TPEx,2026-10-05
708957,新盛力元大5B購05,1.15,0.04,TPEx,2026-10-05
708958,雷科元大5B購02,3.58,0.24,TPEx,2026-10-05
708959,雷科元大5B購03,3.67,0.39,TPEx,2026-10-05
708962,點序元大5B購01,0.05,-0.06,TPEx,2026-10-05
708963,台半永豐5C購02,0.86,0.01,TPEx,2026-10-05
708964,凌陽創永豐61購01,0.14,-0.02,TPEx,2026-10-05
708965,萬泰科永豐61購01,0.4,0.11,TPEx,2026-10-05
708970,欣銓群益5B購03,0.66,-0.06,TPEx,2026-10-05
708971,鈊象群益5B購03,0.52,-0.01,TPEx,2026-10-05
708973,德微群益5B購03,1.0,-0.25,TPEx,2026-10-05
708977,台半統一63購01,1.17,0.12,TPEx,2026-10-05
708978,台半統一65購01,0.6,0.04,TPEx,2026-10-05
708979,台半統一69購01,0.61,0.02,TPEx,2026-10-05
708980,台星科統一65購01,0.64,0.0,TPEx,2026-10-05
708984,欣銓統一65購03,0.63,0.01,TPEx,2026-10-05
708988,茂達統一65購01,0.59,0.02,TPEx,2026-10-05
708989,茂綸統一65購01,0.67,0.04,TPEx,2026-10-05
708991,聖暉*統一65購02,0.53,0.03,TPEx,2026-10-05
708992,德微統一63購02,0.74,-0.12,TPEx,2026-10-05
708998,台半國票5C購03,0.95,0.12,TPEx,2026-10-05
709002,泓格國票5C購01,0.26,-0.03,TPEx,2026-10-05
709005,德微國票5C購02,1.36,0.11,TPEx,2026-10-05
709006,大中台新5B購01,1.37,0.01,TPEx,2026-10-05
709010,博大台新5B購01,0.6,-0.18,TPEx,2026-10-05
709011,立敦凱基5B購01,0.1,-0.03,TPEx,2026-10-05
709012,安葆凱基5C購02,2.49,0.23,TPEx,2026-10-05
709013,佳邦凱基5C購01,0.54,-0.01,TPEx,2026-10-05
709019,臺慶科凱基63購01,0.42,0.0,TPEx,2026-10-05
709020,德微凱基5B購03,0.37,-0.11,TPEx,2026-10-05
709022,雙鴻凱基61購03,2.7,0.3,TPEx,2026-10-05
709024,世界群益61購01,0.78,0.0,TPEx,2026-10-05
709025,台半群益5B購02,1.92,0.66,TPEx,2026-10-05
709026,台半群益5B購03,1.81,0.42,TPEx,2026-10-05
709029,茂達群益5B購01,0.55,0.1,TPEx,2026-10-05
709030,智通*群益5B購01,0.34,-0.02,TPEx,2026-10-05
709032,新盛力群益61購01,2.3,-0.09,TPEx,2026-10-05
709037,威剛元大5B購14,3.1,-0.03,TPEx,2026-10-05
709039,順達元大5B購07,8.4,0.2,TPEx,2026-10-05
709041,德微元大5B購03,1.02,-0.14,TPEx,2026-10-05
709047,擎亞國泰62購01,0.75,0.01,TPEx,2026-10-05
709049,台半富邦62購02,0.9,0.07,TPEx,2026-10-05
709055,正淩統一69購01,0.46,-0.01,TPEx,2026-10-05
709057,沛亨統一65購01,0.48,-0.01,TPEx,2026-10-05
709058,朋程統一63購01,0.4,0.02,TPEx,2026-10-05
709060,欣銓統一65購04,0.62,-0.01,TPEx,2026-10-05
709063,閎康統一65購03,0.34,0.04,TPEx,2026-10-05
709065,德微統一5B購01,0.39,-0.16,TPEx,2026-10-05
709066,德微統一65購01,0.56,-0.06,TPEx,2026-10-05
709068,擎亞統一63購02,0.24,0.01,TPEx,2026-10-05
709070,鑫科統一64購01,0.2,-0.01,TPEx,2026-10-05
709072,佳邦永豐63購01,0.64,0.02,TPEx,2026-10-05
709076,德微永豐5C購01,0.8,-0.21,TPEx,2026-10-05
709077,擎亞永豐64購01,0.44,0.03,TPEx,2026-10-05
709078,元債20國票5B購02,0.37,-0.03,TPEx,2026-10-05
709079,台半國票61購01,0.83,0.07,TPEx,2026-10-05
709080,佳邦國票5C購02,0.22,0.03,TPEx,2026-10-05
709081,茂達國票5C購01,0.32,0.03,TPEx,2026-10-05
709082,博大國票5C購01,0.39,-0.1,TPEx,2026-10-05
709083,晶宏國票5C購02,1.12,0.02,TPEx,2026-10-05
709086,德微國票5C購03,0.79,-0.08,TPEx,2026-10-05
709087,點序國票5B購01,0.12,-0.05,TPEx,2026-10-05
709089,世紀*元大5B購01,4.28,-1.17,TPEx,2026-10-05
709091,博智元大5B購02,0.11,0.0,TPEx,2026-10-05
709092,智通*元大5B購01,0.38,0.0,TPEx,2026-10-05
709093,鈊象元大5B購02,1.37,0.01,TPEx,2026-10-05
709094,群聯元大5B購15,1.77,-0.02,TPEx,2026-10-05
709098,尼克森國票5B購02,0.26,0.11,TPEx,2026-10-05
709100,晶宏國票5C購03,0.82,0.05,TPEx,2026-10-05
709101,華容國票5C購02,2.29,-0.16,TPEx,2026-10-05
709103,雷科國票5C購01,2.32,0.17,TPEx,2026-10-05
709104,臺慶科國票5C購03,0.18,0.02,TPEx,2026-10-05
709105,廣穎國票5C購02,0.89,-0.02,TPEx,2026-10-05
709107,擎亞國票5C購01,0.16,-0.01,TPEx,2026-10-05
709109,中美晶凱基63購01,1.96,-0.12,TPEx,2026-10-05
709110,均豪凱基5C購01,0.23,-0.01,TPEx,2026-10-05
709113,博智凱基5B購02,0.13,0.02,TPEx,2026-10-05
709116,群聯凱基5B購06,0.18,-0.01,TPEx,2026-10-05
709117,群聯凱基5B購07,0.21,-0.02,TPEx,2026-10-05
709118,雙鴻凱基5B購02,2.53,0.46,TPEx,2026-10-05
709119,中光電台新5B購01,0.37,-0.08,TPEx,2026-10-05
709120,中美晶台新61購01,4.44,-0.03,TPEx,2026-10-05
709122,博盛台新5B購01,0.58,0.08,TPEx,2026-10-05
709126,順達台新5B購04,1.73,0.15,TPEx,2026-10-05
709130,雷科台新5B購01,3.66,-0.05,TPEx,2026-10-05
709131,雷科台新5B購02,3.11,0.17,TPEx,2026-10-05
709132,廣穎台新5B購01,1.21,0.03,TPEx,2026-10-05
709136,博智富邦61購02,0.2,0.02,TPEx,2026-10-05
709137,群聯富邦61購03,0.4,0.0,TPEx,2026-10-05
709139,安勤永豐5C購01,0.6,0.01,TPEx,2026-10-05
709142,群聯永豐5C購05,0.34,0.0,TPEx,2026-10-05
709147,中美晶統一66購01,0.91,-0.06,TPEx,2026-10-05
709149,沛亨統一63購01,0.51,0.0,TPEx,2026-10-05
709151,沛亨統一65購02,0.42,-0.03,TPEx,2026-10-05
709152,佳邦統一63購01,0.42,0.03,TPEx,2026-10-05
709155,欣銓統一63購02,0.49,-0.02,TPEx,2026-10-05
709156,茂達統一65購03,0.42,0.01,TPEx,2026-10-05
709157,茂達統一69購01,0.59,0.02,TPEx,2026-10-05
709158,茂綸統一65購02,0.78,0.07,TPEx,2026-10-05
709159,茂綸統一65購03,0.69,0.05,TPEx,2026-10-05
709160,神準統一66購01,0.56,0.0,TPEx,2026-10-05
709161,博智統一63購02,0.22,0.01,TPEx,2026-10-05
709164,萬泰科統一75購01,0.56,0.06,TPEx,2026-10-05
709165,群聯統一5B購02,0.08,-0.01,TPEx,2026-10-05
709166,群聯統一63購01,0.32,0.0,TPEx,2026-10-05
709167,群聯統一63購02,0.27,0.0,TPEx,2026-10-05
709168,群聯統一65購01,0.29,0.0,TPEx,2026-10-05
709170,群聯統一69購01,0.95,0.01,TPEx,2026-10-05
709171,群聯統一69購02,0.53,-0.01,TPEx,2026-10-05
709172,群聯統一6B購01,1.03,0.0,TPEx,2026-10-05
709173,群聯統一75購01,1.09,-0.01,TPEx,2026-10-05
709174,聖暉*統一65購03,0.53,0.03,TPEx,2026-10-05
709176,臺慶科統一65購02,0.33,0.02,TPEx,2026-10-05
709177,臺慶科統一65購03,0.57,0.04,TPEx,2026-10-05
709178,臺慶科統一69購01,0.58,0.04,TPEx,2026-10-05
709181,擎亞統一65購03,0.39,0.01,TPEx,2026-10-05
709182,擎亞統一65購04,0.25,0.0,TPEx,2026-10-05
709184,鑫聯統一69購01,0.31,-0.01,TPEx,2026-10-05
709185,群聯中信63購01,0.4,0.0,TPEx,2026-10-05
709186,倚強群益5B購01,2.14,-0.09,TPEx,2026-10-05
709191,新盛力群益61購02,1.87,-0.05,TPEx,2026-10-05
709192,群聯群益5B購07,0.59,0.01,TPEx,2026-10-05
709199,威聯通永豐61購01,0.14,-0.01,TPEx,2026-10-05
709200,富喬永豐61購02,1.07,0.1,TPEx,2026-10-05
709201,富喬永豐66購01,1.29,0.11,TPEx,2026-10-05
709202,富喬永豐68購01,1.25,0.11,TPEx,2026-10-05
709203,順達永豐64購01,0.92,0.02,TPEx,2026-10-05
709204,順達永豐67購01,1.02,0.03,TPEx,2026-10-05
709205,鈊象永豐63購01,1.22,0.02,TPEx,2026-10-05
709206,新盛力永豐5C購02,0.68,-0.02,TPEx,2026-10-05
709207,擎亞永豐63購01,0.24,0.01,TPEx,2026-10-05
709208,沛亨凱基5B購03,0.14,-0.03,TPEx,2026-10-05
709210,富喬凱基5B購02,0.83,0.14,TPEx,2026-10-05
709211,富喬凱基61購02,1.29,0.14,TPEx,2026-10-05
709212,富喬凱基61購03,1.12,0.18,TPEx,2026-10-05
709213,勤凱凱基5B購02,0.32,0.13,TPEx,2026-10-05
709214,勤凱凱基5B購03,0.5,0.22,TPEx,2026-10-05
709215,勤凱凱基5B購04,0.68,0.19,TPEx,2026-10-05
709220,台星科台新5B購01,0.55,0.0,TPEx,2026-10-05
709221,台星科台新5B購02,0.46,-0.08,TPEx,2026-10-05
709222,立碁台新62購01,2.07,0.27,TPEx,2026-10-05
709224,佳邦台新5B購02,0.33,0.03,TPEx,2026-10-05
709226,順達台新5B購05,2.17,0.09,TPEx,2026-10-05
709227,勤凱台新5B購02,0.91,0.37,TPEx,2026-10-05
709228,勤凱台新5B購03,0.57,0.23,TPEx,2026-10-05
709233,雙鴻台新5B購03,2.15,0.23,TPEx,2026-10-05
709234,台半國泰5C購02,1.7,0.6,TPEx,2026-10-05
709235,良維國泰5C購02,1.05,0.04,TPEx,2026-10-05
709237,順達國泰5C購01,0.8,0.07,TPEx,2026-10-05
709238,群聯國泰5C購01,0.46,0.0,TPEx,2026-10-05
709241,富喬富邦5B購02,0.66,0.11,TPEx,2026-10-05
709242,群聯富邦62購06,0.35,0.01,TPEx,2026-10-05
709243,均豪元大5B購04,2.32,0.07,TPEx,2026-10-05
709245,威剛元大5B購15,0.92,-0.06,TPEx,2026-10-05
709246,原相元大5B購03,0.23,0.03,TPEx,2026-10-05
709248,富喬元大5B購03,1.9,0.29,TPEx,2026-10-05
709249,富喬元大5B購04,0.7,0.09,TPEx,2026-10-05
709250,富喬元大5B購05,0.85,0.14,TPEx,2026-10-05
709252,新盛力元大5B購06,1.15,-0.03,TPEx,2026-10-05
709253,新盛力元大5B購07,1.48,-0.05,TPEx,2026-10-05
709254,群聯元大5B購17,2.02,0.02,TPEx,2026-10-05
709255,群聯元大5B購18,0.36,0.0,TPEx,2026-10-05
709259,均豪群益5B購05,0.6,0.01,TPEx,2026-10-05
709262,新盛力群益63購01,1.21,-0.03,TPEx,2026-10-05
709264,群聯群益5B購08,0.86,-0.03,TPEx,2026-10-05
709267,方土昶永豐5C購01,0.23,-0.03,TPEx,2026-10-05
709271,中美晶凱基5B購05,1.07,-0.36,TPEx,2026-10-05
709273,立碁凱基5B購02,1.12,0.41,TPEx,2026-10-05
709275,沛亨凱基5C購01,0.35,-0.01,TPEx,2026-10-05
709277,華容凱基5B購01,1.8,-0.38,TPEx,2026-10-05
709278,華容凱基5C購01,1.74,-0.13,TPEx,2026-10-05
709280,精材凱基5B購09,2.94,0.65,TPEx,2026-10-05
709281,大中台新5B購02,0.84,-0.03,TPEx,2026-10-05
709282,立碁台新5B購01,2.6,0.8,TPEx,2026-10-05
709283,立碁台新5B購02,1.78,0.53,TPEx,2026-10-05
709287,南俊台新5B購01,0.17,-0.08,TPEx,2026-10-05
709288,南俊台新5B購02,0.2,0.05,TPEx,2026-10-05
709291,臺慶科台新5B購06,0.35,0.0,TPEx,2026-10-05
709292,臺慶科台新5B購07,0.3,0.01,TPEx,2026-10-05
709294,中美晶元大5B購06,1.07,0.02,TPEx,2026-10-05
709296,世界元大5B購04,0.93,0.01,TPEx,2026-10-05
709297,台半元大5B購05,1.21,0.34,TPEx,2026-10-05
709300,群聯元大61購07,0.49,0.0,TPEx,2026-10-05
709307,中美晶群益5B購06,2.42,-0.5,TPEx,2026-10-05
709311,富喬群益5B購03,1.3,0.26,TPEx,2026-10-05
709315,沛亨永豐65購01,0.44,-0.02,TPEx,2026-10-05
709316,長科*永豐61購01,1.55,0.15,TPEx,2026-10-05
709317,順達永豐64購02,0.49,-0.01,TPEx,2026-10-05
709318,群聯永豐5C購06,0.25,-0.01,TPEx,2026-10-05
709326,朋程元大5B購01,0.07,0.01,TPEx,2026-10-05
709328,富喬元大61購03,1.37,0.1,TPEx,2026-10-05
709331,朋程富邦61購01,0.18,0.01,TPEx,2026-10-05
709332,順達富邦61購01,0.27,0.01,TPEx,2026-10-05
709333,大中群益5B購01,0.53,0.07,TPEx,2026-10-05
709334,大中群益5B購02,0.44,0.02,TPEx,2026-10-05
709341,長科*群益5B購01,1.26,0.0,TPEx,2026-10-05
709346,台半凱基5B購03,0.23,0.04,TPEx,2026-10-05
709353,大中台新5B購03,0.52,0.1,TPEx,2026-10-05
709355,台半台新5B購05,0.52,0.1,TPEx,2026-10-05
709357,博盛台新5B購02,0.48,0.04,TPEx,2026-10-05
709362,台半凱基5B購04,0.58,0.2,TPEx,2026-10-05
709363,台特化凱基5B購03,0.21,-0.02,TPEx,2026-10-05
709364,宏捷科凱基5B購02,0.11,0.0,TPEx,2026-10-05
709365,長科*凱基5B購01,0.68,0.03,TPEx,2026-10-05
709366,富喬凱基62購01,1.06,0.13,TPEx,2026-10-05
709367,萊德光凱基5B購01,0.13,0.03,TPEx,2026-10-05
709368,萊德光凱基5B購02,0.31,0.08,TPEx,2026-10-05
709370,勤凱凱基5B購05,0.14,0.08,TPEx,2026-10-05
709371,群翊凱基62購01,0.3,0.04,TPEx,2026-10-05
709382,廣穎台新5B購02,0.49,0.01,TPEx,2026-10-05
709384,點序台新62購01,0.42,-0.08,TPEx,2026-10-05
709386,長科*元大5B購01,1.09,0.01,TPEx,2026-10-05
709388,順達元大62購01,0.73,-0.01,TPEx,2026-10-05
709390,群聯元大63購04,0.38,0.0,TPEx,2026-10-05
709392,佳邦富邦5B購01,0.02,-0.02,TPEx,2026-10-05
709394,台半群益62購01,0.55,0.07,TPEx,2026-10-05
709398,威聯通國泰5C購01,0.33,0.01,TPEx,2026-10-05
709399,勤凱國泰5C購02,0.92,0.45,TPEx,2026-10-05
709400,台半永豐63購02,1.01,0.18,TPEx,2026-10-05
709401,台特化永豐63購01,0.28,-0.01,TPEx,2026-10-05
709403,萊德光永豐5C購01,0.3,0.05,TPEx,2026-10-05
709404,勤凱永豐5C購04,0.8,0.22,TPEx,2026-10-05
709406,鏵友益永豐5C購02,0.24,-0.08,TPEx,2026-10-05
709408,中美晶元大5C購03,1.88,-0.2,TPEx,2026-10-05
709413,富喬元大5C購03,1.0,0.18,TPEx,2026-10-05
709416,群聯元大5C購03,1.17,-0.05,TPEx,2026-10-05
709418,中美晶永豐64購01,1.17,-0.02,TPEx,2026-10-05
709419,長科*永豐61購02,0.99,0.16,TPEx,2026-10-05
709421,華容永豐64購01,3.41,-0.24,TPEx,2026-10-05
709424,台半凱基5C購02,0.16,0.04,TPEx,2026-10-05
709433,勤凱凱基62購01,0.5,0.13,TPEx,2026-10-05
709434,群聯凱基66購01,0.39,0.0,TPEx,2026-10-05
709438,湧德台新61購01,0.64,0.04,TPEx,2026-10-05
709441,鈊象台新5C購01,0.91,0.0,TPEx,2026-10-05
709443,台半群益5C購01,0.46,0.23,TPEx,2026-10-05
709444,台特化群益5C購02,0.92,-0.02,TPEx,2026-10-05
709446,勤凱群益5C購01,0.11,0.04,TPEx,2026-10-05
709448,雙鴻群益5C購01,4.29,-0.06,TPEx,2026-10-05
709451,久元富邦66購01,0.17,-0.02,TPEx,2026-10-05
709452,台半富邦64購01,0.38,0.04,TPEx,2026-10-05
709453,台半富邦66購01,0.44,0.06,TPEx,2026-10-05
709454,宏捷科富邦66購01,0.23,0.05,TPEx,2026-10-05
709455,宏捷科富邦66購02,0.25,0.06,TPEx,2026-10-05
709456,長科*富邦63購01,0.92,0.02,TPEx,2026-10-05
709458,富喬富邦66購01,1.03,0.09,TPEx,2026-10-05
709459,智通*富邦64購01,1.15,0.06,TPEx,2026-10-05
709460,智通*富邦66購01,0.63,0.04,TPEx,2026-10-05
709461,閎康富邦66購01,0.33,0.02,TPEx,2026-10-05
709465,台半國票61購02,0.29,0.06,TPEx,2026-10-05
709466,台半國票61購03,0.27,0.05,TPEx,2026-10-05
709467,佳邦國票61購01,0.05,0.0,TPEx,2026-10-05
709468,佳邦國票61購02,0.05,0.0,TPEx,2026-10-05
709469,萊德光國票61購01,0.25,0.05,TPEx,2026-10-05
709471,中美晶群益62購02,0.96,-0.22,TPEx,2026-10-05
709472,台星科群益62購01,0.42,-0.01,TPEx,2026-10-05
709474,茂綸群益62購01,1.55,0.08,TPEx,2026-10-05
709475,振曜群益5C購01,0.06,0.0,TPEx,2026-10-05
709481,欣銓永豐64購01,0.83,-0.04,TPEx,2026-10-05
709482,達航永豐61購01,0.27,0.0,TPEx,2026-10-05
709483,達航永豐64購01,0.47,0.0,TPEx,2026-10-05
709486,順達富邦61購02,0.38,0.02,TPEx,2026-10-05
709487,漢科富邦66購01,0.67,0.04,TPEx,2026-10-05
709491,中美晶凱基5C購02,0.59,-0.14,TPEx,2026-10-05
709494,朋程凱基61購01,0.1,0.0,TPEx,2026-10-05
709495,能率亞凱基5C購01,0.22,-0.04,TPEx,2026-10-05
709496,富喬凱基5C購01,0.75,0.13,TPEx,2026-10-05
709497,華容凱基5C購02,1.5,0.0,TPEx,2026-10-05
709499,廣穎凱基61購01,0.13,-0.01,TPEx,2026-10-05
709500,中美晶台新63購01,1.77,-0.17,TPEx,2026-10-05
709501,立敦台新5C購01,0.1,-0.01,TPEx,2026-10-05
709502,宏觀台新5C購01,0.14,-0.01,TPEx,2026-10-05
709503,南俊台新5C購01,0.29,-0.01,TPEx,2026-10-05
709510,朋程元大5C購01,0.07,-0.03,TPEx,2026-10-05
709511,長科*元大5C購01,0.85,0.0,TPEx,2026-10-05
709512,富喬元大61購04,0.92,0.09,TPEx,2026-10-05
709515,順達元大64購05,1.2,0.05,TPEx,2026-10-05
709517,臺慶科元大5C購01,0.05,0.01,TPEx,2026-10-05
709518,中美晶富邦62購01,0.93,-0.11,TPEx,2026-10-05
709519,世界凱基5C購04,0.31,-0.03,TPEx,2026-10-05
709520,世紀*凱基5C購01,4.02,-0.98,TPEx,2026-10-05
709521,台半凱基61購02,0.44,0.15,TPEx,2026-10-05
709526,長科*凱基5C購01,0.18,0.01,TPEx,2026-10-05
709527,宸曜凱基5C購01,0.38,-0.01,TPEx,2026-10-05
709528,順達凱基64購02,0.54,-0.01,TPEx,2026-10-05
709529,群聯凱基5C購03,0.06,-0.02,TPEx,2026-10-05
709530,大綜台新5C購01,2.21,0.28,TPEx,2026-10-05
709532,萊德光台新5C購01,0.35,0.08,TPEx,2026-10-05
709534,台半永豐61購02,0.49,0.07,TPEx,2026-10-05
709535,安葆永豐63購01,2.37,0.15,TPEx,2026-10-05
709537,雙鴻永豐64購02,1.56,0.11,TPEx,2026-10-05
709539,中美晶元大5C購04,1.08,-0.02,TPEx,2026-10-05
709541,世界元大64購05,0.77,-0.06,TPEx,2026-10-05
709542,台半元大5C購03,0.87,0.21,TPEx,2026-10-05
709544,台半元大66購02,1.35,0.18,TPEx,2026-10-05
709546,欣銓元大5C購01,0.45,-0.03,TPEx,2026-10-05
709547,長科*元大5C購02,0.87,0.03,TPEx,2026-10-05
709548,長科*元大5C購03,1.12,0.11,TPEx,2026-10-05
709549,長科*元大66購01,1.02,0.01,TPEx,2026-10-05
709550,富喬元大61購05,0.83,0.11,TPEx,2026-10-05
709551,順達元大5C購04,0.29,-0.01,TPEx,2026-10-05
709552,順達元大64購06,1.04,0.02,TPEx,2026-10-05
709556,世界群益5C購03,0.49,-0.05,TPEx,2026-10-05
709558,台半群益61購01,0.87,0.16,TPEx,2026-10-05
709559,系微群益5C購01,0.08,0.0,TPEx,2026-10-05
709560,長科*群益61購01,0.53,0.04,TPEx,2026-10-05
709561,南俊群益5C購01,0.2,0.02,TPEx,2026-10-05
709562,富喬群益5C購02,2.05,0.54,TPEx,2026-10-05
709564,臺慶科群益5C購01,0.09,0.0,TPEx,2026-10-05
709566,雙鴻群益5C購02,1.82,0.07,TPEx,2026-10-05
709568,威剛凱基61購01,0.14,0.0,TPEx,2026-10-05
709569,雅特力凱基5C購01,1.82,-0.12,TPEx,2026-10-05
709571,雙鴻凱基5C購07,1.13,-0.1,TPEx,2026-10-05
709572,雙鴻凱基5C購08,1.19,0.09,TPEx,2026-10-05
709575,群聯富邦63購01,0.23,0.02,TPEx,2026-10-05
709579,中美晶元大5C購05,2.36,0.13,TPEx,2026-10-05
709580,世界元大5C購04,1.22,-0.02,TPEx,2026-10-05
709582,台半元大5C購05,0.47,0.13,TPEx,2026-10-05
709583,台半元大66購03,1.64,0.28,TPEx,2026-10-05
709586,富喬元大64購01,1.05,0.11,TPEx,2026-10-05
709587,順達元大5C購05,1.0,-0.02,TPEx,2026-10-05
709588,群聯元大61購11,0.2,0.0,TPEx,2026-10-05
709589,群聯元大64購04,0.32,0.0,TPEx,2026-10-05
709591,威剛群益5C購03,0.23,-0.03,TPEx,2026-10-05
709592,群聯群益5C購04,0.69,0.01,TPEx,2026-10-05
709595,富喬國票5C購03,1.38,0.3,TPEx,2026-10-05
709597,精確國票61購01,0.45,-0.08,TPEx,2026-10-05
709598,磐亞國票61購01,1.42,0.1,TPEx,2026-10-05
709600,中美晶元大5C購06,1.97,-0.18,TPEx,2026-10-05
709601,世界元大5C購05,1.14,-0.01,TPEx,2026-10-05
709602,世界元大64購07,1.36,-0.01,TPEx,2026-10-05
709603,世界元大66購02,0.83,-0.03,TPEx,2026-10-05
709611,磐亞元大5C購01,2.5,0.05,TPEx,2026-10-05
709614,磐亞永豐61購01,1.73,0.03,TPEx,2026-10-05
709617,磐亞凱基5C購01,1.61,-0.03,TPEx,2026-10-05
709618,雙鴻凱基61購04,1.16,0.14,TPEx,2026-10-05
709619,大綜台新5C購02,1.19,0.03,TPEx,2026-10-05
709621,良維台新5C購01,0.15,-0.09,TPEx,2026-10-05
709622,順達台新5C購02,0.38,-0.01,TPEx,2026-10-05
709623,精材台新62購01,5.9,1.31,TPEx,2026-10-05
709624,雙鴻台新5C購01,1.27,0.05,TPEx,2026-10-05
709625,力致群益5C購01,0.08,0.01,TPEx,2026-10-05
709628,雙鴻群益62購01,0.9,0.03,TPEx,2026-10-05
709629,方土昶永豐63購01,0.26,-0.03,TPEx,2026-10-05
709632,家登永豐5C購01,0.56,0.03,TPEx,2026-10-05
709633,鈊象永豐64購01,0.77,-0.01,TPEx,2026-10-05
709635,雙鴻群益5C購03,3.32,0.0,TPEx,2026-10-05
709636,大綜國票5C購01,0.52,0.07,TPEx,2026-10-05
709638,光聚晶國票61購01,0.22,-0.02,TPEx,2026-10-05
709642,鈊象國票61購01,0.48,0.0,TPEx,2026-10-05
709644,大綜凱基5C購01,0.18,-0.05,TPEx,2026-10-05
709647,朋億*凱基5C購01,0.4,0.01,TPEx,2026-10-05
709648,威剛凱基5C購03,0.19,-0.02,TPEx,2026-10-05
709649,茂訊凱基5C購01,0.4,0.0,TPEx,2026-10-05
709652,雅特力凱基5C購02,0.55,-0.13,TPEx,2026-10-05
709653,群聯凱基5C購04,0.13,-0.01,TPEx,2026-10-05
709654,精確凱基5C購01,0.41,-0.07,TPEx,2026-10-05
709655,大綜台新5C購03,0.59,0.02,TPEx,2026-10-05
709658,富喬台新5C購01,1.4,0.15,TPEx,2026-10-05
709659,富喬台新5C購02,1.91,0.35,TPEx,2026-10-05
709664,大綜元大5C購01,0.33,0.05,TPEx,2026-10-05
709665,中美晶元大5C購07,2.16,-0.24,TPEx,2026-10-05
709666,台半元大5C購06,0.48,0.09,TPEx,2026-10-05
709668,威剛元大61購03,0.32,-0.01,TPEx,2026-10-05
709669,家登元大5C購04,0.41,0.02,TPEx,2026-10-05
709672,群聯元大5C購08,0.27,0.01,TPEx,2026-10-05
709673,群聯元大66購05,0.54,0.01,TPEx,2026-10-05
709676,家登富邦63購01,0.57,0.04,TPEx,2026-10-05
709679,家登群益5C購01,0.93,0.05,TPEx,2026-10-05
709680,富喬群益5C購03,2.0,0.28,TPEx,2026-10-05
709681,華容群益5C購01,1.99,-0.14,TPEx,2026-10-05
709682,群聯群益5C購06,1.07,0.01,TPEx,2026-10-05
709684,立端永豐64購01,0.63,0.02,TPEx,2026-10-05
709686,建榮永豐61購01,0.36,0.05,TPEx,2026-10-05
709688,雅特力永豐61購01,1.04,-0.14,TPEx,2026-10-05
709691,聰泰永豐61購01,0.43,-0.03,TPEx,2026-10-05
709693,立敦國票5C購02,0.23,-0.02,TPEx,2026-10-05
709695,光焱國票61購01,0.24,-0.01,TPEx,2026-10-05
709696,安勤國票61購01,0.49,-0.01,TPEx,2026-10-05
709699,信音國票5C購01,0.19,0.05,TPEx,2026-10-05
709705,雅特力國票61購01,0.7,-0.06,TPEx,2026-10-05
709706,雅特力國票61購02,0.65,-0.07,TPEx,2026-10-05
709707,意德士國票61購01,0.5,0.11,TPEx,2026-10-05
709709,臺慶科國票61購02,0.22,0.03,TPEx,2026-10-05
709710,廣閎科國票61購01,1.22,0.15,TPEx,2026-10-05
709711,騰雲國票61購01,0.85,0.01,TPEx,2026-10-05
709712,威剛國泰61購01,0.51,-0.02,TPEx,2026-10-05
709717,雅特力台新5C購01,0.96,-0.12,TPEx,2026-10-05
709718,雅特力台新5C購02,0.67,-0.1,TPEx,2026-10-05
709719,鈊象台新5C購02,0.64,-0.01,TPEx,2026-10-05
709724,中美晶元大5C購09,1.66,-0.11,TPEx,2026-10-05
709730,富喬元大64購02,1.68,0.19,TPEx,2026-10-05
709731,順達元大5C購06,1.22,0.01,TPEx,2026-10-05
709735,群聯元大5C購11,0.3,0.0,TPEx,2026-10-05
709736,群聯元大66購06,0.62,0.0,TPEx,2026-10-05
709739,精材元大66購04,5.45,0.49,TPEx,2026-10-05
709740,順達凱基5C購03,0.16,-0.01,TPEx,2026-10-05
709742,聖暉*凱基5C購02,0.08,-0.01,TPEx,2026-10-05
709745,宜鼎元大5C購05,0.24,0.0,TPEx,2026-10-05
709746,宜鼎元大61購04,0.25,0.01,TPEx,2026-10-05
709747,廣閎科元大5C購01,1.09,0.03,TPEx,2026-10-05
709748,宜鼎群益5C購01,0.14,0.0,TPEx,2026-10-05
709749,宜鼎群益5C購02,0.09,-0.01,TPEx,2026-10-05
709751,方土昶國票61購01,0.46,-0.05,TPEx,2026-10-05
709752,加高國票61購01,0.41,-0.05,TPEx,2026-10-05
709753,宜鼎國票61購01,0.26,-0.01,TPEx,2026-10-05
709755,凱崴國票61購01,0.41,0.02,TPEx,2026-10-05
709757,華容國票61購01,2.02,-0.02,TPEx,2026-10-05
709759,萊德光國票61購03,0.5,0.06,TPEx,2026-10-05
709764,台半富邦62購03,0.65,0.11,TPEx,2026-10-05
709765,台半富邦63購01,0.63,0.1,TPEx,2026-10-05
709766,宜特富邦62購01,0.29,0.01,TPEx,2026-10-05
709767,宜鼎富邦5C購04,0.1,0.0,TPEx,2026-10-05
709770,家登富邦62購02,0.66,0.05,TPEx,2026-10-05
709771,家登富邦62購03,0.63,0.03,TPEx,2026-10-05
709772,鈊象富邦62購01,0.62,-0.01,TPEx,2026-10-05
709774,雙鴻富邦63購01,1.05,0.07,TPEx,2026-10-05
709775,系統電凱基5C購04,0.28,0.0,TPEx,2026-10-05
709776,威剛凱基5C購04,0.41,-0.02,TPEx,2026-10-05
709777,家登凱基5C購03,0.67,0.02,TPEx,2026-10-05
709778,博智凱基5C購03,0.15,0.02,TPEx,2026-10-05
709779,富喬凱基5C購03,1.3,0.14,TPEx,2026-10-05
709780,勤凱凱基5C購03,0.38,0.21,TPEx,2026-10-05
709781,群聯凱基61購05,0.35,0.01,TPEx,2026-10-05
709782,廣閎科凱基61購01,0.79,0.12,TPEx,2026-10-05
709785,宜鼎台新5C購03,0.17,-0.02,TPEx,2026-10-05
709786,宜鼎中信5C購02,0.05,0.0,TPEx,2026-10-05
709788,宜鼎永豐65購01,0.29,-0.01,TPEx,2026-10-05
709790,華景電國泰61購01,0.31,0.03,TPEx,2026-10-05
709792,漢達國泰61購01,7.85,0.3,TPEx,2026-10-05
709793,世界凱基5C購05,0.61,-0.03,TPEx,2026-10-05
709800,順達凱基61購01,0.29,-0.01,TPEx,2026-10-05
709801,璟德凱基5C購01,0.07,-0.02,TPEx,2026-10-05
709803,宏捷科台新5C購01,0.48,0.16,TPEx,2026-10-05
709804,宜鼎台新5C購04,0.21,0.0,TPEx,2026-10-05
709805,宜鼎台新61購01,0.42,0.02,TPEx,2026-10-05
709807,家登台新5C購01,1.15,0.09,TPEx,2026-10-05
709810,廣閎科台新5C購01,2.08,0.09,TPEx,2026-10-05
709811,富喬中信5C購03,1.1,0.17,TPEx,2026-10-05
709813,華容永豐61購01,1.43,-0.06,TPEx,2026-10-05
709818,宜鼎元大5C購08,0.19,-0.01,TPEx,2026-10-05
709822,群聯元大5C購14,0.66,0.0,TPEx,2026-10-05
709824,廣閎科元大5C購02,2.01,0.17,TPEx,2026-10-05
709825,雙鴻元大61購15,1.22,0.09,TPEx,2026-10-05
709827,加高國票61購02,0.26,-0.01,TPEx,2026-10-05
709830,佳邦國票61購03,0.25,0.02,TPEx,2026-10-05
709835,長聖國票61購01,0.56,-0.02,TPEx,2026-10-05
709839,能率亞國票61購01,0.52,-0.04,TPEx,2026-10-05
709840,凱崴國票61購02,0.27,0.01,TPEx,2026-10-05
709843,華容國票61購02,1.3,-0.08,TPEx,2026-10-05
709848,騰雲國票61購02,0.66,-0.06,TPEx,2026-10-05
709855,湧德富邦62購01,0.35,0.01,TPEx,2026-10-05
709858,廣閎科富邦5C購01,0.67,0.1,TPEx,2026-10-05
709861,台嘉碩國票5C購02,0.42,0.0,TPEx,2026-10-05
709862,永信建國票61購01,0.38,-0.03,TPEx,2026-10-05
709869,華容群益5C購02,1.36,-0.12,TPEx,2026-10-05
709870,廣閎科群益5C購01,1.37,0.18,TPEx,2026-10-05
709871,順達中信5C購01,0.23,0.0,TPEx,2026-10-05
709875,中美晶元大5C購10,1.88,-0.15,TPEx,2026-10-05
709878,博智元大5C購03,0.37,0.03,TPEx,2026-10-05
709879,華容元大5C購01,1.97,-0.07,TPEx,2026-10-05
709880,順達元大5C購07,0.45,0.03,TPEx,2026-10-05
709888,創惟凱基61購01,0.23,-0.02,TPEx,2026-10-05
709890,華容凱基61購01,0.72,-0.06,TPEx,2026-10-05
709893,廣閎科凱基5C購01,0.89,0.14,TPEx,2026-10-05
709894,雙鴻凱基5C購09,1.54,0.14,TPEx,2026-10-05
709895,騰雲凱基61購01,0.51,0.0,TPEx,2026-10-05
709896,中美晶統一66購02,1.12,-0.1,TPEx,2026-10-05
709898,立敦統一64購02,0.15,0.03,TPEx,2026-10-05
709903,宜鼎統一64購02,0.23,0.01,TPEx,2026-10-05
709905,宜鼎統一64購04,0.16,0.0,TPEx,2026-10-05
709906,宜鼎統一66購03,0.26,0.0,TPEx,2026-10-05
709908,威剛統一6A購01,0.68,-0.01,TPEx,2026-10-05
709909,建榮統一66購01,0.38,0.03,TPEx,2026-10-05
709911,家登統一66購01,0.62,0.03,TPEx,2026-10-05
709912,凱崴統一66購01,0.41,0.01,TPEx,2026-10-05
709914,富喬統一64購02,0.93,0.06,TPEx,2026-10-05
709915,富喬統一64購03,0.93,0.09,TPEx,2026-10-05
709916,富喬統一66購01,1.28,0.09,TPEx,2026-10-05
709918,精材統一66購01,2.49,0.29,TPEx,2026-10-05
709919,精材統一6C購01,1.6,0.06,TPEx,2026-10-05
709921,臺慶科統一66購02,0.2,0.02,TPEx,2026-10-05
709922,臺慶科統一66購03,0.23,0.02,TPEx,2026-10-05
709928,雙鴻統一64購01,0.93,0.02,TPEx,2026-10-05
709929,雙鴻統一65購02,1.55,0.03,TPEx,2026-10-05
709931,金益鼎國泰61購01,0.4,-0.02,TPEx,2026-10-05
709935,威剛台新5C購03,2.21,-0.11,TPEx,2026-10-05
709937,威剛台新62購01,1.71,-0.05,TPEx,2026-10-05
709939,威剛台新66購01,1.07,-0.03,TPEx,2026-10-05
709940,茂迪台新5C購01,0.11,-0.01,TPEx,2026-10-05
709941,凱崴台新5C購01,0.22,-0.08,TPEx,2026-10-05
709942,華容台新5C購03,1.58,-0.15,TPEx,2026-10-05
709945,胡連永豐61購01,0.36,0.0,TPEx,2026-10-05
709953,台半群益62購02,1.13,0.09,TPEx,2026-10-05
709958,博智凱基5C購04,0.32,0.02,TPEx,2026-10-05
709959,群ESG凱基61購01,0.26,-0.01,TPEx,2026-10-05
709962,世界統一6A購01,0.58,-0.01,TPEx,2026-10-05
709963,正基統一66購01,0.35,0.01,TPEx,2026-10-05
709967,富喬統一66購02,1.12,0.09,TPEx,2026-10-05
709971,群聯國泰61購03,1.24,0.03,TPEx,2026-10-05
709973,世界富邦61購02,0.58,-0.03,TPEx,2026-10-05
709974,立碁富邦5C購01,2.35,0.36,TPEx,2026-10-05
709975,良維富邦61購03,0.42,0.03,TPEx,2026-10-05
709977,宜鼎元大5C購09,0.33,-0.02,TPEx,2026-10-05
709978,順達元大5C購08,0.82,0.05,TPEx,2026-10-05
709980,雙鴻元大5C購06,1.56,0.17,TPEx,2026-10-05
709981,家登永豐5C購02,1.05,0.1,TPEx,2026-10-05
709982,漢達永豐61購01,3.82,0.18,TPEx,2026-10-05
709983,宜鼎元大5C購10,0.3,0.0,TPEx,2026-10-05
709984,千附國票61購01,0.97,0.05,TPEx,2026-10-05
709985,世禾國票61購01,0.66,0.06,TPEx,2026-10-05
709989,昇佳電國票61購01,0.4,0.0,TPEx,2026-10-05
709992,信音國票61購01,0.41,0.09,TPEx,2026-10-05
709993,茂綸國票61購01,0.98,0.09,TPEx,2026-10-05
709994,新普國票61購01,0.36,-0.01,TPEx,2026-10-05
709998,中美晶群益5C購03,1.34,-0.12,TPEx,2026-10-05
710000,精材群益5C購02,8.7,1.65,TPEx,2026-10-05
710002,宜鼎國泰61購05,0.51,0.0,TPEx,2026-10-05
710004,信音國泰61購01,0.62,0.17,TPEx,2026-10-05
710006,中美晶凱基5C購04,1.04,-0.08,TPEx,2026-10-05
710007,台半凱基61購03,0.51,0.08,TPEx,2026-10-05
710013,大中統一6A購01,0.7,0.05,TPEx,2026-10-05
710014,中美晶統一64購02,1.2,-0.1,TPEx,2026-10-05
710018,建榮統一63購01,0.36,0.02,TPEx,2026-10-05
710019,凱崴統一63購01,0.22,0.0,TPEx,2026-10-05
710022,富喬統一63購01,1.39,0.17,TPEx,2026-10-05
710023,富喬統一65購03,1.24,0.11,TPEx,2026-10-05
710024,富喬統一6C購02,0.89,0.05,TPEx,2026-10-05
710026,精材統一63購01,3.0,0.37,TPEx,2026-10-05
710030,宜鼎富邦63購02,0.24,0.0,TPEx,2026-10-05
710031,富喬富邦63購01,0.94,0.07,TPEx,2026-10-05
710034,中美晶台新5C購01,2.32,-0.34,TPEx,2026-10-05
710035,台半台新5C購01,0.73,0.02,TPEx,2026-10-05
710036,台半台新5C購02,0.74,0.11,TPEx,2026-10-05
710037,廣閎科台新5C購02,2.02,0.28,TPEx,2026-10-05
710038,良維永豐5C購04,0.3,-0.01,TPEx,2026-10-05
710047,中美晶國票61購02,1.29,-0.12,TPEx,2026-10-05
710048,加高國票61購03,0.19,-0.01,TPEx,2026-10-05
710049,宏碁資國票61購01,0.42,0.0,TPEx,2026-10-05
710052,高鋒國票61購01,0.34,-0.02,TPEx,2026-10-05
710053,博士旺國票5C購02,0.31,-0.02,TPEx,2026-10-05
710055,聖暉*國票61購03,0.17,-0.01,TPEx,2026-10-05
710060,營邦國票5C購02,1.74,0.18,TPEx,2026-10-05
710062,中美晶凱基61購04,0.73,-0.11,TPEx,2026-10-05
710065,精材凱基5C購04,3.47,0.62,TPEx,2026-10-05
710067,廣閎科凱基5C購02,0.48,0.07,TPEx,2026-10-05
710068,營邦凱基5C購01,1.16,0.12,TPEx,2026-10-05
710069,營邦凱基5C購02,1.09,0.13,TPEx,2026-10-05
710070,營邦凱基5C購03,0.81,0.04,TPEx,2026-10-05
710071,中美晶群益5C購04,1.07,-0.19,TPEx,2026-10-05
710073,營邦群益5C購01,1.71,0.19,TPEx,2026-10-05
710074,營邦群益5C購02,1.54,0.19,TPEx,2026-10-05
710075,世界元大5C購07,1.07,-0.03,TPEx,2026-10-05
710076,世界元大63購04,0.81,-0.02,TPEx,2026-10-05
710079,廣閎科元大5C購03,0.6,0.04,TPEx,2026-10-05
710080,營邦元大5C購01,1.8,0.15,TPEx,2026-10-05
710083,營邦國泰61購01,2.44,0.05,TPEx,2026-10-05
710085,營邦富邦63購01,0.61,0.03,TPEx,2026-10-05
710086,中美晶統一66購03,0.76,-0.06,TPEx,2026-10-05
710095,聖暉*統一66購01,0.3,0.01,TPEx,2026-10-05
710096,博智國泰61購01,0.6,0.03,TPEx,2026-10-05
710097,營邦統一66購01,1.01,0.03,TPEx,2026-10-05
710100,營邦統一6C購01,0.81,-0.01,TPEx,2026-10-05
710101,中美晶台新5C購02,1.21,-0.19,TPEx,2026-10-05
710102,中美晶台新5C購03,5.3,-0.85,TPEx,2026-10-05
710103,東浦台新5C購02,0.31,-0.02,TPEx,2026-10-05
710109,廣閎科台新5C購03,1.36,0.17,TPEx,2026-10-05
710110,銳澤台新5C購01,0.63,0.01,TPEx,2026-10-05
710111,騰雲台新5C購01,1.93,0.04,TPEx,2026-10-05
710125,宏捷科國票61購01,0.25,0.02,TPEx,2026-10-05
710132,中美晶永豐5C購02,1.62,-0.04,TPEx,2026-10-05
710133,中美晶永豐5C購03,1.36,-0.03,TPEx,2026-10-05
710135,亞通永豐64購01,1.55,0.04,TPEx,2026-10-05
710138,中美晶富邦5C購01,0.95,-0.09,TPEx,2026-10-05
710139,順達富邦62購02,0.38,0.02,TPEx,2026-10-05
710141,中美晶中信5C購01,0.49,-0.06,TPEx,2026-10-05
710142,宏捷科凱基5C購02,0.18,0.02,TPEx,2026-10-05
710143,富喬凱基5C購05,1.27,0.24,TPEx,2026-10-05
710145,廣閎科凱基5C購03,0.4,0.05,TPEx,2026-10-05
710146,中美晶台新5C購04,0.99,-0.16,TPEx,2026-10-05
710148,均豪台新5C購01,1.38,0.03,TPEx,2026-10-05
710152,凱崴台新5C購02,0.47,-0.07,TPEx,2026-10-05
710153,廣閎科台新5C購04,1.12,0.15,TPEx,2026-10-05
710154,台半元大5C購07,0.68,0.13,TPEx,2026-10-05
710156,威剛元大5C購05,1.06,-0.01,TPEx,2026-10-05
710158,台半國泰61購01,1.02,0.12,TPEx,2026-10-05
710159,博智國泰61購02,0.52,0.06,TPEx,2026-10-05
710160,順達國泰61購01,0.85,0.0,TPEx,2026-10-05
710161,台半富邦62購04,0.57,0.1,TPEx,2026-10-05
710162,台半富邦63購02,0.5,0.1,TPEx,2026-10-05
710165,鈊象富邦62購02,0.74,-0.01,TPEx,2026-10-05
710168,宜鼎永豐63購01,0.38,0.02,TPEx,2026-10-05
710169,精確永豐61購01,0.58,-0.09,TPEx,2026-10-05
710171,廣閎科國票61購04,0.61,0.06,TPEx,2026-10-05
710175,台半凱基5C購04,0.26,0.03,TPEx,2026-10-05
710181,廣閎科凱基5C購04,0.32,0.04,TPEx,2026-10-05
710182,大中台新5C購01,0.53,0.05,TPEx,2026-10-05
710184,宜鼎台新61購02,0.19,-0.01,TPEx,2026-10-05
710187,廣閎科台新61購01,0.88,0.11,TPEx,2026-10-05
710188,中美晶元大5C購11,1.03,-0.06,TPEx,2026-10-05
710190,宜鼎元大5C購14,0.24,-0.01,TPEx,2026-10-05
710192,群聯中信64購01,0.23,-0.01,TPEx,2026-10-05
710193,雙鴻中信66購01,0.87,0.03,TPEx,2026-10-05
710194,雙鴻中信66購02,1.15,0.07,TPEx,2026-10-05
710195,大中永豐64購01,0.53,0.02,TPEx,2026-10-05
710196,台半永豐64購01,0.56,0.04,TPEx,2026-10-05
710197,尼克森永豐64購01,0.37,0.07,TPEx,2026-10-05
710198,信紘科永豐64購01,0.39,0.02,TPEx,2026-10-05
710199,家登永豐64購01,1.24,0.07,TPEx,2026-10-05
710200,富喬永豐5C購02,1.69,0.26,TPEx,2026-10-05
710204,世紀*國票61購01,3.33,-0.23,TPEx,2026-10-05
710208,茂達國票61購01,0.36,0.04,TPEx,2026-10-05
710211,博盛國票61購01,0.4,0.03,TPEx,2026-10-05
710218,能率亞國泰61購01,0.99,-0.08,TPEx,2026-10-05
710219,能率國泰61購01,1.13,-0.07,TPEx,2026-10-05
710222,立碁富邦5C購02,3.0,0.78,TPEx,2026-10-05
710228,家登群益63購01,1.13,0.05,TPEx,2026-10-05
710235,雙鴻群益62購02,6.1,-0.15,TPEx,2026-10-05
710236,威剛中信66購01,0.35,-0.01,TPEx,2026-10-05
710237,富喬中信66購01,0.77,0.06,TPEx,2026-10-05
710245,漢達永豐64購01,1.96,-0.15,TPEx,2026-10-05
710247,台半元大63購03,0.46,0.04,TPEx,2026-10-05
710251,欣銓元大5C購02,0.9,-0.1,TPEx,2026-10-05
710253,家登元大5C購05,0.74,0.05,TPEx,2026-10-05
710254,家登元大66購01,1.13,0.05,TPEx,2026-10-05
710256,台半國票61購04,0.27,0.05,TPEx,2026-10-05
710258,青雲國票5C購01,0.37,-0.02,TPEx,2026-10-05
710259,大中台新61購01,0.61,-0.01,TPEx,2026-10-05
710263,臺慶科台新5C購03,0.11,0.03,TPEx,2026-10-05
710265,台半凱基5C購05,0.17,0.03,TPEx,2026-10-05
710267,富喬凱基63購01,0.76,0.11,TPEx,2026-10-05
710268,群聯凱基5C購09,0.21,0.0,TPEx,2026-10-05
710269,漢達凱基5C購01,1.75,0.08,TPEx,2026-10-05
710270,精材凱基63購01,1.69,0.29,TPEx,2026-10-05
710272,穩得國泰61購01,0.91,0.06,TPEx,2026-10-05
710277,大中群益5C購01,0.21,0.01,TPEx,2026-10-05
710282,尼克森群益61購01,0.3,0.03,TPEx,2026-10-05
710283,宏捷科群益5C購03,0.18,0.07,TPEx,2026-10-05
710286,榮剛群益61購01,0.33,-0.04,TPEx,2026-10-05
710288,世界元大5C購08,0.37,0.02,TPEx,2026-10-05
710292,萬泰科台新5C購01,0.4,0.14,TPEx,2026-10-05
710294,天品國票5C購01,1.12,0.04,TPEx,2026-10-05
710296,立碁國票61購01,3.38,0.97,TPEx,2026-10-05
710297,亞通國票5C購01,1.53,-0.11,TPEx,2026-10-05
710299,杰力國票61購02,0.28,0.02,TPEx,2026-10-05
710301,晶宏國票61購01,0.79,0.04,TPEx,2026-10-05
710303,寶雅國票61購02,0.7,-0.01,TPEx,2026-10-05
710304,大中凱基5C購01,0.12,-0.01,TPEx,2026-10-05
710306,中光電凱基5C購02,0.13,0.0,TPEx,2026-10-05
710309,欣銓凱基5C購01,0.48,-0.03,TPEx,2026-10-05
710317,台嘉碩國泰61購01,1.86,0.19,TPEx,2026-10-05
710321,博盛國泰61購01,0.76,0.07,TPEx,2026-10-05
710323,宜鼎富邦5C購05,0.06,0.0,TPEx,2026-10-05
710331,中光電台新5C購01,0.2,0.0,TPEx,2026-10-05
710333,亞信台新5C購01,0.68,-0.02,TPEx,2026-10-05
710339,宜鼎元大5C購15,0.41,-0.01,TPEx,2026-10-05
710340,富喬元大65購01,1.71,0.14,TPEx,2026-10-05
710341,漢達元大5C購01,1.56,0.09,TPEx,2026-10-05
710342,精材元大5C購05,3.8,0.62,TPEx,2026-10-05
710350,漢達永豐5C購01,1.44,-0.01,TPEx,2026-10-05
710351,雙鴻永豐63購03,1.8,0.19,TPEx,2026-10-05
710352,寶雅永豐5C購01,0.76,-0.02,TPEx,2026-10-05
710353,鏵友益永豐64購01,0.66,-0.42,TPEx,2026-10-05
710354,精材中信64購01,1.27,0.16,TPEx,2026-10-05
710356,元山國票61購01,0.39,0.0,TPEx,2026-10-05
710358,安葆國票61購01,2.03,0.2,TPEx,2026-10-05
710366,漢達國票65購01,1.42,0.02,TPEx,2026-10-05
710368,鈊象群益5C購01,1.51,-0.02,TPEx,2026-10-05
710369,富喬國泰61購01,1.5,0.17,TPEx,2026-10-05
710370,漢達國泰61購02,3.81,0.07,TPEx,2026-10-05
710373,群聯凱基5C購10,0.41,0.01,TPEx,2026-10-05
710374,群聯凱基61購06,0.52,-0.01,TPEx,2026-10-05
710375,精材凱基5C購05,2.94,0.61,TPEx,2026-10-05
710376,世界台新5C購03,0.35,0.02,TPEx,2026-10-05
710380,東浦台新5C購05,0.14,-0.02,TPEx,2026-10-05
710385,宜鼎元大5C購16,0.32,-0.01,TPEx,2026-10-05
710386,富喬元大65購02,1.55,0.14,TPEx,2026-10-05
710388,精材元大5C購07,3.0,-0.58,TPEx,2026-10-05
710389,精材元大61購08,3.55,0.5,TPEx,2026-10-05
710395,世禾永豐5C購01,0.86,-0.01,TPEx,2026-10-05
710398,安勤永豐63購01,0.67,0.02,TPEx,2026-10-05
710399,均豪永豐5C購03,1.37,0.06,TPEx,2026-10-05
710400,均豪永豐5C購04,1.37,0.05,TPEx,2026-10-05
710406,湧德永豐5C購01,0.66,0.02,TPEx,2026-10-05
710409,聖暉*永豐5C購04,0.14,0.0,TPEx,2026-10-05
710414,雙鴻永豐5C購05,2.16,0.02,TPEx,2026-10-05
710420,青雲國票5C購02,0.27,-0.02,TPEx,2026-10-05
710422,精材國票61購03,2.56,0.36,TPEx,2026-10-05
710427,東浦國泰61購01,0.51,-0.02,TPEx,2026-10-05
710431,精材富邦5C購01,1.94,0.32,TPEx,2026-10-05
710432,安勤凱基62購01,0.42,0.01,TPEx,2026-10-05
710433,系微凱基5C購01,0.26,-0.05,TPEx,2026-10-05
710436,富喬凱基63購02,1.51,0.14,TPEx,2026-10-05
710438,群聯凱基5C購11,0.36,0.02,TPEx,2026-10-05
710439,群聯凱基5C購12,0.4,-0.02,TPEx,2026-10-05
710441,中美晶元大5C購12,2.29,-0.07,TPEx,2026-10-05
710443,宜鼎元大5C購17,0.69,-0.01,TPEx,2026-10-05
710444,能率亞元大5C購01,0.71,-0.03,TPEx,2026-10-05
710445,富喬元大5C購04,1.21,0.13,TPEx,2026-10-05
710446,智通*元大5C購01,0.84,0.07,TPEx,2026-10-05
710447,智通*元大5C購02,0.65,0.05,TPEx,2026-10-05
710448,智通*元大63購01,0.69,0.04,TPEx,2026-10-05
710450,璟德國票64購01,0.51,0.02,TPEx,2026-10-05
710451,磐儀國票64購01,0.39,-0.01,TPEx,2026-10-05
710454,竹陞國票64購01,0.77,-0.01,TPEx,2026-10-05
710455,崴寶國票64購01,0.93,0.0,TPEx,2026-10-05
710456,富強鑫國票62購01,0.98,-0.12,TPEx,2026-10-05
710463,中光電永豐5C購01,0.29,-0.02,TPEx,2026-10-05
710464,系統電永豐5C購02,0.77,0.06,TPEx,2026-10-05
710468,聖暉*台新5C購06,0.12,-0.01,TPEx,2026-10-05
710469,聖暉*台新5C購07,0.13,0.0,TPEx,2026-10-05
710473,達航富邦62購01,0.37,0.0,TPEx,2026-10-05
710475,營邦富邦63購03,1.04,0.02,TPEx,2026-10-05
710476,巨有群益5C購02,4.73,-0.18,TPEx,2026-10-05
710477,世界元大61購01,0.74,-0.03,TPEx,2026-10-05
710479,世界元大67購01,0.84,-0.02,TPEx,2026-10-05
710480,巨有元大61購01,2.46,0.09,TPEx,2026-10-05
710481,宜鼎元大61購05,0.61,-0.02,TPEx,2026-10-05
710482,富喬元大61購06,1.4,0.1,TPEx,2026-10-05
710483,富喬元大62購01,1.29,0.14,TPEx,2026-10-05
710484,富喬元大62購02,1.45,0.16,TPEx,2026-10-05
710485,臺慶科元大61購01,0.39,0.01,TPEx,2026-10-05
710488,竹陞台新61購01,0.93,-0.09,TPEx,2026-10-05
710491,千附精凱基61購01,0.53,0.0,TPEx,2026-10-05
710494,元太凱基61購02,0.07,-0.01,TPEx,2026-10-05
710500,竹陞凱基61購01,0.77,-0.13,TPEx,2026-10-05
710502,譜瑞凱基61購02,0.64,-0.01,TPEx,2026-10-05
710503,譜瑞凱基61購03,0.59,-0.01,TPEx,2026-10-05
710506,千附精群益61購01,0.48,-0.03,TPEx,2026-10-05
710509,千附精國票62購01,0.5,0.01,TPEx,2026-10-05
710511,竹陞國票62購01,0.58,-0.05,TPEx,2026-10-05
710515,威剛國票62購02,0.62,0.0,TPEx,2026-10-05
710516,建榮國票61購01,0.35,0.02,TPEx,2026-10-05
710526,大江永豐61購01,0.42,-0.02,TPEx,2026-10-05
710528,元太永豐61購03,0.3,0.01,TPEx,2026-10-05
710529,邑錡永豐64購01,0.49,-0.03,TPEx,2026-10-05
710534,新普永豐61購01,0.85,-0.01,TPEx,2026-10-05
710541,譜瑞永豐67購01,1.22,0.01,TPEx,2026-10-05
710543,久元國泰62購02,0.39,-0.01,TPEx,2026-10-05
710545,巨有國泰62購01,5.8,0.0,TPEx,2026-10-05
710546,竹陞國泰62購01,1.73,-0.13,TPEx,2026-10-05
710547,青雲國泰62購01,0.62,-0.03,TPEx,2026-10-05
710548,青雲國泰62購02,0.49,-0.02,TPEx,2026-10-05
710551,安勤富邦62購01,0.46,0.01,TPEx,2026-10-05
710553,譜瑞富邦64購01,0.45,0.0,TPEx,2026-10-05
710558,竹陞永豐65購01,0.98,0.04,TPEx,2026-10-05
710559,均豪永豐64購01,0.84,0.0,TPEx,2026-10-05
710560,宏捷科永豐61購01,0.54,0.11,TPEx,2026-10-05
710562,宜鼎永豐64購02,0.5,-0.01,TPEx,2026-10-05
710566,家登永豐61購02,1.44,0.15,TPEx,2026-10-05
710567,富喬永豐61購03,0.72,0.13,TPEx,2026-10-05
710568,富喬永豐66購02,1.2,0.13,TPEx,2026-10-05
710569,群翊永豐61購01,0.88,0.04,TPEx,2026-10-05
710570,群聯永豐61購02,0.4,0.0,TPEx,2026-10-05
710571,群聯永豐61購03,0.37,0.0,TPEx,2026-10-05
710573,雙鴻永豐61購05,2.41,0.09,TPEx,2026-10-05
710575,雙鴻永豐67購01,3.02,0.1,TPEx,2026-10-05
710578,中光電元大61購03,0.56,0.01,TPEx,2026-10-05
710581,均豪元大61購01,0.36,0.01,TPEx,2026-10-05
710582,宏捷科元大67購01,0.89,0.14,TPEx,2026-10-05
710583,佳邦元大61購01,0.13,-0.01,TPEx,2026-10-05
710584,欣銓元大61購01,1.03,-0.04,TPEx,2026-10-05
710586,富喬元大64購03,0.87,0.08,TPEx,2026-10-05
710587,富喬元大65購03,1.03,0.1,TPEx,2026-10-05
710590,中美晶群益64購01,0.92,-0.1,TPEx,2026-10-05
710591,竹陞群益61購01,0.52,0.01,TPEx,2026-10-05
710592,均豪群益61購01,1.21,0.03,TPEx,2026-10-05
710593,佳邦群益61購01,0.57,0.04,TPEx,2026-10-05
710597,中美晶國泰63購01,1.84,-0.27,TPEx,2026-10-05
710599,凡甲富邦63購02,0.41,0.01,TPEx,2026-10-05
710602,茂達富邦63購01,0.42,0.03,TPEx,2026-10-05
710604,湧德富邦63購01,0.58,0.0,TPEx,2026-10-05
710605,中光電凱基61購02,0.1,0.01,TPEx,2026-10-05
710606,巨有凱基61購01,2.61,-0.18,TPEx,2026-10-05
710607,宜鼎凱基61購01,0.12,-0.01,TPEx,2026-10-05
710608,富喬凱基61購04,0.97,0.19,TPEx,2026-10-05
710609,臺慶科凱基61購02,0.11,0.03,TPEx,2026-10-05
710613,宜鼎台新61購03,0.43,-0.01,TPEx,2026-10-05
710614,原相台新61購01,0.64,0.02,TPEx,2026-10-05
710617,鈊象台新61購01,0.91,0.02,TPEx,2026-10-05
710619,九暘元大61購01,0.52,-0.02,TPEx,2026-10-05
710622,安可元大61購01,0.63,-0.04,TPEx,2026-10-05
710623,竹陞元大61購01,0.66,-0.02,TPEx,2026-10-05
710628,晟田元大61購01,1.33,-0.02,TPEx,2026-10-05
710630,富喬元大61購08,1.02,0.14,TPEx,2026-10-05
710631,富喬元大64購04,0.88,0.11,TPEx,2026-10-05
710632,碩禾元大61購03,0.12,-0.06,TPEx,2026-10-05
710633,臺慶科元大64購01,0.69,0.04,TPEx,2026-10-05
710634,臺慶科元大67購01,0.59,0.06,TPEx,2026-10-05
710635,寶雅元大61購01,1.09,-0.02,TPEx,2026-10-05
710636,川寶國票65購01,0.52,-0.09,TPEx,2026-10-05
710638,中裕國票65購01,0.49,-0.03,TPEx,2026-10-05
710640,安可國票61購01,0.34,-0.03,TPEx,2026-10-05
710643,威潤國票65購01,0.23,-0.02,TPEx,2026-10-05
710644,茂達國票65購01,0.63,0.05,TPEx,2026-10-05
710645,泰藝國票61購01,0.57,0.09,TPEx,2026-10-05
710647,崇越電國票65購01,0.57,0.02,TPEx,2026-10-05
710648,富強鑫國票65購01,0.82,-0.09,TPEx,2026-10-05
710649,瑞耘國票65購01,0.94,-0.19,TPEx,2026-10-05
710651,廣積國票65購01,0.97,-0.01,TPEx,2026-10-05
710654,中美晶群益63購01,1.01,-0.07,TPEx,2026-10-05
710662,國眾群益64購01,0.47,-0.03,TPEx,2026-10-05
710664,晶宏群益61購01,0.91,0.02,TPEx,2026-10-05
710666,九暘凱基61購01,0.3,-0.02,TPEx,2026-10-05
710667,川寶凱基61購01,0.47,-0.19,TPEx,2026-10-05
710668,中美晶凱基61購06,1.19,-0.13,TPEx,2026-10-05
710670,世界凱基66購01,0.63,-0.02,TPEx,2026-10-05
710673,台嘉碩凱基61購01,0.29,0.02,TPEx,2026-10-05
710675,全宇昕凱基61購01,0.57,0.03,TPEx,2026-10-05
710681,泰藝凱基61購01,0.29,-0.01,TPEx,2026-10-05
710682,高僑凱基61購01,0.33,-0.03,TPEx,2026-10-05
710683,崇越電凱基61購01,0.53,-0.02,TPEx,2026-10-05
710685,晶宏凱基61購01,0.88,0.03,TPEx,2026-10-05
710686,越峰凱基61購01,0.1,-0.03,TPEx,2026-10-05
710687,陽程凱基61購02,4.53,1.03,TPEx,2026-10-05
710688,碩禾凱基61購01,0.14,-0.06,TPEx,2026-10-05
710691,中美晶台新61購03,1.05,-0.07,TPEx,2026-10-05
710692,中美晶台新63購02,0.98,-0.15,TPEx,2026-10-05
710693,世界台新61購01,0.49,0.0,TPEx,2026-10-05
710694,台嘉碩台新61購01,0.57,0.0,TPEx,2026-10-05
710698,全宇昕台新61購01,0.7,0.09,TPEx,2026-10-05
710699,欣銓台新61購01,0.48,-0.04,TPEx,2026-10-05
710700,欣銓台新61購02,0.46,-0.03,TPEx,2026-10-05
710702,家登台新61購01,0.78,0.06,TPEx,2026-10-05
710703,家登台新64購01,0.99,0.06,TPEx,2026-10-05
710705,九暘永豐61購01,0.37,-0.04,TPEx,2026-10-05
710707,川寶永豐61購01,0.46,-0.1,TPEx,2026-10-05
710710,巨漢永豐61購01,0.36,0.03,TPEx,2026-10-05
710716,奇鈦科永豐61購02,0.24,-0.03,TPEx,2026-10-05
710719,欣銓永豐64購02,0.58,-0.03,TPEx,2026-10-05
710720,信音永豐61購01,0.32,0.11,TPEx,2026-10-05
710721,泰藝永豐61購01,0.51,-0.32,TPEx,2026-10-05
710722,泰藝永豐61購02,0.42,0.13,TPEx,2026-10-05
710726,堡達永豐64購01,0.5,-0.07,TPEx,2026-10-05
710727,晶宏永豐61購01,1.26,0.2,TPEx,2026-10-05
710728,華洋永豐61購01,0.34,0.0,TPEx,2026-10-05
710729,越峰永豐61購01,0.12,-0.11,TPEx,2026-10-05
710736,立碁富邦61購01,2.81,0.34,TPEx,2026-10-05
710741,松上國票61購01,0.13,-0.01,TPEx,2026-10-05
710743,青雲國票61購01,1.13,-0.03,TPEx,2026-10-05
710744,盈正國票65購01,0.41,0.0,TPEx,2026-10-05
710747,堡達國票61購01,0.2,-0.02,TPEx,2026-10-05
710748,翔名國票65購01,0.57,0.0,TPEx,2026-10-05
710749,華洋國票65購01,0.49,0.01,TPEx,2026-10-05
710750,勤凱國票61購01,0.88,0.23,TPEx,2026-10-05
710751,頎邦國票65購01,0.86,-0.09,TPEx,2026-10-05
710753,擎邦國票61購01,0.78,-0.07,TPEx,2026-10-05
710754,耀穎國票65購01,0.85,-0.17,TPEx,2026-10-05
710756,大中元大67購01,0.45,-0.12,TPEx,2026-10-05
710761,華景電元大64購01,0.6,0.1,TPEx,2026-10-05
710765,大中凱基61購01,0.32,0.03,TPEx,2026-10-05
710766,竹陞凱基61購02,0.26,-0.07,TPEx,2026-10-05
710770,富喬凱基61購05,1.28,0.21,TPEx,2026-10-05
710773,中美晶永豐61購01,0.84,-0.17,TPEx,2026-10-05
710778,宜鼎永豐66購01,0.79,0.03,TPEx,2026-10-05
710781,能率亞永豐61購01,0.55,-0.01,TPEx,2026-10-05
710783,閎康永豐61購02,0.33,0.05,TPEx,2026-10-05
710785,頎邦永豐61購02,0.59,-0.09,TPEx,2026-10-05
710786,頎邦永豐64購01,1.15,-0.08,TPEx,2026-10-05
710787,璟德永豐61購02,0.31,0.01,TPEx,2026-10-05
710788,寶雅永豐61購01,0.43,-0.01,TPEx,2026-10-05
710790,巨有台新61購01,2.7,-0.17,TPEx,2026-10-05
710791,立碁台新61購01,3.77,0.85,TPEx,2026-10-05
710792,竹陞台新61購02,0.64,-0.03,TPEx,2026-10-05
710793,宜鼎台新61購04,0.31,0.01,TPEx,2026-10-05
710794,晟田台新61購01,0.81,0.01,TPEx,2026-10-05
710798,中美晶富邦61購02,0.57,-0.11,TPEx,2026-10-05
710799,欣銓富邦61購01,0.31,-0.03,TPEx,2026-10-05
710800,陽程富邦61購01,3.3,0.64,TPEx,2026-10-05
710801,頎邦富邦63購01,0.59,-0.04,TPEx,2026-10-05
710802,頎邦富邦64購01,0.63,-0.03,TPEx,2026-10-05
710805,中美晶群益61購01,3.07,-0.17,TPEx,2026-10-05
710806,世界群益61購02,1.19,-0.06,TPEx,2026-10-05
710808,均豪群益61購02,1.37,-0.03,TPEx,2026-10-05
710809,良維群益61購03,1.28,0.03,TPEx,2026-10-05
710815,鈊象群益64購01,0.31,0.0,TPEx,2026-10-05
710816,群聯群益67購02,1.65,0.02,TPEx,2026-10-05
710817,頎邦群益61購01,0.71,-0.09,TPEx,2026-10-05
710818,頎邦群益61購02,0.55,-0.07,TPEx,2026-10-05
710821,世紀*凱基61購02,4.02,-0.46,TPEx,2026-10-05
710822,良維凱基61購02,1.23,0.09,TPEx,2026-10-05
710824,家登凱基61購01,1.07,0.05,TPEx,2026-10-05
710826,頎邦凱基61購01,0.33,-0.1,TPEx,2026-10-05
710828,竹陞台新61購03,0.49,-0.05,TPEx,2026-10-05
710829,朋程台新61購01,0.41,0.03,TPEx,2026-10-05
710831,朋程台新63購01,1.34,0.01,TPEx,2026-10-05
710833,博大台新61購01,0.66,-0.14,TPEx,2026-10-05
710834,群聯台新61購03,0.9,0.03,TPEx,2026-10-05
710837,頎邦台新61購01,0.99,-0.18,TPEx,2026-10-05
710838,頎邦台新61購02,0.79,-0.11,TPEx,2026-10-05
710841,力致永豐61購01,0.52,0.11,TPEx,2026-10-05
710842,中美晶永豐65購02,1.46,-0.03,TPEx,2026-10-05
710843,世紀*永豐61購01,2.68,-0.21,TPEx,2026-10-05
710844,神準永豐65購01,0.74,-0.03,TPEx,2026-10-05
710845,翔名永豐61購01,0.26,0.0,TPEx,2026-10-05
710847,榮剛永豐61購01,0.59,-0.04,TPEx,2026-10-05
710848,榮剛永豐61購02,0.41,-0.06,TPEx,2026-10-05
710852,友威科國票65購01,0.64,-0.01,TPEx,2026-10-05
710858,易發國票65購01,0.6,-0.03,TPEx,2026-10-05
710860,佶優國票61購01,0.38,0.04,TPEx,2026-10-05
710861,佶優國票63購01,0.43,0.09,TPEx,2026-10-05
710864,振曜國票65購01,0.25,-0.01,TPEx,2026-10-05
710865,泰詠國票65購01,0.52,-0.01,TPEx,2026-10-05
710868,博大國票65購01,0.56,-0.07,TPEx,2026-10-05
710870,晶宏國票65購01,0.92,0.03,TPEx,2026-10-05
710871,越峰國票65購01,0.24,-0.03,TPEx,2026-10-05
710872,萬泰科國票61購02,0.57,0.16,TPEx,2026-10-05
710876,竹陞國泰63購01,0.86,0.02,TPEx,2026-10-05
710879,精材國泰62購01,4.05,0.12,TPEx,2026-10-05
710883,宜鼎群益61購02,0.43,0.0,TPEx,2026-10-05
710885,威剛群益61購05,0.64,-0.02,TPEx,2026-10-05
710887,群聯群益67購03,2.44,0.07,TPEx,2026-10-05
710888,精材群益64購01,2.0,0.37,TPEx,2026-10-05
710891,聚和群益61購01,0.53,0.0,TPEx,2026-10-05
710892,雙鴻群益61購02,7.9,0.35,TPEx,2026-10-05
710893,中美晶元大64購01,1.73,-0.08,TPEx,2026-10-05
710894,中美晶元大66購04,1.48,-0.05,TPEx,2026-10-05
710895,台嘉碩元大61購02,0.61,-0.04,TPEx,2026-10-05
710896,均豪元大61購02,0.46,0.0,TPEx,2026-10-05
710897,宜特元大65購01,0.77,0.01,TPEx,2026-10-05
710898,宜特元大67購02,0.46,-0.01,TPEx,2026-10-05
710899,欣銓元大61購02,0.8,-0.04,TPEx,2026-10-05
710900,家登元大61購02,1.09,0.1,TPEx,2026-10-05
710902,臺慶科元大64購02,0.44,0.03,TPEx,2026-10-05
710904,太普高國票65購01,0.28,0.06,TPEx,2026-10-05
710905,安碁國票61購01,0.54,0.0,TPEx,2026-10-05
710908,倉和國票65購01,3.72,-0.71,TPEx,2026-10-05
710909,晟田國票61購02,0.64,0.0,TPEx,2026-10-05
710910,創泓國票61購01,1.05,-0.03,TPEx,2026-10-05
710913,聖暉*國票65購01,0.26,0.01,TPEx,2026-10-05
710914,類比科國票61購01,0.31,0.01,TPEx,2026-10-05
710916,驊訊國票61購01,0.18,-0.03,TPEx,2026-10-05
710918,中美晶凱基66購01,1.31,0.0,TPEx,2026-10-05
710921,宜鼎凱基61購02,0.3,0.0,TPEx,2026-10-05
710922,欣銓凱基61購03,0.54,-0.01,TPEx,2026-10-05
710926,群聯凱基61購07,1.06,0.05,TPEx,2026-10-05
710932,家登群益61購04,1.57,0.09,TPEx,2026-10-05
710935,精材群益64購02,2.11,0.32,TPEx,2026-10-05
710936,中美晶國泰64購01,1.58,-0.24,TPEx,2026-10-05
710940,華電網富邦63購01,0.29,0.02,TPEx,2026-10-05
710941,萬泰科富邦63購02,0.33,0.08,TPEx,2026-10-05
710946,長聖永豐61購01,0.48,-0.05,TPEx,2026-10-05
710952,宸曜永豐61購01,0.66,0.04,TPEx,2026-10-05
710958,精剛永豐61購01,0.31,-0.03,TPEx,2026-10-05
710961,中美晶元大64購02,1.52,-0.1,TPEx,2026-10-05
710962,中美晶元大66購05,1.42,-0.01,TPEx,2026-10-05
710964,宜鼎元大61購07,0.42,-0.01,TPEx,2026-10-05
710972,譜瑞元大65購03,0.66,0.01,TPEx,2026-10-05
710976,大中台新61購04,0.13,0.02,TPEx,2026-10-05
710979,宸曜台新61購01,1.6,0.04,TPEx,2026-10-05
710984,均豪凱基61購01,1.0,0.01,TPEx,2026-10-05
710987,華景電凱基64購01,0.58,0.09,TPEx,2026-10-05
710989,頎邦凱基61購02,0.46,-0.08,TPEx,2026-10-05
710991,營邦凱基61購01,1.36,0.19,TPEx,2026-10-05
710993,寶雅凱基61購01,0.7,-0.02,TPEx,2026-10-05
710994,欣銓台新61購03,0.68,-0.06,TPEx,2026-10-05
710996,大江國票65購01,0.51,-0.01,TPEx,2026-10-05
711000,長聖國票65購01,0.6,0.0,TPEx,2026-10-05
711004,系統電國泰62購01,1.26,0.21,TPEx,2026-10-05
711010,立敦元大61購01,0.3,-0.04,TPEx,2026-10-05
711011,立敦元大67購01,0.3,-0.02,TPEx,2026-10-05
711012,宜鼎元大61購08,0.41,0.0,TPEx,2026-10-05
711013,宜鼎元大61購09,0.66,0.0,TPEx,2026-10-05
711015,朋程元大61購01,0.43,-0.01,TPEx,2026-10-05
711017,美琪瑪元大61購01,0.73,-0.01,TPEx,2026-10-05
711020,家登元大61購03,1.51,0.12,TPEx,2026-10-05
711022,群聯元大64購08,0.67,0.0,TPEx,2026-10-05
711024,中美晶統一65購01,0.53,-0.01,TPEx,2026-10-05
711026,朋程統一65購03,0.17,0.01,TPEx,2026-10-05
711029,精材統一67購01,1.47,0.2,TPEx,2026-10-05
711030,營邦統一67購01,1.11,0.06,TPEx,2026-10-05
711037,長聖永豐61購02,0.25,-0.03,TPEx,2026-10-05
711039,群聯永豐64購07,0.97,0.0,TPEx,2026-10-05
711046,台特化凱基61購01,1.36,-0.11,TPEx,2026-10-05
711047,巨有凱基61購02,5.25,0.25,TPEx,2026-10-05
711049,宜鼎凱基61購03,0.59,0.02,TPEx,2026-10-05
711050,茂達凱基61購04,0.51,0.04,TPEx,2026-10-05
711051,原相凱基61購02,0.21,0.0,TPEx,2026-10-05
711054,鈊象凱基61購03,1.57,0.16,TPEx,2026-10-05
711055,群聯凱基64購04,1.9,0.01,TPEx,2026-10-05
711056,精材凱基61購08,3.98,0.72,TPEx,2026-10-05
711061,家登群益61購05,0.89,0.03,TPEx,2026-10-05
711063,群聯群益61購06,3.26,-0.05,TPEx,2026-10-05
711064,精材群益61購02,7.15,1.25,TPEx,2026-10-05
711065,大樹國票65購01,0.46,-0.02,TPEx,2026-10-05
711066,公準國票65購01,0.58,-0.03,TPEx,2026-10-05
711067,加百裕國票61購01,0.34,0.03,TPEx,2026-10-05
711068,尼克森國票61購01,0.18,0.04,TPEx,2026-10-05
711071,宜鼎國票65購02,0.8,0.02,TPEx,2026-10-05
711072,高僑國票65購01,0.45,-0.02,TPEx,2026-10-05
711073,智崴國票65購01,0.41,0.0,TPEx,2026-10-05
711076,撼訊國票65購01,0.68,-0.04,TPEx,2026-10-05
711077,中美晶元大61購03,1.11,-0.05,TPEx,2026-10-05
711078,台嘉碩元大61購03,0.99,0.02,TPEx,2026-10-05
711079,宜鼎元大61購10,0.58,0.0,TPEx,2026-10-05
711081,群聯元大61購14,0.93,0.03,TPEx,2026-10-05
711082,臺慶科元大61購03,0.26,0.04,TPEx,2026-10-05
711084,博大國泰62購01,0.73,-0.07,TPEx,2026-10-05
711087,精材國泰62購02,4.82,0.83,TPEx,2026-10-05
711088,中美晶富邦61購03,0.59,-0.03,TPEx,2026-10-05
711089,立碁富邦64購01,2.5,0.48,TPEx,2026-10-05
711092,精材富邦61購01,1.73,0.07,TPEx,2026-10-05
711093,精材中信61購02,1.09,0.14,TPEx,2026-10-05
711095,千附永豐61購02,0.74,0.07,TPEx,2026-10-05
711096,立端永豐61購01,0.87,0.03,TPEx,2026-10-05
711097,松瑞藥永豐61購01,0.7,0.02,TPEx,2026-10-05
711102,中裕統一69購01,0.51,-0.01,TPEx,2026-10-05
711104,台嘉碩統一67購01,0.58,-0.01,TPEx,2026-10-05
711105,台嘉碩統一6C購01,0.58,0.01,TPEx,2026-10-05
711107,巨有統一6C購01,1.46,0.04,TPEx,2026-10-05
711109,杰力統一6C購01,0.47,0.02,TPEx,2026-10-05
711110,青雲統一69購01,0.87,-0.01,TPEx,2026-10-05
711112,泰藝統一6C購01,0.63,0.02,TPEx,2026-10-05
711116,陽程統一6C購01,1.49,0.19,TPEx,2026-10-05
711117,順達統一65購03,0.47,0.01,TPEx,2026-10-05
711118,頎邦統一65購01,0.63,-0.06,TPEx,2026-10-05
711119,頎邦統一67購02,0.64,-0.03,TPEx,2026-10-05
711120,頎邦統一67購03,0.62,-0.02,TPEx,2026-10-05
711121,頎邦統一6C購01,0.7,-0.02,TPEx,2026-10-05
711122,精材統一65購02,1.4,0.18,TPEx,2026-10-05
711123,精材統一67購02,1.04,0.13,TPEx,2026-10-05
711124,中美晶凱基64購01,1.03,0.0,TPEx,2026-10-05
711125,家登凱基67購01,1.3,0.17,TPEx,2026-10-05
711126,陽程凱基61購03,3.07,0.47,TPEx,2026-10-05
711129,群聯凱基61購09,0.87,-0.01,TPEx,2026-10-05
711130,頎邦凱基61購03,0.39,-0.05,TPEx,2026-10-05
711131,精材凱基61購09,1.97,0.58,TPEx,2026-10-05
711132,臺慶科凱基61購03,0.34,0.02,TPEx,2026-10-05
711134,茂達台新61購01,0.42,0.0,TPEx,2026-10-05
711135,茂達台新61購02,0.45,0.01,TPEx,2026-10-05
711136,群聯台新67購03,1.62,0.03,TPEx,2026-10-05
711138,頎邦台新61購04,1.35,-0.17,TPEx,2026-10-05
711139,頎邦台新61購05,1.28,-0.19,TPEx,2026-10-05
711140,精材台新61購04,2.26,0.46,TPEx,2026-10-05
711144,天良國票61購01,0.13,-0.03,TPEx,2026-10-05
711145,巨漢國票61購01,0.51,0.05,TPEx,2026-10-05
711147,奇鈦科國票65購01,0.45,-0.03,TPEx,2026-10-05
711150,順達國票65購01,0.88,0.03,TPEx,2026-10-05
711152,精材國票65購01,2.42,0.29,TPEx,2026-10-05
711153,營邦國票61購01,2.28,0.23,TPEx,2026-10-05
711154,千附群益61購01,1.07,0.05,TPEx,2026-10-05
711156,台特化群益61購02,1.65,0.04,TPEx,2026-10-05
711157,青雲群益61購01,0.84,-0.01,TPEx,2026-10-05
711159,威剛群益61購06,1.34,0.0,TPEx,2026-10-05
711162,群聯群益61購07,1.72,0.04,TPEx,2026-10-05
711163,精材群益63購03,3.59,0.59,TPEx,2026-10-05
711164,中光電元大61購06,0.16,-0.01,TPEx,2026-10-05
711166,中美晶元大61購04,0.55,-0.05,TPEx,2026-10-05
711167,宜鼎元大63購02,0.76,0.0,TPEx,2026-10-05
711171,順達元大61購01,0.78,0.03,TPEx,2026-10-05
711172,群聯元大61購15,0.81,0.03,TPEx,2026-10-05
711174,精材元大61購10,1.34,0.21,TPEx,2026-10-05
711176,精材元大63購05,1.82,0.22,TPEx,2026-10-05
711177,營邦元大61購01,1.48,0.14,TPEx,2026-10-05
711179,九暘統一6C購01,0.59,0.0,TPEx,2026-10-05
711182,大中統一65購03,0.16,0.04,TPEx,2026-10-05
711185,中美晶統一65購02,0.66,0.01,TPEx,2026-10-05
711186,中美晶統一67購01,0.58,-0.02,TPEx,2026-10-05
711189,立敦統一67購01,0.29,-0.01,TPEx,2026-10-05
711190,安勤統一67購01,0.43,-0.01,TPEx,2026-10-05
711191,系統電統一6C購01,0.7,0.03,TPEx,2026-10-05
711192,亞通統一67購01,0.85,-0.02,TPEx,2026-10-05
711193,宜鼎統一67購01,0.52,0.0,TPEx,2026-10-05
711196,青雲統一69購02,0.79,0.0,TPEx,2026-10-05
711198,神準統一67購01,0.45,-0.01,TPEx,2026-10-05
711199,堡達統一65購01,0.41,-0.03,TPEx,2026-10-05
711200,翔名統一6C購01,0.46,0.02,TPEx,2026-10-05
711203,順達統一67購03,0.34,0.0,TPEx,2026-10-05
711206,頎邦統一65購02,0.67,-0.02,TPEx,2026-10-05
711207,頎邦統一67購04,0.65,-0.05,TPEx,2026-10-05
711208,頎邦統一68購01,0.57,-0.02,TPEx,2026-10-05
711209,碩禾統一67購01,0.3,-0.03,TPEx,2026-10-05
711210,精材統一65購03,1.03,0.13,TPEx,2026-10-05
711211,精材統一6C購02,1.13,0.11,TPEx,2026-10-05
711212,大樹永豐61購01,0.48,-0.04,TPEx,2026-10-05
711217,頎邦永豐65購01,0.85,-0.07,TPEx,2026-10-05
711218,精材永豐61購03,1.31,0.24,TPEx,2026-10-05
711219,精材永豐61購04,1.97,0.33,TPEx,2026-10-05
711220,精材永豐64購02,1.66,0.21,TPEx,2026-10-05
711221,營邦永豐64購01,1.4,0.05,TPEx,2026-10-05
711222,廣積國泰62購01,2.31,0.06,TPEx,2026-10-05
711223,營邦國泰62購01,3.37,0.21,TPEx,2026-10-05
711227,立敦富邦63購01,0.14,-0.01,TPEx,2026-10-05
711230,順達富邦63購01,0.31,-0.02,TPEx,2026-10-05
711231,鈊象富邦63購02,0.68,0.01,TPEx,2026-10-05
711232,中美晶台新61購04,0.56,-0.07,TPEx,2026-10-05
711233,宜鼎台新63購01,0.72,0.01,TPEx,2026-10-05
711236,陽程群益63購01,3.54,0.86,TPEx,2026-10-05
711238,璟德群益61購01,0.59,0.0,TPEx,2026-10-05
711240,中美晶凱基61購07,0.49,-0.05,TPEx,2026-10-05
711245,順達凱基61購04,0.31,0.01,TPEx,2026-10-05
711255,晶呈國票65購01,0.81,-0.07,TPEx,2026-10-05
711261,宜鼎元大63購03,0.68,0.0,TPEx,2026-10-05
711262,朋程元大61購02,0.44,-0.01,TPEx,2026-10-05
711263,家登元大61購04,0.83,0.11,TPEx,2026-10-05
711264,家登元大61購05,1.15,0.13,TPEx,2026-10-05
711265,凱崴元大61購01,1.08,-0.01,TPEx,2026-10-05
711267,臺慶科元大61購04,0.73,0.01,TPEx,2026-10-05
711268,營邦元大61購02,2.13,0.13,TPEx,2026-10-05
711269,中美晶國泰62購01,1.08,0.09,TPEx,2026-10-05
711271,博智富邦63購01,0.42,0.03,TPEx,2026-10-05
711272,富喬富邦61購02,1.13,0.11,TPEx,2026-10-05
711274,大中永豐61購01,0.82,0.04,TPEx,2026-10-05
711276,家登永豐61購03,1.01,0.06,TPEx,2026-10-05
711277,璟德永豐67購01,0.76,0.02,TPEx,2026-10-05
711281,安勤統一67購02,0.46,0.0,TPEx,2026-10-05
711282,青雲統一67購01,1.17,-0.02,TPEx,2026-10-05
711284,神準統一67購02,0.46,-0.01,TPEx,2026-10-05
711287,M31台新61購01,2.05,0.0,TPEx,2026-10-05
711292,頎邦台新61購06,1.53,-0.11,TPEx,2026-10-05
711293,M31凱基61購01,1.4,-0.09,TPEx,2026-10-05
711294,M31凱基61購02,1.53,-0.09,TPEx,2026-10-05
711295,M31凱基61購03,1.69,-0.04,TPEx,2026-10-05
711298,中美晶凱基61購08,0.81,-0.12,TPEx,2026-10-05
711299,朋程凱基61購02,0.57,0.04,TPEx,2026-10-05
711300,博智凱基63購01,1.66,0.17,TPEx,2026-10-05
711301,晶呈凱基61購01,1.25,-0.12,TPEx,2026-10-05
711303,群聯凱基65購01,1.75,-0.03,TPEx,2026-10-05
711305,營邦凱基61購03,3.3,0.3,TPEx,2026-10-05
711308,宏捷科元大66購01,1.34,0.22,TPEx,2026-10-05
711309,宜鼎元大63購04,0.78,0.0,TPEx,2026-10-05
711310,原相元大61購03,1.06,0.01,TPEx,2026-10-05
711311,順達元大63購01,1.45,0.06,TPEx,2026-10-05
711313,臺慶科元大61購05,0.94,0.02,TPEx,2026-10-05
711314,世界國泰62購02,1.39,0.08,TPEx,2026-10-05
711316,鑫聯國泰62購01,0.53,-0.03,TPEx,2026-10-05
711320,茂達國票61購02,0.75,0.05,TPEx,2026-10-05
711323,頎邦國票64購01,1.64,-0.09,TPEx,2026-10-05
711325,M31群益61購01,1.55,-0.06,TPEx,2026-10-05
711328,博智群益61購02,2.61,0.14,TPEx,2026-10-05
711329,陽程群益61購03,4.28,0.33,TPEx,2026-10-05
711330,群聯群益63購01,1.34,0.01,TPEx,2026-10-05
711331,M31富邦63購01,1.12,-0.03,TPEx,2026-10-05
711332,九暘統一65購01,0.64,-0.03,TPEx,2026-10-05
711336,原相永豐61購03,1.11,0.02,TPEx,2026-10-05
711338,晶呈永豐61購01,0.93,-0.1,TPEx,2026-10-05
711341,良維台新61購01,1.09,0.06,TPEx,2026-10-05
711343,中美晶凱基61購09,0.37,0.03,TPEx,2026-10-05
711344,宜鼎凱基61購04,0.73,0.01,TPEx,2026-10-05
711345,原相凱基61購03,1.01,0.01,TPEx,2026-10-05
711347,群聯凱基63購02,1.45,0.02,TPEx,2026-10-05
711348,頎邦凱基64購02,1.44,-0.09,TPEx,2026-10-05
711351,中美晶元大61購05,0.7,-0.02,TPEx,2026-10-05
711356,世界群益61購04,1.64,-0.02,TPEx,2026-10-05
711357,加高群益61購01,1.66,0.14,TPEx,2026-10-05
711358,巨有群益61購01,7.65,-0.4,TPEx,2026-10-05
711361,群聯群益61購08,3.51,0.08,TPEx,2026-10-05
711362,元太永豐61購05,0.39,0.04,TPEx,2026-10-05
711363,加高永豐61購02,0.47,-0.06,TPEx,2026-10-05
711364,良維永豐61購02,1.35,0.03,TPEx,2026-10-05
711366,敘豐永豐64購01,0.58,0.0,TPEx,2026-10-05
711367,凱崴永豐61購01,0.61,-0.03,TPEx,2026-10-05
711368,博智永豐61購02,1.06,0.13,TPEx,2026-10-05
711369,華電網永豐61購01,0.56,0.02,TPEx,2026-10-05
711370,閎康永豐61購03,1.3,0.17,TPEx,2026-10-05
711374,聖暉*永豐64購01,0.8,0.0,TPEx,2026-10-05
711377,原相國票61購02,0.84,-0.01,TPEx,2026-10-05
711379,創泓國票61購02,0.39,-0.03,TPEx,2026-10-05
711380,創泓國票63購01,0.75,-0.03,TPEx,2026-10-05
711385,世界國泰62購03,1.68,-0.06,TPEx,2026-10-05
711386,宜鼎國泰62購03,1.3,0.03,TPEx,2026-10-05
711387,青雲國泰62購04,2.03,-0.06,TPEx,2026-10-05
711389,群聯國泰62購04,1.33,0.02,TPEx,2026-10-05
711391,系統電富邦61購03,0.66,0.08,TPEx,2026-10-05
711392,宜鼎富邦61購03,0.36,0.0,TPEx,2026-10-05
711393,群聯富邦63購02,0.46,0.01,TPEx,2026-10-05
711394,M31統一67購01,0.93,0.0,TPEx,2026-10-05
711395,M31統一67購02,0.95,-0.01,TPEx,2026-10-05
711396,M31統一6C購01,0.82,-0.01,TPEx,2026-10-05
711402,中美晶統一66購04,0.31,-0.03,TPEx,2026-10-05
711404,杰力統一67購01,0.58,0.0,TPEx,2026-10-05
711406,閎康統一67購01,0.53,0.0,TPEx,2026-10-05
711411,天品國票61購01,1.34,0.02,TPEx,2026-10-05
711412,系統電國票64購01,1.56,0.11,TPEx,2026-10-05
711416,晟田國票62購01,0.94,-0.01,TPEx,2026-10-05
711419,碩禾國票64購01,0.33,-0.05,TPEx,2026-10-05
711422,晟田台新61購02,0.45,0.0,TPEx,2026-10-05
711427,中美晶凱基61購10,0.29,-0.11,TPEx,2026-10-05
711430,均豪凱基66購01,1.26,-0.01,TPEx,2026-10-05
711433,中美晶元大61購06,1.4,-0.14,TPEx,2026-10-05
711435,中美晶元大61購08,0.33,-0.03,TPEx,2026-10-05
711436,中美晶元大63購03,0.68,-0.05,TPEx,2026-10-05
711438,世界元大63購05,0.69,-0.04,TPEx,2026-10-05
711439,家登元大63購01,1.8,0.07,TPEx,2026-10-05
711443,頎邦元大61購04,0.75,0.06,TPEx,2026-10-05
711444,漢科元大61購01,0.73,0.08,TPEx,2026-10-05
711448,千附永豐64購01,0.45,0.01,TPEx,2026-10-05
711449,中美晶永豐61購04,0.91,-0.04,TPEx,2026-10-05
711451,世禾永豐61購01,0.52,0.01,TPEx,2026-10-05
711452,巨漢永豐61購02,0.3,0.01,TPEx,2026-10-05
711453,均豪永豐64購02,1.78,0.06,TPEx,2026-10-05
711454,宏捷科永豐64購01,0.97,0.21,TPEx,2026-10-05
711455,創惟永豐61購01,0.75,-0.02,TPEx,2026-10-05
711457,湧德永豐61購01,0.56,0.02,TPEx,2026-10-05
711460,中光電國泰62購03,0.33,0.01,TPEx,2026-10-05
711461,中美晶國泰63購02,0.91,-0.06,TPEx,2026-10-05
711462,世禾國泰62購01,0.68,-0.02,TPEx,2026-10-05
711464,廣穎國泰62購01,0.76,0.01,TPEx,2026-10-05
711468,中美晶統一65購03,0.28,-0.02,TPEx,2026-10-05
711470,中美晶統一6C購02,0.41,-0.01,TPEx,2026-10-05
711472,加高統一67購01,0.65,-0.02,TPEx,2026-10-05
711473,系微統一6C購01,0.67,-0.01,TPEx,2026-10-05
711474,家登統一6C購02,0.82,0.04,TPEx,2026-10-05
711475,博智統一6C購02,0.7,0.02,TPEx,2026-10-05
711477,雙鴻統一6C購01,1.08,0.04,TPEx,2026-10-05
711479,中美晶富邦61購04,0.17,-0.02,TPEx,2026-10-05
711480,台特化富邦61購01,0.46,-0.06,TPEx,2026-10-05
711481,宜鼎富邦61購04,0.35,0.0,TPEx,2026-10-05
711482,宜鼎群益61購04,1.21,0.04,TPEx,2026-10-05
711484,世界台新61購02,0.81,-0.06,TPEx,2026-10-05
711485,台嘉碩台新61購03,1.54,0.03,TPEx,2026-10-05
711486,巨漢台新61購03,1.39,0.09,TPEx,2026-10-05
711487,良維台新61購02,1.26,-0.02,TPEx,2026-10-05
711488,亞電台新61購01,1.38,0.02,TPEx,2026-10-05
711489,長科*台新61購01,1.12,0.03,TPEx,2026-10-05
711492,亞電群益61購02,1.43,-0.06,TPEx,2026-10-05
711493,亞電群益61購03,2.28,0.01,TPEx,2026-10-05
711495,世界凱基61購02,1.34,-0.05,TPEx,2026-10-05
711497,系統電凱基61購02,1.99,0.24,TPEx,2026-10-05
711498,宜鼎凱基61購05,1.6,0.04,TPEx,2026-10-05
711500,長科*凱基61購01,1.52,0.01,TPEx,2026-10-05
711501,威剛凱基61購05,1.43,-0.02,TPEx,2026-10-05
711503,富喬凱基61購06,5.0,0.42,TPEx,2026-10-05
711505,順達凱基61購05,1.41,0.01,TPEx,2026-10-05
711506,群聯凱基61購11,2.61,0.04,TPEx,2026-10-05
711511,亞電元大61購01,1.98,-0.11,TPEx,2026-10-05
711512,群聯元大61購18,1.24,0.03,TPEx,2026-10-05
711515,亞電統一69購01,0.84,-0.03,TPEx,2026-10-05
711516,宜鼎統一64購05,0.54,0.0,TPEx,2026-10-05
711517,倉和統一65購01,3.25,-0.7,TPEx,2026-10-05
711519,亞電永豐64購01,2.06,0.02,TPEx,2026-10-05
711521,長科*永豐64購01,0.87,-0.01,TPEx,2026-10-05
711524,世界國泰62購04,1.01,-0.06,TPEx,2026-10-05
711525,良維國泰62購01,2.47,0.19,TPEx,2026-10-05
711526,亞電國泰62購01,2.68,-0.01,TPEx,2026-10-05
711528,漢科國泰62購01,1.33,0.12,TPEx,2026-10-05
711530,立碁富邦61購02,2.57,0.21,TPEx,2026-10-05
711531,宜特富邦63購02,0.46,0.01,TPEx,2026-10-05
711533,朋程富邦63購04,0.48,-0.01,TPEx,2026-10-05
711534,欣銓富邦61購02,0.5,-0.03,TPEx,2026-10-05
711535,長科*富邦62購02,0.65,0.02,TPEx,2026-10-05
711536,富喬富邦61購03,1.53,0.13,TPEx,2026-10-05
711537,智通*富邦63購01,0.26,0.01,TPEx,2026-10-05
711538,陽程富邦61購03,2.07,0.08,TPEx,2026-10-05
711539,群聯富邦63購03,1.07,0.01,TPEx,2026-10-05
711542,譜瑞富邦63購02,0.51,0.0,TPEx,2026-10-05
711547,長科*國票65購01,1.32,0.03,TPEx,2026-10-05
711548,榮田國票61購01,1.05,0.03,TPEx,2026-10-05
711550,群聯群益61購09,3.95,0.2,TPEx,2026-10-05
711551,千附精國票64購01,1.04,-0.02,TPEx,2026-10-05
711552,立碁國票65購01,7.35,1.2,TPEx,2026-10-05
711553,亞電國票63購01,2.27,0.02,TPEx,2026-10-05
711554,亞電國票64購01,2.06,-0.01,TPEx,2026-10-05
711555,宜鼎國票66購01,0.96,0.01,TPEx,2026-10-05
711557,長科*國票64購01,1.15,0.04,TPEx,2026-10-05
711558,頎邦國票66購01,1.78,-0.09,TPEx,2026-10-05
711560,臺慶科國票66購01,1.42,0.1,TPEx,2026-10-05
711562,亞電台新61購02,1.46,0.03,TPEx,2026-10-05
711563,亞電台新61購03,1.57,0.02,TPEx,2026-10-05
711564,青雲台新61購01,0.91,-0.01,TPEx,2026-10-05
711566,千附精凱基61購04,0.98,-0.02,TPEx,2026-10-05
711568,亞電凱基61購01,2.38,-0.04,TPEx,2026-10-05
711571,群聯凱基66購02,2.57,-0.01,TPEx,2026-10-05
711573,群聯永豐67購03,1.46,0.01,TPEx,2026-10-05
711575,元太元大66購04,0.9,0.06,TPEx,2026-10-05
711576,均豪元大61購03,3.43,0.09,TPEx,2026-10-05
711577,青雲元大61購02,2.13,-0.02,TPEx,2026-10-05
711579,博智元大61購01,2.02,0.09,TPEx,2026-10-05
711580,群聯元大61購19,1.69,0.01,TPEx,2026-10-05
711581,群聯元大63購05,1.2,0.03,TPEx,2026-10-05
711582,聖暉*元大61購03,0.36,-0.01,TPEx,2026-10-05
711586,千附精國泰62購02,1.44,0.03,TPEx,2026-10-05
711587,元太國泰62購01,0.46,-0.01,TPEx,2026-10-05
711589,能率亞國泰62購01,1.57,-0.09,TPEx,2026-10-05
711591,群聯國泰62購06,2.23,-0.08,TPEx,2026-10-05
711594,長科*統一6C購01,0.68,0.01,TPEx,2026-10-05
711595,群聯統一66購02,0.55,0.0,TPEx,2026-10-05
711597,久元富邦62購02,0.51,-0.03,TPEx,2026-10-05
711599,宏捷科富邦63購01,0.83,0.16,TPEx,2026-10-05
711600,威剛富邦61購01,0.62,0.0,TPEx,2026-10-05
711601,茂達富邦63購03,0.55,0.02,TPEx,2026-10-05
711602,頎邦富邦62購01,1.09,-0.04,TPEx,2026-10-05
711603,頎邦富邦63購02,0.97,-0.08,TPEx,2026-10-05
711605,世禾凱基61購01,0.56,-0.02,TPEx,2026-10-05
711606,由田凱基61購01,3.57,-0.28,TPEx,2026-10-05
711607,宜鼎凱基65購01,1.51,0.01,TPEx,2026-10-05
711608,長科*凱基64購01,1.63,0.06,TPEx,2026-10-05
711611,博智凱基63購02,2.29,0.29,TPEx,2026-10-05
711613,世界台新61購03,1.84,-0.04,TPEx,2026-10-05
711614,台嘉碩台新61購04,1.9,0.0,TPEx,2026-10-05
711615,巨漢台新61購04,0.91,0.1,TPEx,2026-10-05
711616,家登台新61購02,2.16,0.13,TPEx,2026-10-05
711619,元太元大66購05,0.8,0.05,TPEx,2026-10-05
711620,世禾元大61購01,0.64,0.01,TPEx,2026-10-05
711621,世界元大61購02,1.79,-0.02,TPEx,2026-10-05
711622,世界元大63購06,0.89,-0.02,TPEx,2026-10-05
711624,欣銓元大67購02,1.84,-0.05,TPEx,2026-10-05
711625,原相元大61購04,0.72,0.01,TPEx,2026-10-05
711626,家登元大61購06,1.6,0.12,TPEx,2026-10-05
711627,家登元大65購01,1.66,0.11,TPEx,2026-10-05
711629,臺慶科元大61購06,1.17,0.01,TPEx,2026-10-05
711630,世界群益61購05,5.25,-0.25,TPEx,2026-10-05
711631,由田群益61購01,3.67,0.17,TPEx,2026-10-05
711633,群聯群益65購01,4.5,0.05,TPEx,2026-10-05
711634,頎邦群益61購03,2.81,-0.33,TPEx,2026-10-05
711636,由田國票61購01,3.39,0.2,TPEx,2026-10-05
711637,安勤國票65購01,0.58,0.0,TPEx,2026-10-05
711640,茂訊國票65購02,0.5,0.0,TPEx,2026-10-05
711641,茂綸國票65購01,1.29,0.12,TPEx,2026-10-05
711642,神準國票65購01,0.53,0.01,TPEx,2026-10-05
711644,鈊象國票63購01,1.35,-0.01,TPEx,2026-10-05
711645,精確國票65購01,0.91,-0.08,TPEx,2026-10-05
711646,銳澤國票65購01,0.73,0.01,TPEx,2026-10-05
711647,家登富邦63購02,1.1,0.05,TPEx,2026-10-05
711649,巨漢國泰62購01,0.68,0.05,TPEx,2026-10-05
711651,家登國泰62購02,1.74,0.1,TPEx,2026-10-05
711653,勤凱國泰62購01,2.46,0.57,TPEx,2026-10-05
711654,由田統一67購01,1.09,0.07,TPEx,2026-10-05
711655,由田統一6C購01,1.05,-0.01,TPEx,2026-10-05
711656,立碁統一67購02,1.46,0.23,TPEx,2026-10-05
711657,立碁統一69購01,1.5,0.09,TPEx,2026-10-05
711658,聖暉*統一69購01,0.32,0.0,TPEx,2026-10-05
711661,天品永豐64購01,1.43,0.01,TPEx,2026-10-05
711662,世紀*永豐61購02,5.4,-0.75,TPEx,2026-10-05
711666,艾訊永豐61購02,0.45,0.02,TPEx,2026-10-05
711667,亞信永豐61購01,0.72,-0.01,TPEx,2026-10-05
711668,朋程永豐61購01,1.12,0.12,TPEx,2026-10-05
711670,原相永豐61購04,1.29,0.05,TPEx,2026-10-05
711671,家登永豐61購05,3.65,0.23,TPEx,2026-10-05
711674,博智永豐61購03,2.09,0.19,TPEx,2026-10-05
711675,順達永豐61購03,1.08,0.0,TPEx,2026-10-05
711676,順達永豐67購02,2.23,0.09,TPEx,2026-10-05
711679,系微台新61購01,0.96,-0.12,TPEx,2026-10-05
711680,高技台新61購01,1.28,0.08,TPEx,2026-10-05
711681,高技台新61購02,1.22,0.09,TPEx,2026-10-05
711682,博智台新61購01,1.15,0.01,TPEx,2026-10-05
711683,群聯台新61購05,0.94,0.01,TPEx,2026-10-05
711687,世界凱基61購04,0.83,-0.04,TPEx,2026-10-05
711689,宜鼎凱基65購02,1.09,0.05,TPEx,2026-10-05
711692,中光電元大64購01,0.65,0.01,TPEx,2026-10-05
711693,世界元大61購03,1.47,-0.02,TPEx,2026-10-05
711694,世界元大61購04,0.69,-0.04,TPEx,2026-10-05
711696,欣銓元大67購03,1.16,-0.05,TPEx,2026-10-05
711698,家登元大61購07,1.14,0.08,TPEx,2026-10-05
711699,家登元大61購08,1.31,0.05,TPEx,2026-10-05
711700,家登元大65購02,0.97,0.03,TPEx,2026-10-05
711701,高技元大61購01,1.16,0.09,TPEx,2026-10-05
711702,博智元大61購02,1.21,0.13,TPEx,2026-10-05
711703,群聯元大64購09,1.95,0.06,TPEx,2026-10-05
711704,頎邦元大61購05,0.64,-0.02,TPEx,2026-10-05
711707,宏捷科國票64購01,0.68,0.07,TPEx,2026-10-05
711709,高技國票65購01,1.08,0.07,TPEx,2026-10-05
711710,世界群益61購06,5.5,-0.15,TPEx,2026-10-05
711711,欣銓群益61購02,1.06,-0.08,TPEx,2026-10-05
711712,威剛群益63購01,2.89,-0.06,TPEx,2026-10-05
711713,高技群益61購01,0.87,0.11,TPEx,2026-10-05
711714,鈊象群益61購03,1.49,0.0,TPEx,2026-10-05
711715,群聯群益65購02,2.06,0.03,TPEx,2026-10-05
711716,頎邦群益61購04,1.37,-0.13,TPEx,2026-10-05
711718,營邦群益61購01,2.18,0.19,TPEx,2026-10-05
711720,宜鼎中信61購04,0.54,0.0,TPEx,2026-10-05
711721,威剛中信61購02,0.46,-0.01,TPEx,2026-10-05
711723,元太永豐61購06,0.42,-0.07,TPEx,2026-10-05
711725,由田永豐61購01,2.07,0.11,TPEx,2026-10-05
711726,岳豐永豐64購01,0.19,0.0,TPEx,2026-10-05
711727,原相永豐61購05,0.71,0.02,TPEx,2026-10-05
711730,群翊永豐61購02,1.39,0.07,TPEx,2026-10-05
711733,臺慶科永豐61購01,1.13,0.07,TPEx,2026-10-05
711735,原相國泰62購01,0.97,0.03,TPEx,2026-10-05
711737,由田統一65購01,1.3,-0.01,TPEx,2026-10-05
711738,宏捷科統一65購01,0.63,0.14,TPEx,2026-10-05
711739,長科*統一65購01,0.72,0.06,TPEx,2026-10-05
711740,茂訊統一65購01,0.47,0.01,TPEx,2026-10-05
711741,高技統一67購01,0.63,0.03,TPEx,2026-10-05
711744,博智統一65購02,0.65,0.06,TPEx,2026-10-05
711747,敘豐台新61購01,0.64,-0.01,TPEx,2026-10-05
711749,群聯台新61購08,6.5,0.1,TPEx,2026-10-05
711751,群聯台新64購01,5.75,0.15,TPEx,2026-10-05
711753,雙鴻台新63購01,16.6,0.8,TPEx,2026-10-05
711754,中光電凱基61購07,0.5,0.01,TPEx,2026-10-05
711755,艾訊凱基61購01,0.42,0.04,TPEx,2026-10-05
711756,威剛凱基61購07,2.06,0.0,TPEx,2026-10-05
711758,高技凱基61購01,1.12,0.11,TPEx,2026-10-05
711759,博智凱基61購02,1.09,0.12,TPEx,2026-10-05
711760,群聯凱基61購12,1.65,0.04,TPEx,2026-10-05
711764,天正國票68購01,0.77,-0.01,TPEx,2026-10-05
711765,好德國票61購01,1.38,0.42,TPEx,2026-10-05
711767,振發國票65購01,0.75,-0.02,TPEx,2026-10-05
711769,富喬國票63購01,6.15,0.85,TPEx,2026-10-05
711770,達航國票65購01,0.79,-0.01,TPEx,2026-10-05
711772,世禾群益61購01,0.92,0.0,TPEx,2026-10-05
711773,世禾群益61購02,0.73,-0.03,TPEx,2026-10-05
711775,家登群益63購03,1.33,0.1,TPEx,2026-10-05
711778,臺慶科群益61購02,0.91,0.04,TPEx,2026-10-05
711779,蜜望實群益61購01,0.97,0.03,TPEx,2026-10-05
711782,元太元大65購04,0.56,0.02,TPEx,2026-10-05
711783,立碁元大61購01,3.55,0.74,TPEx,2026-10-05
711784,艾訊元大61購02,0.54,0.04,TPEx,2026-10-05
711786,博智元大61購03,1.23,0.18,TPEx,2026-10-05
711787,群聯元大64購10,2.11,0.07,TPEx,2026-10-05
711788,頎邦元大64購01,0.87,-0.04,TPEx,2026-10-05
711789,蜜望實元大61購01,0.56,0.01,TPEx,2026-10-05
711791,營邦元大61購04,1.17,0.01,TPEx,2026-10-05
711792,大學光永豐61購01,0.41,-0.01,TPEx,2026-10-05
711793,立碁永豐61購02,3.76,0.7,TPEx,2026-10-05
711794,全宇昕永豐61購02,1.04,0.07,TPEx,2026-10-05
711795,伯特光永豐61購01,0.83,0.0,TPEx,2026-10-05
711796,宏碁資永豐61購01,0.62,0.04,TPEx,2026-10-05
711799,能率永豐61購01,0.48,-0.01,TPEx,2026-10-05
711800,高技永豐61購01,0.9,0.08,TPEx,2026-10-05
711801,高技永豐61購02,0.79,0.08,TPEx,2026-10-05
711802,高技永豐63購01,0.91,0.02,TPEx,2026-10-05
711803,高技永豐67購01,0.77,0.08,TPEx,2026-10-05
711805,凱崴永豐61購02,1.26,-0.05,TPEx,2026-10-05
711807,崴寶永豐64購01,1.09,-0.01,TPEx,2026-10-05
711808,華電網永豐61購02,0.75,0.11,TPEx,2026-10-05
711809,聖暉*永豐64購02,0.67,0.03,TPEx,2026-10-05
711811,蜜望實永豐61購02,0.54,-0.01,TPEx,2026-10-05
711812,蜜望實永豐61購03,0.72,-0.01,TPEx,2026-10-05
711813,艾訊國泰63購01,1.07,0.06,TPEx,2026-10-05
711815,頎邦國泰63購01,1.63,-0.14,TPEx,2026-10-05
711816,頎邦國泰63購02,1.99,-0.13,TPEx,2026-10-05
711818,安勤富邦63購01,0.32,0.01,TPEx,2026-10-05
711819,宜鼎富邦67購01,0.66,0.0,TPEx,2026-10-05
711820,富喬富邦67購01,1.91,0.16,TPEx,2026-10-05
711821,蜜望實富邦63購01,0.46,-0.04,TPEx,2026-10-05
711823,泓格統一6B購01,0.4,-0.01,TPEx,2026-10-05
711825,振發統一6C購01,0.65,0.02,TPEx,2026-10-05
711833,天品國票63購01,1.68,0.03,TPEx,2026-10-05
711834,方土昶國票65購01,0.69,-0.03,TPEx,2026-10-05
711835,宏碁資國票65購01,0.71,0.03,TPEx,2026-10-05
711837,智通*國票61購03,0.74,0.07,TPEx,2026-10-05
711838,雙鴻國票66購01,2.33,-0.04,TPEx,2026-10-05
711839,穩得國票61購01,1.12,0.08,TPEx,2026-10-05
711842,中美晶永豐64購03,1.85,-0.02,TPEx,2026-10-05
711852,中美晶元大63購04,0.84,-0.07,TPEx,2026-10-05
711853,中美晶元大67購01,0.62,-0.03,TPEx,2026-10-05
711855,艾訊元大61購03,0.69,0.04,TPEx,2026-10-05
711856,欣銓元大65購01,1.54,-0.05,TPEx,2026-10-05
711857,泓格元大67購01,0.71,-0.03,TPEx,2026-10-05
711859,順達元大63購02,1.47,0.05,TPEx,2026-10-05
711860,群聯元大64購11,1.45,0.0,TPEx,2026-10-05
711863,雙鴻元大61購18,2.47,-0.13,TPEx,2026-10-05
711864,雙鴻元大63購04,1.52,0.07,TPEx,2026-10-05
711865,中美晶台新65購01,1.13,0.0,TPEx,2026-10-05
711866,智通*台新61購01,0.92,0.08,TPEx,2026-10-05
711867,群聯台新61購09,2.11,-0.03,TPEx,2026-10-05
711868,頎邦台新61購07,3.27,-0.16,TPEx,2026-10-05
711869,蜜望實台新61購01,1.33,-0.07,TPEx,2026-10-05
711870,廣積台新61購01,1.28,0.0,TPEx,2026-10-05
711871,中美晶凱基61購11,1.21,-0.22,TPEx,2026-10-05
711872,中美晶凱基63購02,1.34,-0.29,TPEx,2026-10-05
711873,元太凱基66購01,0.8,0.03,TPEx,2026-10-05
711874,立碁凱基61購01,3.19,0.85,TPEx,2026-10-05
711875,宜鼎凱基61購06,0.81,0.0,TPEx,2026-10-05
711876,宜鼎凱基63購01,0.92,0.03,TPEx,2026-10-05
711880,營邦凱基61購04,2.53,0.1,TPEx,2026-10-05
711883,立碁國泰63購01,4.49,0.29,TPEx,2026-10-05
711885,富喬國泰63購01,4.82,0.48,TPEx,2026-10-05
711887,智通*國泰63購01,1.04,0.09,TPEx,2026-10-05
711889,中美晶富邦63購02,1.01,0.01,TPEx,2026-10-05
711890,中美晶富邦67購01,0.85,0.09,TPEx,2026-10-05
711891,中美晶富邦77購01,1.05,-0.08,TPEx,2026-10-05
711892,世界富邦61購04,0.65,-0.02,TPEx,2026-10-05
711893,世界富邦67購01,0.77,-0.01,TPEx,2026-10-05
711894,高技富邦63購01,0.7,0.06,TPEx,2026-10-05
711897,蜜望實統一67購01,0.6,0.02,TPEx,2026-10-05
711899,中美晶群益61購03,1.63,-0.12,TPEx,2026-10-05
711900,元太群益61購01,0.8,0.05,TPEx,2026-10-05
711901,高技群益61購02,1.58,0.11,TPEx,2026-10-05
711906,中美晶凱基61購12,1.71,-0.11,TPEx,2026-10-05
711907,立碁凱基61購02,3.15,0.81,TPEx,2026-10-05
711908,艾訊凱基61購02,0.59,0.05,TPEx,2026-10-05
711909,欣銓凱基65購01,1.5,-0.06,TPEx,2026-10-05
711912,振發凱基61購01,1.74,0.02,TPEx,2026-10-05
711914,順達凱基63購02,1.64,0.04,TPEx,2026-10-05
711916,M31台新67購01,2.65,-0.06,TPEx,2026-10-05
711921,中美晶元大61購10,1.29,-0.07,TPEx,2026-10-05
711922,中美晶元大67購02,0.68,-0.03,TPEx,2026-10-05
711923,立碁元大61購02,2.83,0.53,TPEx,2026-10-05
711926,威剛元大61購07,1.74,0.01,TPEx,2026-10-05
711928,群聯元大61購21,1.44,0.02,TPEx,2026-10-05
711929,群聯元大63購06,1.34,0.03,TPEx,2026-10-05
711930,中美晶永豐64購04,1.79,-0.12,TPEx,2026-10-05
711931,世界永豐64購01,1.92,-0.02,TPEx,2026-10-05
711932,宜鼎永豐61購05,0.81,-0.04,TPEx,2026-10-05
711936,加高國票65購01,0.89,-0.11,TPEx,2026-10-05
711937,立碁國票64購01,2.41,0.39,TPEx,2026-10-05
711940,陽程國票61購03,5.8,0.6,TPEx,2026-10-05
711941,頎邦國票63購01,2.21,0.01,TPEx,2026-10-05
711944,晟田國泰63購01,0.82,0.01,TPEx,2026-10-05
711945,立碁富邦61購03,1.7,0.49,TPEx,2026-10-05
711946,威剛富邦64購02,0.46,-0.01,TPEx,2026-10-05
711947,頎邦統一6A購01,1.17,-0.02,TPEx,2026-10-05
711954,世界中信62購01,0.57,-0.06,TPEx,2026-10-05
711955,宜鼎永豐63購04,1.55,0.01,TPEx,2026-10-05
711957,富喬永豐63購01,4.21,0.37,TPEx,2026-10-05
711958,台嘉碩國泰63購01,2.54,0.07,TPEx,2026-10-05
711960,群聯國泰65購01,2.57,0.07,TPEx,2026-10-05
711969,元太凱基65購01,0.87,0.02,TPEx,2026-10-05
711972,高技凱基62購01,2.21,0.19,TPEx,2026-10-05
711975,頎邦凱基63購02,4.22,-0.28,TPEx,2026-10-05
711976,廣積凱基62購01,0.87,0.01,TPEx,2026-10-05
711980,M31元大65購01,1.36,-0.06,TPEx,2026-10-05
711981,巨漢元大62購01,1.29,0.13,TPEx,2026-10-05
711982,良維元大62購01,2.0,0.13,TPEx,2026-10-05
711983,威剛元大62購03,1.87,-0.05,TPEx,2026-10-05
711984,博智元大62購01,2.58,0.08,TPEx,2026-10-05
711988,群聯元大62購04,2.06,0.05,TPEx,2026-10-05
711994,新應材群益62購01,1.41,0.05,TPEx,2026-10-05
711995,中美晶台新62購01,1.51,-0.12,TPEx,2026-10-05
711996,宜鼎台新62購02,1.46,0.04,TPEx,2026-10-05
711997,欣銓台新62購01,3.28,-0.09,TPEx,2026-10-05
711998,威剛台新62購02,1.28,0.02,TPEx,2026-10-05
712000,臺慶科台新62購01,1.9,0.03,TPEx,2026-10-05
712003,巨漢凱基63購01,1.55,0.13,TPEx,2026-10-05
712005,博智凱基63購03,2.38,0.3,TPEx,2026-10-05
712007,鈊象凱基64購03,2.78,0.22,TPEx,2026-10-05
712011,世紀*國票66購01,4.89,-0.61,TPEx,2026-10-05
712012,光焱國票66購01,0.7,-0.03,TPEx,2026-10-05
712013,光焱國票68購01,1.13,-0.04,TPEx,2026-10-05
712014,沛亨國票66購01,2.36,-0.07,TPEx,2026-10-05
712016,順達國票65購02,1.75,0.08,TPEx,2026-10-05
712017,臺慶科國票64購01,1.34,0.01,TPEx,2026-10-05
712020,均華元大64購01,2.7,0.17,TPEx,2026-10-05
712021,均豪元大64購03,1.37,-0.01,TPEx,2026-10-05
712022,系統電元大64購01,3.44,0.27,TPEx,2026-10-05
712025,宜鼎元大64購01,1.13,0.0,TPEx,2026-10-05
712029,鈊象元大64購03,0.83,0.0,TPEx,2026-10-05
712030,新應材元大63購01,2.18,0.16,TPEx,2026-10-05
712031,新應材元大63購02,2.04,0.08,TPEx,2026-10-05
712033,新應材元大64購01,2.13,0.11,TPEx,2026-10-05
712034,群聯元大63購07,2.06,0.0,TPEx,2026-10-05
712035,群聯元大63購08,2.58,0.08,TPEx,2026-10-05
712036,群聯元大64購12,1.49,0.04,TPEx,2026-10-05
712037,威剛國泰63購01,1.61,-0.05,TPEx,2026-10-05
712038,聖暉*國泰63購01,1.1,0.0,TPEx,2026-10-05
712039,M31富邦65購01,1.08,-0.03,TPEx,2026-10-05
712043,宏捷科國票69購01,1.06,0.08,TPEx,2026-10-05
712044,高技國票65購02,1.63,0.1,TPEx,2026-10-05
712045,博磊國票66購01,1.1,0.02,TPEx,2026-10-05
712046,竑騰群益62購01,2.84,0.09,TPEx,2026-10-05
712047,順達群益62購01,2.78,0.07,TPEx,2026-10-05
712048,新應材群益62購02,1.44,0.07,TPEx,2026-10-05
712053,宜鼎元大63購05,1.31,0.02,TPEx,2026-10-05
712054,宜鼎元大64購02,1.09,0.0,TPEx,2026-10-05
712055,威剛元大63購01,1.62,-0.01,TPEx,2026-10-05
712056,威剛元大64購02,1.43,0.02,TPEx,2026-10-05
712058,高技元大63購01,2.51,0.16,TPEx,2026-10-05
712060,智通*元大63購03,2.46,0.19,TPEx,2026-10-05
712061,智通*元大64購01,1.78,0.1,TPEx,2026-10-05
712062,群聯元大63購09,1.93,-0.03,TPEx,2026-10-05
712063,蜜望實元大63購01,0.79,-0.03,TPEx,2026-10-05
712067,雙鴻元大64購03,2.24,0.1,TPEx,2026-10-05
712072,鈊象國泰63購01,1.81,-0.08,TPEx,2026-10-05
712073,新應材國泰63購01,2.68,0.18,TPEx,2026-10-05
712075,新應材中信62購01,0.95,0.05,TPEx,2026-10-05
712076,竑騰永豐63購01,1.94,0.04,TPEx,2026-10-05
712077,博磊永豐63購01,1.6,0.02,TPEx,2026-10-05
712078,順達永豐63購01,2.53,0.12,TPEx,2026-10-05
712080,新應材永豐68購02,0.92,0.03,TPEx,2026-10-05
712082,群聯永豐64購11,2.18,-0.03,TPEx,2026-10-05
712083,均華凱基64購01,3.41,0.37,TPEx,2026-10-05
712084,沛亨凱基63購01,3.4,-0.09,TPEx,2026-10-05
712085,宜鼎凱基68購01,2.08,0.05,TPEx,2026-10-05
712086,新應材凱基63購01,1.76,0.16,TPEx,2026-10-05
712087,新應材凱基63購02,2.19,0.09,TPEx,2026-10-05
712088,新應材凱基63購03,2.62,0.21,TPEx,2026-10-05
712089,新應材凱基64購01,2.28,0.12,TPEx,2026-10-05
712090,群聯凱基63購05,3.85,-0.03,TPEx,2026-10-05
712091,臺慶科凱基63購02,2.56,0.19,TPEx,2026-10-05
712094,世界台新65購01,2.96,0.12,TPEx,2026-10-05
712095,巨漢台新62購01,2.09,0.14,TPEx,2026-10-05
712102,博磊台新62購01,1.7,0.0,TPEx,2026-10-05
712104,聚和台新62購01,1.66,-0.07,TPEx,2026-10-05
712108,均華富邦63購01,1.59,0.06,TPEx,2026-10-05
712109,宜鼎富邦62購01,0.86,-0.01,TPEx,2026-10-05
712112,順達富邦63購02,1.23,0.01,TPEx,2026-10-05
712113,新應材富邦63購03,1.01,0.04,TPEx,2026-10-05
712114,新應材富邦64購01,0.92,0.05,TPEx,2026-10-05
712116,新應材統一71購01,0.89,0.03,TPEx,2026-10-05
712117,新應材統一71購02,0.87,0.02,TPEx,2026-10-05
712118,群聯統一6A購01,1.09,0.01,TPEx,2026-10-05
712119,世禾國票66購01,1.04,0.01,TPEx,2026-10-05
712120,系統電國票67購01,1.38,0.09,TPEx,2026-10-05
712124,能率國票65購01,0.98,-0.02,TPEx,2026-10-05
712125,華景電國票65購02,1.27,0.1,TPEx,2026-10-05
712126,順達國票67購01,2.08,0.04,TPEx,2026-10-05
712128,中美晶台新65購02,1.79,-0.19,TPEx,2026-10-05
712130,新應材台新62購01,1.62,0.08,TPEx,2026-10-05
712131,新應材台新62購02,2.63,0.19,TPEx,2026-10-05
712133,中美晶元大64購04,1.99,-0.08,TPEx,2026-10-05
712134,台特化元大64購01,1.66,-0.04,TPEx,2026-10-05
712138,中美晶中信62購01,1.02,-0.17,TPEx,2026-10-05
712139,富喬中信64購01,2.58,0.21,TPEx,2026-10-05
712140,中光電永豐63購02,1.24,0.0,TPEx,2026-10-05
712141,系統電永豐64購02,2.05,0.07,TPEx,2026-10-05
712142,宜鼎永豐63購05,1.26,0.03,TPEx,2026-10-05
712143,宜鼎永豐64購03,1.47,0.06,TPEx,2026-10-05
712147,晟德永豐63購01,0.74,-0.01,TPEx,2026-10-05
712148,頎邦永豐63購02,2.7,-0.15,TPEx,2026-10-05
712151,M31群益62購01,1.14,-0.04,TPEx,2026-10-05
712152,世界群益62購03,2.63,-0.16,TPEx,2026-10-05
712153,均華群益68購01,3.69,0.27,TPEx,2026-10-05
712154,宜特群益62購01,1.48,0.08,TPEx,2026-10-05
712157,群聯群益64購02,3.85,0.12,TPEx,2026-10-05
712159,雙鴻群益64購01,7.55,0.4,TPEx,2026-10-05
712160,中美晶凱基63購05,2.98,-0.23,TPEx,2026-10-05
712161,宏捷科凱基67購01,1.45,0.16,TPEx,2026-10-05
712162,系統電凱基64購01,2.99,0.24,TPEx,2026-10-05
712169,營邦凱基63購01,3.95,0.17,TPEx,2026-10-05
712171,巨漢富邦63購02,0.64,0.06,TPEx,2026-10-05
712172,博智富邦63購02,0.92,0.07,TPEx,2026-10-05
712175,巨漢國泰63購01,2.32,0.14,TPEx,2026-10-05
712179,富喬統一6A購01,1.89,0.13,TPEx,2026-10-05
712181,弘塑元大63購03,0.97,0.08,TPEx,2026-10-05
712182,弘塑元大64購02,1.09,0.07,TPEx,2026-10-05
712186,博智元大64購01,0.76,0.02,TPEx,2026-10-05
712187,萬潤元大63購01,1.55,0.29,TPEx,2026-10-05
712189,中美晶台新65購03,1.59,-0.06,TPEx,2026-10-05
712190,均華台新62購03,2.57,0.22,TPEx,2026-10-05
712192,威剛台新65購01,0.93,-0.02,TPEx,2026-10-05
712193,威剛台新68購01,1.23,-0.01,TPEx,2026-10-05
712196,萬潤台新62購01,1.75,0.21,TPEx,2026-10-05
712197,萬潤台新62購02,2.88,0.67,TPEx,2026-10-05
712198,萬潤台新62購03,3.5,0.75,TPEx,2026-10-05
712199,萬潤台新65購01,2.62,0.46,TPEx,2026-10-05
712200,萬潤台新68購01,2.91,0.45,TPEx,2026-10-05
712201,世禾凱基66購01,0.91,0.0,TPEx,2026-10-05
712202,世界凱基63購04,1.23,-0.05,TPEx,2026-10-05
712203,台特化凱基63購02,2.43,-0.04,TPEx,2026-10-05
712205,高技凱基63購01,1.04,0.12,TPEx,2026-10-05
712206,博智凱基63購04,1.5,0.12,TPEx,2026-10-05
712208,新應材凱基63購05,0.78,0.02,TPEx,2026-10-05
712209,廣積凱基63購01,1.45,0.01,TPEx,2026-10-05
712210,廣穎凱基63購01,0.64,0.02,TPEx,2026-10-05
712211,富喬中信64購02,2.15,0.2,TPEx,2026-10-05
712212,中美晶永豐64購05,1.46,-0.18,TPEx,2026-10-05
712214,朋億*永豐63購01,1.07,0.04,TPEx,2026-10-05
712215,金山電永豐65購01,0.8,-0.04,TPEx,2026-10-05
712218,萬潤永豐65購01,1.68,0.4,TPEx,2026-10-05
712219,萬潤永豐66購01,1.42,0.11,TPEx,2026-10-05
712220,萬潤永豐68購01,2.08,0.23,TPEx,2026-10-05
712225,朋億*國票66購01,0.84,0.02,TPEx,2026-10-05
712226,金山電國票65購01,0.74,-0.05,TPEx,2026-10-05
712227,金山電國票67購01,0.89,0.0,TPEx,2026-10-05
712228,家登國票63購01,3.55,0.23,TPEx,2026-10-05
712230,凱崴國票65購01,1.07,0.0,TPEx,2026-10-05
712231,博磊國票68購01,0.76,-0.01,TPEx,2026-10-05
712232,港建*國票63購01,0.97,0.02,TPEx,2026-10-05
712234,萬潤國票66購01,1.26,0.22,TPEx,2026-10-05
712235,萬潤國票68購01,1.32,0.19,TPEx,2026-10-05
712236,中美晶富邦62購02,1.16,-0.12,TPEx,2026-10-05
712237,弘塑富邦63購02,0.7,0.08,TPEx,2026-10-05
712239,中美晶群益62購03,2.69,0.03,TPEx,2026-10-05
712240,台嘉碩群益62購01,1.66,-0.07,TPEx,2026-10-05
712241,弘塑群益62購01,0.86,0.07,TPEx,2026-10-05
712242,弘塑群益62購02,0.93,0.07,TPEx,2026-10-05
712243,宏捷科群益64購01,1.53,0.37,TPEx,2026-10-05
712244,系統電群益62購01,2.18,0.13,TPEx,2026-10-05
712245,宜鼎群益62購01,0.8,0.0,TPEx,2026-10-05
712246,金山電群益62購01,1.47,-0.09,TPEx,2026-10-05
712247,前鼎群益68購01,4.88,0.38,TPEx,2026-10-05
712249,原相群益62購01,1.12,-0.02,TPEx,2026-10-05
712251,新應材群益66購01,1.6,0.16,TPEx,2026-10-05
712252,萬潤群益68購01,2.39,0.41,TPEx,2026-10-05
712253,群聯群益68購01,3.42,0.03,TPEx,2026-10-05
712254,頎邦群益62購02,3.5,-0.25,TPEx,2026-10-05
712255,雙鴻群益62購03,3.58,0.3,TPEx,2026-10-05
712257,世禾統一68購01,0.85,-0.02,TPEx,2026-10-05
712259,金山電統一67購01,0.59,-0.02,TPEx,2026-10-05
712260,金山電統一6B購01,0.71,-0.01,TPEx,2026-10-05
712261,金山電統一6C購01,0.7,-0.02,TPEx,2026-10-05
712264,新應材統一68購01,0.65,0.04,TPEx,2026-10-05
712265,萬潤統一65購01,1.45,0.31,TPEx,2026-10-05
712266,萬潤統一6A購03,1.24,0.18,TPEx,2026-10-05
712267,萬潤統一6B購01,0.88,0.09,TPEx,2026-10-05
712268,萬潤統一6C購01,0.88,0.13,TPEx,2026-10-05
712269,弘塑國泰63購01,1.13,0.14,TPEx,2026-10-05
712270,弘塑國泰63購02,0.88,0.05,TPEx,2026-10-05
712271,泓格國泰63購02,0.82,-0.06,TPEx,2026-10-05
712272,金山電國泰63購01,2.21,-0.11,TPEx,2026-10-05
712273,金山電國泰64購01,2.09,-0.09,TPEx,2026-10-05
712274,萬潤國泰63購01,2.14,0.4,TPEx,2026-10-05
712275,弘塑台新62購01,1.23,0.22,TPEx,2026-10-05
712276,弘塑台新62購02,1.0,0.16,TPEx,2026-10-05
712277,弘塑台新62購03,0.93,0.13,TPEx,2026-10-05
712278,弘塑台新68購01,1.47,0.14,TPEx,2026-10-05
712279,弘塑台新68購02,1.06,0.07,TPEx,2026-10-05
712281,沛亨台新62購02,1.77,0.02,TPEx,2026-10-05
712283,韋僑台新62購02,0.51,0.01,TPEx,2026-10-05
712284,竑騰台新62購02,1.56,-0.01,TPEx,2026-10-05
712285,博智台新62購01,1.49,0.1,TPEx,2026-10-05
712286,新應材台新62購03,1.12,0.0,TPEx,2026-10-05
712287,群聯台新62購01,2.11,0.06,TPEx,2026-10-05
712291,雙鴻台新68購02,2.77,0.14,TPEx,2026-10-05
712296,世界元大64購09,0.69,-0.01,TPEx,2026-10-05
712297,弘塑元大64購03,0.69,0.08,TPEx,2026-10-05
712298,良維元大64購02,1.21,0.03,TPEx,2026-10-05
712299,宜鼎元大64購03,0.97,0.02,TPEx,2026-10-05
712303,中美晶凱基63購06,1.28,-0.14,TPEx,2026-10-05
712304,弘塑凱基63購01,0.61,0.12,TPEx,2026-10-05
712305,弘塑凱基64購01,0.92,0.09,TPEx,2026-10-05
712306,金山電凱基63購01,1.19,-0.08,TPEx,2026-10-05
712307,金山電凱基63購02,1.28,-0.07,TPEx,2026-10-05
712309,群聯凱基66購03,1.33,0.02,TPEx,2026-10-05
712310,頎邦凱基64購03,1.85,-0.16,TPEx,2026-10-05
712311,雙鴻凱基63購08,3.03,-0.14,TPEx,2026-10-05
712312,均華國泰64購01,2.44,0.23,TPEx,2026-10-05
712314,弘塑統一67購01,0.56,0.05,TPEx,2026-10-05
712315,由田統一68購01,1.23,0.08,TPEx,2026-10-05
712316,金山電統一66購01,0.5,-0.03,TPEx,2026-10-05
712317,金山電統一68購01,0.73,-0.06,TPEx,2026-10-05
712318,前鼎統一6C購01,1.0,0.05,TPEx,2026-10-05
712320,富喬中信64購03,1.32,0.11,TPEx,2026-10-05
712321,元太永豐63購01,0.58,0.01,TPEx,2026-10-05
712322,巨漢永豐63購01,0.86,0.08,TPEx,2026-10-05
712323,宏碁資永豐63購01,0.77,0.04,TPEx,2026-10-05
712324,建榮永豐64購01,1.26,0.08,TPEx,2026-10-05
712325,胡連永豐63購01,0.81,-0.02,TPEx,2026-10-05
712326,茂綸永豐64購01,1.27,0.22,TPEx,2026-10-05
712327,茂綸永豐65購01,1.38,0.07,TPEx,2026-10-05
712328,竑騰永豐64購01,1.39,-0.02,TPEx,2026-10-05
712329,富喬永豐64購02,2.52,0.14,TPEx,2026-10-05
712331,聖暉*永豐63購01,1.66,-0.01,TPEx,2026-10-05
712334,弘塑國票66購01,1.14,0.12,TPEx,2026-10-05
712336,均華國票63購01,1.38,0.05,TPEx,2026-10-05
712338,前鼎國票67購01,1.81,0.12,TPEx,2026-10-05
712339,博智國票63購01,2.16,0.15,TPEx,2026-10-05
712340,智通*國票63購01,1.15,-0.01,TPEx,2026-10-05
712341,新應材國票63購01,1.56,0.11,TPEx,2026-10-05
712342,新應材國票64購01,1.68,0.12,TPEx,2026-10-05
712345,世界群益67購01,1.18,-0.02,TPEx,2026-10-05
712346,台特化群益67購01,1.54,-0.02,TPEx,2026-10-05
712347,由田群益62購01,3.17,-0.03,TPEx,2026-10-05
712348,宏捷科群益62購01,1.09,0.28,TPEx,2026-10-05
712349,沛亨群益62購01,2.29,-0.12,TPEx,2026-10-05
712350,茂達群益62購01,1.08,0.1,TPEx,2026-10-05
712352,新應材台新62購04,1.89,0.18,TPEx,2026-10-05
712353,世界凱基63購05,1.01,-0.06,TPEx,2026-10-05
712354,台特化凱基67購01,2.15,-0.18,TPEx,2026-10-05
712356,前鼎凱基67購01,2.0,-0.04,TPEx,2026-10-05
712357,新應材凱基64購02,1.37,0.12,TPEx,2026-10-05
712360,前鼎永豐68購01,2.16,0.29,TPEx,2026-10-05
712361,博智永豐63購01,1.48,0.09,TPEx,2026-10-05
712362,達航永豐63購02,1.46,0.04,TPEx,2026-10-05
712365,前鼎國票68購01,1.66,0.01,TPEx,2026-10-05
712366,竑騰國票63購01,1.43,-0.02,TPEx,2026-10-05
712367,聚和國票65購01,1.05,-0.05,TPEx,2026-10-05
712369,中美晶群益64購02,0.9,-0.03,TPEx,2026-10-05
712370,欣銓群益63購01,2.0,-0.11,TPEx,2026-10-05
712371,金山電群益63購01,1.18,-0.06,TPEx,2026-10-05
712372,青雲群益63購01,1.05,0.0,TPEx,2026-10-05
712375,群聯群益64購03,1.04,-0.01,TPEx,2026-10-05
712376,雙鴻群益64購02,2.39,0.21,TPEx,2026-10-05
712377,群聯國泰67購01,1.82,-0.08,TPEx,2026-10-05
712378,世界富邦65購01,0.6,-0.02,TPEx,2026-10-05
712379,富喬富邦62購01,2.06,0.19,TPEx,2026-10-05
712380,新應材富邦64購02,0.47,0.02,TPEx,2026-10-05
712381,沛亨統一65購03,1.15,-0.03,TPEx,2026-10-05
712382,長科*統一68購01,0.7,0.05,TPEx,2026-10-05
712383,前鼎統一66購01,1.4,0.05,TPEx,2026-10-05
712384,前鼎統一68購01,0.95,0.03,TPEx,2026-10-05
712386,頎邦統一66購02,1.28,-0.07,TPEx,2026-10-05
712387,M31國票67購01,0.9,-0.06,TPEx,2026-10-05
712388,博磊國票65購01,0.57,-0.04,TPEx,2026-10-05
712392,宸曜台新62購02,1.14,0.06,TPEx,2026-10-05
712393,新應材台新64購01,1.5,0.14,TPEx,2026-10-05
712394,群聯台新65購01,1.15,0.02,TPEx,2026-10-05
712396,雙鴻台新65購02,2.27,-0.06,TPEx,2026-10-05
712398,中美晶凱基64購02,1.75,-0.07,TPEx,2026-10-05
712400,宜鼎凱基63購04,0.32,0.0,TPEx,2026-10-05
712401,青雲凱基63購01,1.26,-0.04,TPEx,2026-10-05
712404,富喬凱基68購01,2.75,0.25,TPEx,2026-10-05
712406,群聯凱基63購08,1.11,0.03,TPEx,2026-10-05
712407,群聯凱基63購09,1.31,0.01,TPEx,2026-10-05
712409,雙鴻凱基63購09,2.71,0.29,TPEx,2026-10-05
712410,方土昶群益63購01,0.88,-0.06,TPEx,2026-10-05
712411,世界群益66購02,1.01,0.01,TPEx,2026-10-05
712414,台特化群益66購01,1.47,-0.14,TPEx,2026-10-05
712415,弘塑群益63購01,0.82,0.09,TPEx,2026-10-05
712416,艾訊群益63購01,0.7,0.05,TPEx,2026-10-05
712417,艾訊群益63購02,0.54,0.01,TPEx,2026-10-05
712418,倚強群益69購01,2.59,-0.12,TPEx,2026-10-05
712419,群聯群益64購04,0.7,0.02,TPEx,2026-10-05
712421,雙鴻群益65購01,1.67,0.11,TPEx,2026-10-05
712423,新應材元大63購04,0.33,0.02,TPEx,2026-10-05
712424,新應材元大64購02,0.94,0.03,TPEx,2026-10-05
712425,營邦元大64購02,1.9,0.15,TPEx,2026-10-05
712426,宜鼎中信62購01,0.46,0.01,TPEx,2026-10-05
712428,群聯中信66購01,0.51,0.02,TPEx,2026-10-05
712429,雙鴻中信63購03,1.23,0.08,TPEx,2026-10-05
712430,均華永豐63購01,1.58,0.11,TPEx,2026-10-05
712433,茂訊永豐63購01,0.65,0.01,TPEx,2026-10-05
712437,雙鴻永豐64購05,2.28,0.21,TPEx,2026-10-05
712440,聖暉*國泰63購02,0.71,-0.02,TPEx,2026-10-05
712443,宏捷科富邦64購01,0.73,0.12,TPEx,2026-10-05
712444,宏捷科富邦65購01,0.69,0.09,TPEx,2026-10-05
712445,宜鼎富邦68購01,0.4,0.0,TPEx,2026-10-05
712447,頎邦富邦65購01,0.84,-0.08,TPEx,2026-10-05
712448,譜瑞富邦64購02,0.37,0.01,TPEx,2026-10-05
712451,雙鴻統一64購02,1.05,0.06,TPEx,2026-10-05
712452,台特化台新65購01,2.41,-0.1,TPEx,2026-10-05
712454,富喬台新65購01,4.26,0.36,TPEx,2026-10-05
712455,順達台新64購01,1.95,0.11,TPEx,2026-10-05
712456,新應材台新64購02,0.86,0.03,TPEx,2026-10-05
712457,頎邦台新68購01,4.06,-0.12,TPEx,2026-10-05
712458,營邦台新65購02,2.06,-0.07,TPEx,2026-10-05
712461,世界凱基66購02,1.5,-0.07,TPEx,2026-10-05
712463,弘塑凱基63購02,1.01,0.15,TPEx,2026-10-05
712464,弘塑凱基63購03,1.32,0.14,TPEx,2026-10-05
712465,艾訊凱基63購01,0.61,0.05,TPEx,2026-10-05
712467,富喬凱基63購03,2.11,0.33,TPEx,2026-10-05
712474,均華永豐63購02,1.27,0.11,TPEx,2026-10-05
712476,宜鼎永豐66購02,0.69,0.01,TPEx,2026-10-05
712477,順達永豐63購02,1.65,0.03,TPEx,2026-10-05
712478,順達永豐63購03,1.16,0.03,TPEx,2026-10-05
712480,群聯永豐65購08,1.15,0.01,TPEx,2026-10-05
712481,群聯永豐68購02,1.63,0.01,TPEx,2026-10-05
712482,廣閎科永豐63購01,1.29,0.13,TPEx,2026-10-05
712483,廣閎科永豐63購02,1.05,0.1,TPEx,2026-10-05
712484,廣閎科永豐65購01,1.12,0.1,TPEx,2026-10-05
712486,廣穎永豐65購02,1.08,-0.01,TPEx,2026-10-05
712487,巨漢元大64購01,1.15,0.1,TPEx,2026-10-05
712489,宜鼎元大64購04,0.32,0.0,TPEx,2026-10-05
712490,富喬元大63購03,2.08,0.17,TPEx,2026-10-05
712491,富喬元大63購04,1.88,0.13,TPEx,2026-10-05
712492,富喬元大63購05,2.77,0.24,TPEx,2026-10-05
712494,富喬元大64購06,1.61,0.11,TPEx,2026-10-05
712495,群聯元大63購10,1.82,0.05,TPEx,2026-10-05
712496,群聯元大63購13,0.58,0.0,TPEx,2026-10-05
712497,廣積元大63購05,0.7,0.02,TPEx,2026-10-05
712498,廣穎元大63購02,0.49,0.0,TPEx,2026-10-05
712499,廣穎元大63購03,0.31,0.0,TPEx,2026-10-05
712500,營邦元大63購01,1.4,0.1,TPEx,2026-10-05
712501,營邦元大63購03,0.92,0.05,TPEx,2026-10-05
712502,營邦元大64購04,0.94,0.05,TPEx,2026-10-05
712503,雙鴻元大64購04,1.91,0.15,TPEx,2026-10-05
712504,千如國票66購01,1.38,0.07,TPEx,2026-10-05
712506,富喬國票66購01,4.61,0.34,TPEx,2026-10-05
712508,雙鴻國票69購01,1.95,0.12,TPEx,2026-10-05
712509,千如國泰63購01,2.71,-0.02,TPEx,2026-10-05
712512,新應材國泰63購02,1.11,0.01,TPEx,2026-10-05
712513,千附精富邦62購01,0.52,0.0,TPEx,2026-10-05
712514,中美晶富邦65購01,0.83,-0.13,TPEx,2026-10-05
712515,順達富邦63購03,0.98,0.04,TPEx,2026-10-05
712516,廣閎科富邦62購01,0.62,0.06,TPEx,2026-10-05
712517,營邦富邦65購01,1.26,0.04,TPEx,2026-10-05
712518,中美晶群益63購02,3.89,0.29,TPEx,2026-10-05
712519,宜鼎群益63購01,0.94,0.02,TPEx,2026-10-05
712521,順達群益63購01,2.04,0.04,TPEx,2026-10-05
712522,群聯群益63購03,3.19,-0.04,TPEx,2026-10-05
712523,廣閎科群益63購01,1.36,0.08,TPEx,2026-10-05
712525,雙鴻群益63購04,2.87,-0.24,TPEx,2026-10-05
712527,弘塑統一66購01,0.58,0.05,TPEx,2026-10-05
712528,均華統一69購01,0.8,0.06,TPEx,2026-10-05
712529,高技統一66購01,0.7,0.03,TPEx,2026-10-05
712530,陽程統一66購03,2.19,0.34,TPEx,2026-10-05
712531,順達統一6B購01,0.86,0.03,TPEx,2026-10-05
712532,世界群益62購04,2.14,-0.12,TPEx,2026-10-05
712533,台半群益63購01,1.45,0.12,TPEx,2026-10-05
712534,台特化群益62購02,4.21,0.02,TPEx,2026-10-05
712535,東捷群益64購01,1.71,-0.02,TPEx,2026-10-05
712538,廣閎科群益64購01,1.88,0.01,TPEx,2026-10-05
712539,穩懋群益63購02,4.03,0.08,TPEx,2026-10-05
712540,穩懋群益64購01,5.15,0.59,TPEx,2026-10-05
712541,中美晶元大64購05,0.88,-0.06,TPEx,2026-10-05
712543,均華元大64購02,2.07,0.16,TPEx,2026-10-05
712544,朋億*元大63購01,0.94,0.02,TPEx,2026-10-05
712545,東捷元大63購01,1.61,-0.12,TPEx,2026-10-05
712547,高技元大63購02,0.5,0.03,TPEx,2026-10-05
712548,順達元大63購03,1.03,0.05,TPEx,2026-10-05
712549,順達元大63購04,1.6,0.11,TPEx,2026-10-05
712550,順達元大64購07,1.25,0.02,TPEx,2026-10-05
712552,廣閎科元大64購01,0.8,0.03,TPEx,2026-10-05
712555,雙鴻元大63購08,1.78,0.07,TPEx,2026-10-05
712556,雙鴻元大63購09,1.53,0.05,TPEx,2026-10-05
712557,雙鴻元大63購10,1.49,-0.05,TPEx,2026-10-05
712558,雙鴻元大64購05,1.86,0.06,TPEx,2026-10-05
712560,東捷統一66購02,1.08,-0.09,TPEx,2026-10-05
712561,東捷統一6B購01,0.84,-0.04,TPEx,2026-10-05
712562,穩懋統一66購02,1.46,0.07,TPEx,2026-10-05
712563,穩懋統一67購01,1.23,-0.02,TPEx,2026-10-05
712565,穩懋統一6C購02,1.15,0.05,TPEx,2026-10-05
712566,穩懋統一6C購03,1.47,0.06,TPEx,2026-10-05
712567,東捷富邦63購01,1.2,-0.13,TPEx,2026-10-05
712568,東捷國泰63購01,2.78,-0.22,TPEx,2026-10-05
712569,博盛國泰63購01,1.99,0.17,TPEx,2026-10-05
712571,鴻呈國泰63購01,0.73,0.0,TPEx,2026-10-05
712572,穩懋國泰63購01,4.18,0.24,TPEx,2026-10-05
712573,穩懋國泰63購03,4.65,0.21,TPEx,2026-10-05
712574,穩懋國泰63購04,4.74,0.14,TPEx,2026-10-05
712575,穩懋國泰63購05,5.45,0.15,TPEx,2026-10-05
712576,台半凱基63購01,1.98,0.18,TPEx,2026-10-05
712577,宜鼎凱基64購02,0.76,0.0,TPEx,2026-10-05
712581,群聯凱基64購06,1.33,0.04,TPEx,2026-10-05
712582,漢達凱基63購01,3.2,0.11,TPEx,2026-10-05
712585,雙鴻凱基64購02,2.93,0.13,TPEx,2026-10-05
712586,穩懋凱基63購01,3.6,0.37,TPEx,2026-10-05
712587,穩懋凱基63購02,3.05,0.4,TPEx,2026-10-05
712588,穩懋凱基63購03,3.48,0.34,TPEx,2026-10-05
712591,均華台新63購01,2.1,0.1,TPEx,2026-10-05
712594,順達台新64購02,1.48,0.08,TPEx,2026-10-05
712596,穩懋台新62購01,3.21,0.09,TPEx,2026-10-05
712597,穩懋台新63購01,4.05,0.35,TPEx,2026-10-05
712599,穩懋台新65購02,2.73,0.26,TPEx,2026-10-05
712600,穩懋台新68購01,2.97,0.18,TPEx,2026-10-05
712601,弘塑中信64購01,0.92,0.11,TPEx,2026-10-05
712602,穩懋中信68購01,1.19,0.04,TPEx,2026-10-05
712603,台半永豐64購02,1.4,0.04,TPEx,2026-10-05
712604,台半永豐65購01,1.6,0.12,TPEx,2026-10-05
712605,台星科永豐64購01,1.32,-0.01,TPEx,2026-10-05
712606,由田永豐64購01,1.73,0.03,TPEx,2026-10-05
712607,系統電永豐63購01,1.02,0.15,TPEx,2026-10-05
712609,東捷永豐63購02,1.67,-0.26,TPEx,2026-10-05
712610,東捷永豐63購03,1.68,-0.05,TPEx,2026-10-05
712611,東捷永豐65購01,2.12,-0.01,TPEx,2026-10-05
712614,欣銓永豐66購01,1.57,-0.05,TPEx,2026-10-05
712615,欣銓永豐68購01,1.23,-0.05,TPEx,2026-10-05
712617,博盛永豐63購01,1.52,0.08,TPEx,2026-10-05
712618,博盛永豐63購02,1.39,0.19,TPEx,2026-10-05
712619,博盛永豐65購01,1.81,0.14,TPEx,2026-10-05
712620,越峰永豐63購01,0.79,-0.11,TPEx,2026-10-05
712621,穩得永豐63購01,0.59,0.04,TPEx,2026-10-05
712623,穩懋永豐64購02,4.88,0.25,TPEx,2026-10-05
712624,穩懋永豐66購01,5.35,0.62,TPEx,2026-10-05
712625,穩懋永豐68購01,5.7,0.65,TPEx,2026-10-05
712626,均華國票63購02,2.02,0.12,TPEx,2026-10-05
712628,東捷國票64購01,2.03,-0.17,TPEx,2026-10-05
712629,元太群益63購01,0.62,0.02,TPEx,2026-10-05
712631,世界群益63購01,2.89,0.15,TPEx,2026-10-05
712633,威剛群益62購04,1.9,-0.05,TPEx,2026-10-05
712634,胡連群益63購01,0.74,0.02,TPEx,2026-10-05
712636,順達群益63購02,1.31,0.02,TPEx,2026-10-05
712637,群聯群益62購01,3.8,0.01,TPEx,2026-10-05
712642,雙鴻中信64購02,1.86,0.16,TPEx,2026-10-05
712644,新應材永豐65購01,1.51,0.1,TPEx,2026-10-05
712647,台半國泰63購01,2.49,0.27,TPEx,2026-10-05
712650,元太元大63購06,0.44,0.03,TPEx,2026-10-05
712651,元太元大64購02,0.7,0.04,TPEx,2026-10-05
712654,陽程元大64購03,1.77,0.19,TPEx,2026-10-05
712656,鈊象元大64購04,0.84,0.01,TPEx,2026-10-05
712658,良維富邦63購01,1.05,0.04,TPEx,2026-10-05
712659,穩懋富邦63購01,2.08,0.15,TPEx,2026-10-05
712660,穩懋富邦64購01,1.82,0.03,TPEx,2026-10-05
712661,台半統一68購01,1.01,0.07,TPEx,2026-10-05
712662,東捷統一68購01,0.85,-0.06,TPEx,2026-10-05
712664,穩懋統一68購02,1.65,0.12,TPEx,2026-10-05
712665,千如凱基66購01,1.05,-0.02,TPEx,2026-10-05
712666,中美晶凱基68購01,2.16,-0.28,TPEx,2026-10-05
712667,世界凱基63購06,1.47,-0.03,TPEx,2026-10-05
712668,弘塑凱基63購04,1.06,0.15,TPEx,2026-10-05
712669,均華凱基64購02,1.8,0.1,TPEx,2026-10-05
712671,東捷凱基63購02,1.41,-0.12,TPEx,2026-10-05
712677,系統電台新62購01,1.77,0.13,TPEx,2026-10-05
712678,長科*台新65購01,2.05,0.04,TPEx,2026-10-05
712681,順達台新62購01,1.18,0.06,TPEx,2026-10-05
712682,中美晶元大64購06,0.74,-0.03,TPEx,2026-10-05
712683,元太元大63購07,0.87,0.03,TPEx,2026-10-05
712684,元太元大63購08,0.52,0.02,TPEx,2026-10-05
712685,元太元大64購03,0.68,0.03,TPEx,2026-10-05
712686,均華元大64購03,1.16,0.01,TPEx,2026-10-05
712687,宜鼎元大64購05,0.6,0.01,TPEx,2026-10-05
712689,順達元大64購09,0.88,0.05,TPEx,2026-10-05
712690,鈊象元大63購09,1.17,0.04,TPEx,2026-10-05
712693,蜜望實元大63購02,0.44,-0.01,TPEx,2026-10-05
712694,寶雅元大63購02,0.58,0.0,TPEx,2026-10-05
712695,元太台新65購01,1.12,0.08,TPEx,2026-10-05
712697,威聯通台新62購01,0.64,0.0,TPEx,2026-10-05
712698,胡連台新62購01,0.79,0.01,TPEx,2026-10-05
712700,蜜望實台新62購01,0.98,-0.06,TPEx,2026-10-05
712701,蜜望實台新65購01,1.47,0.01,TPEx,2026-10-05
712702,中美晶凱基64購04,1.25,-0.24,TPEx,2026-10-05
712703,朋億*凱基63購01,0.77,0.02,TPEx,2026-10-05
712705,威剛凱基63購07,1.18,0.01,TPEx,2026-10-05
712706,建榮凱基63購01,0.89,0.12,TPEx,2026-10-05
712707,順達凱基66購01,1.44,0.02,TPEx,2026-10-05
712708,鈊象凱基64購04,0.96,0.03,TPEx,2026-10-05
712710,鉅橡凱基63購01,0.81,-0.05,TPEx,2026-10-05
712711,廣閎科凱基63購01,1.27,0.16,TPEx,2026-10-05
712712,穩懋凱基63購08,2.83,0.19,TPEx,2026-10-05
712713,中美晶群益62購04,3.67,0.48,TPEx,2026-10-05
712714,弘塑群益63購02,0.73,0.1,TPEx,2026-10-05
712715,系統電群益63購01,1.97,0.07,TPEx,2026-10-05
712716,宜鼎群益63購02,0.91,0.01,TPEx,2026-10-05
712719,群聯群益62購02,2.16,0.0,TPEx,2026-10-05
712720,千如永豐63購01,1.35,-0.05,TPEx,2026-10-05
712721,元太永豐63購02,0.6,0.03,TPEx,2026-10-05
712723,沛亨永豐64購02,1.08,-0.04,TPEx,2026-10-05
712724,茂迪永豐64購01,0.57,-0.08,TPEx,2026-10-05
712728,雙鴻永豐6B購01,2.02,-0.03,TPEx,2026-10-05
712729,雙鴻永豐6C購01,1.98,0.1,TPEx,2026-10-05
712731,三聯國票63購01,0.81,-0.04,TPEx,2026-10-05
712732,蜜望實國票63購01,1.46,0.01,TPEx,2026-10-05
712734,均華國泰63購02,1.16,0.09,TPEx,2026-10-05
712736,順達富邦64購01,0.68,-0.01,TPEx,2026-10-05
712737,巨有統一6B購03,2.12,0.22,TPEx,2026-10-05
712739,堡達統一6A購01,0.58,-0.01,TPEx,2026-10-05
712740,新普統一66購01,0.45,-0.01,TPEx,2026-10-05
712743,鈺太國票63購01,1.09,-0.08,TPEx,2026-10-05
712744,鈺太國票64購01,1.21,0.0,TPEx,2026-10-05
712745,中美晶群益62購05,3.25,-0.11,TPEx,2026-10-05
712746,台特化群益62購03,2.98,-0.15,TPEx,2026-10-05
712747,弘塑群益63購03,0.42,0.08,TPEx,2026-10-05
712748,均華群益64購01,2.01,0.3,TPEx,2026-10-05
712749,茂迪群益63購01,0.7,-0.09,TPEx,2026-10-05
712752,營邦群益63購01,2.06,0.17,TPEx,2026-10-05
712753,穩懋群益68購01,5.35,0.63,TPEx,2026-10-05
712754,元太凱基63購01,0.95,0.09,TPEx,2026-10-05
712755,弘塑凱基63購05,0.57,0.06,TPEx,2026-10-05
712756,均華凱基68購01,3.64,0.38,TPEx,2026-10-05
712757,系統電凱基64購02,1.77,0.18,TPEx,2026-10-05
712759,倉和凱基63購02,2.83,-0.42,TPEx,2026-10-05
712760,頎邦凱基66購01,2.09,-0.16,TPEx,2026-10-05
712761,臺慶科凱基63購03,0.59,0.02,TPEx,2026-10-05
712762,弘塑台新63購01,0.77,0.07,TPEx,2026-10-05
712765,家碩台新62購01,1.78,0.06,TPEx,2026-10-05
712766,家碩台新62購02,1.05,0.03,TPEx,2026-10-05
712767,順達台新64購03,1.46,0.08,TPEx,2026-10-05
712769,營邦台新63購01,1.55,0.06,TPEx,2026-10-05
712772,元太元大64購04,0.41,0.03,TPEx,2026-10-05
712773,弘塑元大63購04,0.53,0.07,TPEx,2026-10-05
712774,弘塑元大63購05,0.74,0.09,TPEx,2026-10-05
712775,弘塑元大64購04,0.47,0.06,TPEx,2026-10-05
712776,均華元大64購04,1.13,0.11,TPEx,2026-10-05
712778,順達元大63購05,0.77,0.05,TPEx,2026-10-05
712779,順達元大63購06,0.92,0.05,TPEx,2026-10-05
712780,順達元大63購07,0.88,0.04,TPEx,2026-10-05
712781,順達元大64購10,0.61,0.03,TPEx,2026-10-05
712790,宜鼎統一6B購02,0.56,0.0,TPEx,2026-10-05
712791,倉和統一68購02,2.25,-0.47,TPEx,2026-10-05
712792,陽程統一6C購02,1.05,0.12,TPEx,2026-10-05
712794,穩懋統一68購03,1.83,0.11,TPEx,2026-10-05
712795,家登中信63購01,1.05,0.07,TPEx,2026-10-05
712796,世禾永豐63購01,0.82,0.0,TPEx,2026-10-05
712798,宏捷科永豐63購01,1.34,0.25,TPEx,2026-10-05
712799,倚強永豐64購01,2.76,0.04,TPEx,2026-10-05
712802,家登永豐63購03,1.1,0.09,TPEx,2026-10-05
712803,湧德永豐63購01,1.28,-0.01,TPEx,2026-10-05
712804,順達永豐63購04,1.09,0.07,TPEx,2026-10-05
712805,群聯永豐63購03,1.03,0.03,TPEx,2026-10-05
712806,磐儀永豐63購01,0.55,-0.05,TPEx,2026-10-05
712807,鴻呈永豐63購01,0.47,0.0,TPEx,2026-10-05
712809,弘塑富邦64購02,0.69,0.1,TPEx,2026-10-05
712810,頎邦富邦65購02,0.97,-0.07,TPEx,2026-10-05
712812,元太台新65購02,0.88,0.06,TPEx,2026-10-05
712814,竑騰台新62購03,1.67,-0.12,TPEx,2026-10-05
712817,普萊德台新62購01,0.73,-0.07,TPEx,2026-10-05
712818,晶呈台新62購01,2.58,-0.28,TPEx,2026-10-05
712819,晶呈台新62購02,1.84,-0.01,TPEx,2026-10-05
712820,晶呈台新65購01,2.16,-0.07,TPEx,2026-10-05
712822,均華群益64購02,2.21,0.26,TPEx,2026-10-05
712827,倉和元大62購02,1.37,-0.44,TPEx,2026-10-05
712828,陽程元大62購01,1.26,0.23,TPEx,2026-10-05
712829,陽程元大62購02,1.22,0.22,TPEx,2026-10-05
712830,陽程元大62購03,1.28,0.28,TPEx,2026-10-05
712831,陽程元大63購04,1.25,0.21,TPEx,2026-10-05
712832,陽程元大65購03,1.13,0.19,TPEx,2026-10-05
712833,群聯元大65購01,1.05,-0.03,TPEx,2026-10-05
712834,廣閎科元大62購01,0.74,0.07,TPEx,2026-10-05
712835,營邦元大62購02,1.28,0.08,TPEx,2026-10-05
712836,中美晶凱基66購02,1.86,0.11,TPEx,2026-10-05
712838,台特化凱基65購01,1.83,-0.05,TPEx,2026-10-05
712839,系統電凱基66購01,2.03,0.13,TPEx,2026-10-05
712841,茂迪凱基63購01,0.76,-0.03,TPEx,2026-10-05
712842,博智凱基63購05,1.95,0.07,TPEx,2026-10-05
712843,順達凱基63購07,1.76,-0.06,TPEx,2026-10-05
712845,群聯凱基68購01,2.67,0.03,TPEx,2026-10-05
712847,千附精永豐63購01,0.88,0.01,TPEx,2026-10-05
712848,晶呈永豐64購02,1.16,-0.08,TPEx,2026-10-05
712850,群聯永豐63購06,1.0,0.01,TPEx,2026-10-05
712851,群聯永豐65購09,1.21,0.02,TPEx,2026-10-05
712854,大中國票63購01,1.4,-0.01,TPEx,2026-10-05
712855,華義*國票68購01,0.81,-0.03,TPEx,2026-10-05
712856,越峰國票68購01,0.74,-0.14,TPEx,2026-10-05
712858,陽程國票65購01,2.42,0.35,TPEx,2026-10-05
712859,陽程國票68購01,2.63,0.36,TPEx,2026-10-05
712860,鏵友益國票66購01,1.33,-0.27,TPEx,2026-10-05
712861,鏵友益國票68購01,1.63,-0.14,TPEx,2026-10-05
712863,巨漢台新65購01,2.22,0.19,TPEx,2026-10-05
712864,欣銓台新65購01,2.22,-0.16,TPEx,2026-10-05
712865,萬泰科台新65購01,3.43,0.71,TPEx,2026-10-05
712866,臺慶科台新65購01,1.68,0.13,TPEx,2026-10-05
712867,元太凱基63購02,0.55,0.01,TPEx,2026-10-05
712869,均華凱基63購01,1.52,0.02,TPEx,2026-10-05
712870,群聯凱基64購07,1.98,0.01,TPEx,2026-10-05
712871,頎邦凱基63購04,2.26,-0.2,TPEx,2026-10-05
712872,廣閎科凱基63購02,1.76,0.09,TPEx,2026-10-05
712873,雙鴻凱基67購01,3.84,0.14,TPEx,2026-10-05
712874,中美晶群益62購06,2.17,-0.2,TPEx,2026-10-05
712875,方土昶群益63購03,0.31,-0.02,TPEx,2026-10-05
712876,世紀*群益63購03,4.19,-0.51,TPEx,2026-10-05
712877,由田群益63購01,1.2,0.06,TPEx,2026-10-05
712879,晶呈群益64購01,1.19,-0.12,TPEx,2026-10-05
712881,鈊象群益62購02,2.43,-0.14,TPEx,2026-10-05
712882,新應材群益62購03,2.68,0.32,TPEx,2026-10-05
712883,群聯群益62購05,1.06,0.04,TPEx,2026-10-05
712884,雙鴻群益62購05,2.42,0.13,TPEx,2026-10-05
712886,中美晶永豐63購01,2.36,-0.09,TPEx,2026-10-05
712888,由田永豐63購01,1.46,-0.09,TPEx,2026-10-05
712889,群聯永豐63購07,0.98,0.0,TPEx,2026-10-05
712891,穩懋永豐63購01,5.3,0.7,TPEx,2026-10-05
712893,世紀*國票67購01,1.75,-0.12,TPEx,2026-10-05
712894,台半國票66購01,1.32,0.1,TPEx,2026-10-05
712895,由田國票65購01,1.4,0.08,TPEx,2026-10-05
712897,邑錡國票64購01,0.72,-0.03,TPEx,2026-10-05
712898,崇越電國票68購01,0.5,0.01,TPEx,2026-10-05
712903,中美晶元大62購01,1.39,-0.11,TPEx,2026-10-05
712905,均華元大68購01,1.11,0.04,TPEx,2026-10-05
712906,宜鼎元大65購02,0.8,0.0,TPEx,2026-10-05
712907,建榮元大62購01,1.17,0.05,TPEx,2026-10-05
712908,群聯元大65購02,0.42,0.0,TPEx,2026-10-05
712910,由田統一68購02,0.62,0.01,TPEx,2026-10-05
712911,均華統一6A購01,0.78,0.06,TPEx,2026-10-05
712914,晶呈統一6C購01,0.99,-0.09,TPEx,2026-10-05
712916,穩懋富邦65購01,1.87,0.0,TPEx,2026-10-05
712918,寶雅富邦65購01,0.44,0.0,TPEx,2026-10-05
712920,均華元大68購02,1.34,0.1,TPEx,2026-10-05
712921,宜鼎元大65購03,0.87,0.0,TPEx,2026-10-05
712923,群聯元大68購03,0.79,0.01,TPEx,2026-10-05
712924,臺慶科元大62購01,0.88,0.04,TPEx,2026-10-05
712925,川寶國票65購02,0.75,-0.13,TPEx,2026-10-05
712926,世紀*國票69購01,1.32,-0.06,TPEx,2026-10-05
712928,倉和國票69購01,1.63,-0.19,TPEx,2026-10-05
712930,倉和國票6C購01,2.06,-0.37,TPEx,2026-10-05
712933,華景電國票68購01,1.12,0.11,TPEx,2026-10-05
712934,群聯中信62購03,0.91,0.03,TPEx,2026-10-05
712938,雙鴻永豐63購05,2.59,0.0,TPEx,2026-10-05
712939,穩懋永豐63購02,2.72,0.29,TPEx,2026-10-05
712943,新門台新62購01,1.02,0.16,TPEx,2026-10-05
712944,瑞耘台新62購01,1.1,-0.21,TPEx,2026-10-05
712945,中美晶凱基64購05,2.1,-0.1,TPEx,2026-10-05
712946,方土昶凱基63購03,0.58,-0.03,TPEx,2026-10-05
712947,台半凱基64購01,1.0,0.14,TPEx,2026-10-05
712948,弘塑凱基68購01,1.69,0.15,TPEx,2026-10-05
712949,均華凱基68購02,1.71,0.17,TPEx,2026-10-05
712950,宜鼎凱基63購06,0.91,0.04,TPEx,2026-10-05
712953,博盛凱基66購01,1.19,0.06,TPEx,2026-10-05
712955,新應材凱基63購07,2.05,0.19,TPEx,2026-10-05
712956,群聯凱基66購05,1.66,0.09,TPEx,2026-10-05
712958,均華群益62購01,1.25,0.17,TPEx,2026-10-05
712959,群聯群益62購06,1.1,-0.03,TPEx,2026-10-05
712961,元太國泰63購01,1.12,0.06,TPEx,2026-10-05
712963,台特化富邦62購01,0.7,-0.04,TPEx,2026-10-05
712964,新應材富邦64購03,0.65,0.03,TPEx,2026-10-05
712967,台半凱基63購02,1.38,0.07,TPEx,2026-10-05
712968,安葆凱基63購01,3.09,0.1,TPEx,2026-10-05
712969,矽科凱基63購01,0.79,0.02,TPEx,2026-10-05
712970,耕興凱基65購01,0.68,0.0,TPEx,2026-10-05
712974,群聯凱基64購08,1.83,-0.06,TPEx,2026-10-05
712975,臺慶科凱基63購04,1.12,0.13,TPEx,2026-10-05
712976,營邦凱基63購03,4.33,0.17,TPEx,2026-10-05
712978,穩懋凱基65購01,5.45,0.2,TPEx,2026-10-05
712981,千如國票67購01,1.08,0.05,TPEx,2026-10-05
712982,世紀*國票65購01,0.99,-0.08,TPEx,2026-10-05
712983,世紀*國票6B購01,1.19,-0.06,TPEx,2026-10-05
712984,安葆國票65購01,1.57,0.14,TPEx,2026-10-05
712986,宸曜國票63購01,1.31,0.01,TPEx,2026-10-05
712988,新應材國票63購02,1.69,0.14,TPEx,2026-10-05
712989,群翊國票65購01,1.08,0.1,TPEx,2026-10-05
712995,順達元大68購01,1.34,-0.03,TPEx,2026-10-05
712996,群聯元大68購04,1.63,0.04,TPEx,2026-10-05
712998,弘塑群益62購03,2.63,0.27,TPEx,2026-10-05
712999,弘塑群益68購01,1.98,0.2,TPEx,2026-10-05
713000,良維群益64購01,2.83,0.14,TPEx,2026-10-05
713001,宜特群益62購03,0.99,0.03,TPEx,2026-10-05
713002,宜鼎群益62購02,1.3,0.03,TPEx,2026-10-05
713003,威剛群益62購07,3.25,0.0,TPEx,2026-10-05
713004,茂綸群益63購01,1.13,0.1,TPEx,2026-10-05
713006,原相群益62購03,1.85,0.06,TPEx,2026-10-05
713008,高技群益62購01,2.05,0.23,TPEx,2026-10-05
713010,博智群益62購03,3.64,0.28,TPEx,2026-10-05
713011,閎康群益62購01,1.51,0.27,TPEx,2026-10-05
713012,順達群益62購02,1.21,-0.02,TPEx,2026-10-05
713014,新應材群益62購04,2.51,0.2,TPEx,2026-10-05
713015,群聯群益62購07,1.43,0.05,TPEx,2026-10-05
713016,榮剛群益68購01,2.69,-0.16,TPEx,2026-10-05
713017,漢達群益62購01,6.85,-0.9,TPEx,2026-10-05
713018,臺慶科群益65購01,1.52,0.02,TPEx,2026-10-05
713020,穩懋群益63購03,1.98,0.08,TPEx,2026-10-05
713021,穩懋群益64購04,2.6,0.15,TPEx,2026-10-05
713023,良維中信62購01,1.11,0.06,TPEx,2026-10-05
713024,宏觀永豐63購01,1.23,-0.05,TPEx,2026-10-05
713027,朋程永豐63購01,1.52,0.11,TPEx,2026-10-05
713029,新應材永豐64購03,0.86,0.04,TPEx,2026-10-05
713030,立敦台新65購01,2.08,-0.11,TPEx,2026-10-05
713031,宜鼎台新62購05,1.81,0.0,TPEx,2026-10-05
713032,元太群益62購02,0.67,0.05,TPEx,2026-10-05
713033,群聯群益62購08,1.41,0.05,TPEx,2026-10-05
713034,廣運群益62購01,0.37,-0.03,TPEx,2026-10-05
713036,台星科元大62購02,1.39,-0.16,TPEx,2026-10-05
713037,台星科元大62購03,0.7,-0.02,TPEx,2026-10-05
713039,安葆元大62購02,1.43,0.1,TPEx,2026-10-05
713040,竑騰元大62購01,1.01,0.02,TPEx,2026-10-05
713045,弘塑凱基63購06,2.04,0.25,TPEx,2026-10-05
713046,宜特凱基63購02,1.09,-0.01,TPEx,2026-10-05
713047,宜鼎凱基63購07,1.14,0.01,TPEx,2026-10-05
713049,原相凱基63購01,1.27,-0.01,TPEx,2026-10-05
713051,順達凱基63購08,1.7,0.0,TPEx,2026-10-05
713052,鈊象凱基63購03,1.94,0.17,TPEx,2026-10-05
713053,新應材凱基63購08,2.18,0.25,TPEx,2026-10-05
713055,群聯凱基63購14,1.8,0.08,TPEx,2026-10-05
713059,安葆國票63購01,1.28,0.06,TPEx,2026-10-05
713064,世界永豐63購01,2.68,0.0,TPEx,2026-10-05
713065,世界永豐64購02,2.82,0.16,TPEx,2026-10-05
713067,威剛永豐63購01,1.18,0.01,TPEx,2026-10-05
713070,元太富邦64購02,0.47,0.02,TPEx,2026-10-05
713071,宜特富邦64購01,0.83,0.0,TPEx,2026-10-05
713073,高技富邦64購01,0.93,0.08,TPEx,2026-10-05
713074,博智富邦63購03,0.76,0.03,TPEx,2026-10-05
713077,寶雅*富邦64購02,0.5,-0.01,TPEx,2026-10-05
713078,建榮統一6B購01,0.57,0.03,TPEx,2026-10-05
713081,竑騰台新62購04,1.27,0.08,TPEx,2026-10-05
713082,高技台新62購01,1.93,0.18,TPEx,2026-10-05
713083,群翊台新62購01,2.22,0.14,TPEx,2026-10-05
713084,群翊台新62購02,1.69,0.18,TPEx,2026-10-05
713085,榮剛台新65購01,1.08,-0.07,TPEx,2026-10-05
713087,穩懋台新62購03,7.55,0.65,TPEx,2026-10-05
713088,大江凱基65購01,0.58,-0.02,TPEx,2026-10-05
713089,元太凱基63購03,0.91,0.01,TPEx,2026-10-05
713090,台星科凱基63購01,1.5,-0.04,TPEx,2026-10-05
713096,竑騰凱基63購01,0.81,0.0,TPEx,2026-10-05
713097,群聯凱基63購15,1.9,0.04,TPEx,2026-10-05
713098,群聯凱基63購16,2.29,0.09,TPEx,2026-10-05
713099,聖暉*凱基63購01,1.0,0.0,TPEx,2026-10-05
713102,高技國泰63購01,1.68,0.1,TPEx,2026-10-05
713103,群翊國泰63購01,2.3,0.23,TPEx,2026-10-05
713104,大綜國票63購01,2.67,0.19,TPEx,2026-10-05
713105,大綜國票64購01,1.94,0.07,TPEx,2026-10-05
713106,宏捷科國票66購01,1.01,0.15,TPEx,2026-10-05
713107,竑騰國票64購01,1.14,-0.02,TPEx,2026-10-05
713109,聖暉*富邦62購02,0.76,0.01,TPEx,2026-10-05
713110,台半中信62購01,1.08,0.15,TPEx,2026-10-05
713111,宜鼎中信62購02,0.39,0.0,TPEx,2026-10-05
713113,大綜永豐63購01,1.5,0.07,TPEx,2026-10-05
713114,宏碩永豐65購01,0.64,0.04,TPEx,2026-10-05
713116,竑騰永豐63購02,0.56,-0.01,TPEx,2026-10-05
713117,頎邦永豐64購02,2.56,0.01,TPEx,2026-10-05
713121,元太群益62購03,0.7,0.06,TPEx,2026-10-05
713122,台半群益62購04,3.64,0.33,TPEx,2026-10-05
713123,系統電群益64購01,2.65,0.21,TPEx,2026-10-05
713125,欣銓群益62購01,3.49,-0.13,TPEx,2026-10-05
713126,青雲群益64購01,1.8,-0.02,TPEx,2026-10-05
713127,威剛群益62購08,1.49,0.01,TPEx,2026-10-05
713129,順達群益62購03,3.34,0.05,TPEx,2026-10-05
713130,鈊象群益62購04,2.12,0.07,TPEx,2026-10-05
713131,新應材群益62購05,0.48,0.06,TPEx,2026-10-05
713132,群翊群益62購01,1.93,0.19,TPEx,2026-10-05
713133,群聯群益62購09,1.25,0.05,TPEx,2026-10-05
713134,鉅橡群益62購01,2.87,0.32,TPEx,2026-10-05
713135,頎邦群益63購01,4.81,-0.06,TPEx,2026-10-05
713136,臺慶科群益62購01,3.27,0.31,TPEx,2026-10-05
713138,大綜元大62購01,1.76,-0.12,TPEx,2026-10-05
713139,中美晶元大62購02,1.55,-0.18,TPEx,2026-10-05
713140,弘塑元大62購02,1.15,0.09,TPEx,2026-10-05
713141,均華元大62購01,0.96,0.07,TPEx,2026-10-05
713144,威剛元大65購13,1.45,0.01,TPEx,2026-10-05
713145,高技元大62購01,0.68,0.06,TPEx,2026-10-05
713147,群聯元大62購06,1.05,0.03,TPEx,2026-10-05
713148,中美晶凱基62購01,3.19,-0.36,TPEx,2026-10-05
713149,台半凱基66購01,2.79,0.66,TPEx,2026-10-05
713150,弘塑凱基65購01,3.16,0.35,TPEx,2026-10-05
713151,均華凱基62購01,1.99,0.2,TPEx,2026-10-05
713152,系統電凱基64購03,2.79,0.08,TPEx,2026-10-05
713155,高技凱基65購01,1.92,0.17,TPEx,2026-10-05
713157,新應材凱基62購01,1.3,0.22,TPEx,2026-10-05
713159,頎邦凱基68購01,4.81,-0.24,TPEx,2026-10-05
713160,廣閎科凱基62購01,3.9,0.46,TPEx,2026-10-05
713161,磐亞凱基62購01,0.99,0.02,TPEx,2026-10-05
713166,環球晶凱基62購01,1.56,-0.44,TPEx,2026-10-05
713167,環球晶凱基62購02,1.96,0.33,TPEx,2026-10-05
713168,環球晶凱基62購03,1.43,-0.06,TPEx,2026-10-05
713169,環球晶凱基62購04,1.8,0.0,TPEx,2026-10-05
713170,環球晶凱基62購05,1.83,0.14,TPEx,2026-10-05
713171,環球晶凱基64購01,1.36,-0.04,TPEx,2026-10-05
713172,環球晶凱基64購02,1.12,-0.13,TPEx,2026-10-05
713173,環球晶凱基64購03,1.52,0.02,TPEx,2026-10-05
713174,環球晶凱基64購04,1.43,0.07,TPEx,2026-10-05
713177,順達台新62購02,1.91,0.01,TPEx,2026-10-05
713178,環球晶台新62購03,1.85,-0.06,TPEx,2026-10-05
713179,環球晶台新62購04,1.52,-0.02,TPEx,2026-10-05
713180,環球晶台新62購05,1.23,-0.03,TPEx,2026-10-05
713181,環球晶台新62購06,1.17,0.03,TPEx,2026-10-05
713182,環球晶台新68購01,3.28,0.03,TPEx,2026-10-05
713183,環球晶台新68購02,2.71,0.03,TPEx,2026-10-05
713184,元太群益62購04,0.6,0.02,TPEx,2026-10-05
713185,宜鼎群益62購03,1.21,0.06,TPEx,2026-10-05
713186,環球晶群益62購02,1.56,-0.2,TPEx,2026-10-05
713187,環球晶群益62購03,1.38,-0.05,TPEx,2026-10-05
713188,環球晶群益62購04,1.31,0.02,TPEx,2026-10-05
713189,環球晶群益63購01,1.9,0.01,TPEx,2026-10-05
713190,環球晶統一66購01,1.1,-0.05,TPEx,2026-10-05
713191,環球晶統一6A購01,0.95,0.01,TPEx,2026-10-05
713192,環球晶統一6A購02,0.86,-0.01,TPEx,2026-10-05
713193,環球晶統一6C購01,0.65,-0.03,TPEx,2026-10-05
713194,環球晶統一78購01,0.72,-0.01,TPEx,2026-10-05
713195,雙鴻統一6A購03,1.31,0.03,TPEx,2026-10-05
713197,環球晶國泰63購01,1.91,0.05,TPEx,2026-10-05
713198,環球晶國泰64購01,1.89,0.16,TPEx,2026-10-05
713199,環球晶國泰67購01,2.0,0.27,TPEx,2026-10-05
713200,良維富邦64購01,1.13,0.07,TPEx,2026-10-05
713201,群翊富邦65購01,0.44,0.02,TPEx,2026-10-05
713202,環球晶富邦62購01,0.92,-0.08,TPEx,2026-10-05
713203,環球晶富邦62購02,0.81,-0.03,TPEx,2026-10-05
713204,環球晶富邦65購01,0.76,0.02,TPEx,2026-10-05
713205,環球晶中信62購01,0.65,-0.03,TPEx,2026-10-05
713206,環球晶中信62購02,0.95,0.05,TPEx,2026-10-05
713208,環球晶永豐63購01,1.62,-0.01,TPEx,2026-10-05
713209,環球晶永豐63購02,1.35,-0.03,TPEx,2026-10-05
713210,環球晶永豐63購03,1.55,0.05,TPEx,2026-10-05
713211,環球晶永豐63購04,1.45,0.21,TPEx,2026-10-05
713212,環球晶永豐63購05,1.44,0.06,TPEx,2026-10-05
713213,環球晶永豐63購06,1.82,0.29,TPEx,2026-10-05
713214,環球晶永豐65購01,2.06,0.34,TPEx,2026-10-05
713215,環球晶永豐65購02,2.0,0.42,TPEx,2026-10-05
713216,環球晶永豐65購03,2.2,0.04,TPEx,2026-10-05
713218,環球晶永豐68購02,3.11,0.26,TPEx,2026-10-05
713219,環球晶永豐72購01,4.39,-0.03,TPEx,2026-10-05
713221,雙鴻永豐64購06,2.8,0.21,TPEx,2026-10-05
713222,中美晶國票63購02,1.56,0.19,TPEx,2026-10-05
713223,均華國票65購01,2.57,0.12,TPEx,2026-10-05
713224,沛亨國票68購02,1.5,-0.04,TPEx,2026-10-05
713225,威剛國票64購02,0.78,-0.01,TPEx,2026-10-05
713226,威聯通國票66購01,0.67,0.0,TPEx,2026-10-05
713227,博盛國票64購01,1.0,0.08,TPEx,2026-10-05
713228,磐亞國票66購01,0.71,-0.02,TPEx,2026-10-05
713229,環球晶國票64購01,1.47,0.01,TPEx,2026-10-05
713231,中美晶元大62購03,0.75,-0.08,TPEx,2026-10-05
713232,均華元大62購02,1.15,0.05,TPEx,2026-10-05
713233,均華元大66購01,1.34,0.08,TPEx,2026-10-05
713234,均華元大67購01,1.13,0.12,TPEx,2026-10-05
713236,群聯元大62購07,1.33,0.01,TPEx,2026-10-05
713237,群聯元大62購08,1.04,0.03,TPEx,2026-10-05
713239,營邦元大65購01,1.49,0.08,TPEx,2026-10-05
713240,環球晶元大62購01,1.26,-0.08,TPEx,2026-10-05
713241,環球晶元大62購02,1.2,-0.01,TPEx,2026-10-05
713242,環球晶元大62購03,0.72,-0.06,TPEx,2026-10-05
713243,環球晶元大65購03,1.42,0.0,TPEx,2026-10-05
713244,環球晶元大68購09,1.66,-0.05,TPEx,2026-10-05
713245,元太凱基63購04,1.55,0.06,TPEx,2026-10-05
713246,威剛凱基65購03,2.05,0.01,TPEx,2026-10-05
713247,群聯凱基63購17,1.48,0.04,TPEx,2026-10-05
713248,營邦凱基63購04,2.26,0.1,TPEx,2026-10-05
713249,雙鴻凱基64購03,4.28,0.25,TPEx,2026-10-05
713250,聖暉*台新63購01,2.61,0.02,TPEx,2026-10-05
713251,璟德台新65購01,1.25,0.04,TPEx,2026-10-05
713252,優群台新65購01,1.34,-0.01,TPEx,2026-10-05
713255,中美晶群益63購04,6.05,-0.05,TPEx,2026-10-05
713256,弘塑群益63購04,4.19,0.59,TPEx,2026-10-05
713258,威剛群益63購03,2.18,0.0,TPEx,2026-10-05
713259,順達群益63購03,3.53,0.03,TPEx,2026-10-05
713261,新應材群益64購01,0.93,0.05,TPEx,2026-10-05
713262,群聯群益63購04,1.32,0.04,TPEx,2026-10-05
713263,雙鴻群益63購05,2.99,0.34,TPEx,2026-10-05
713264,宜鼎中信68購01,0.53,0.01,TPEx,2026-10-05
713266,穩懋中信63購01,1.83,0.16,TPEx,2026-10-05
713267,穩懋中信68購02,1.62,0.11,TPEx,2026-10-05
713268,智通*永豐63購02,0.83,0.06,TPEx,2026-10-05
713269,雙鴻永豐65購03,6.75,0.45,TPEx,2026-10-05
713272,中美晶元大63購05,1.86,-0.09,TPEx,2026-10-05
713273,中美晶元大63購06,0.89,-0.06,TPEx,2026-10-05
713274,中美晶元大63購07,0.83,-0.08,TPEx,2026-10-05
713275,宜鼎元大65購04,1.2,0.0,TPEx,2026-10-05
713279,高技元大63購03,1.41,0.11,TPEx,2026-10-05
713280,高技元大63購04,1.58,0.1,TPEx,2026-10-05
713281,順達元大65購01,1.96,-0.02,TPEx,2026-10-05
713283,群聯元大63購17,1.0,-0.03,TPEx,2026-10-05
713284,群聯元大63購18,1.01,0.01,TPEx,2026-10-05
713285,營邦元大65購02,2.42,0.12,TPEx,2026-10-05
713286,營邦元大66購01,2.09,0.13,TPEx,2026-10-05
713287,弘塑國票63購02,1.31,0.18,TPEx,2026-10-05
713290,鈊象國票66購01,1.26,-0.01,TPEx,2026-10-05
713293,聖暉*國票68購01,1.6,-0.01,TPEx,2026-10-05
713294,頎邦國票64購04,1.49,-0.08,TPEx,2026-10-05
713295,營邦國票63購01,2.72,0.09,TPEx,2026-10-05
713296,營邦國票64購01,2.83,0.23,TPEx,2026-10-05
713297,環球晶國票63購01,2.77,-0.14,TPEx,2026-10-05
713298,晶呈富邦64購01,1.07,-0.07,TPEx,2026-10-05
713299,廣閎科富邦63購01,0.96,0.11,TPEx,2026-10-05
713300,穩懋富邦63購02,3.23,0.69,TPEx,2026-10-05
713301,天良國泰63購01,0.19,-0.03,TPEx,2026-10-05
713303,晶呈國泰63購02,2.17,0.06,TPEx,2026-10-05
713304,磐亞國泰63購01,0.72,0.01,TPEx,2026-10-05
713305,穩懋國泰64購02,4.48,0.38,TPEx,2026-10-05
713306,穩懋國泰65購01,2.54,0.14,TPEx,2026-10-05
713307,環球晶統一67購01,0.87,0.0,TPEx,2026-10-05
713309,中美晶凱基63購08,3.18,-0.37,TPEx,2026-10-05
713310,台半凱基65購01,1.28,0.11,TPEx,2026-10-05
713311,弘塑凱基63購07,1.46,0.2,TPEx,2026-10-05
713312,良維凱基63購02,3.72,0.03,TPEx,2026-10-05
713313,高技凱基63購02,1.9,0.19,TPEx,2026-10-05
713314,順達凱基63購09,4.55,0.08,TPEx,2026-10-05
713316,新應材凱基65購01,2.86,0.21,TPEx,2026-10-05
713317,群翊凱基63購01,2.08,0.07,TPEx,2026-10-05
713319,頎邦凱基63購06,1.61,-0.14,TPEx,2026-10-05
713320,精材凱基63購03,5.55,1.17,TPEx,2026-10-05
713324,環球晶凱基63購01,2.85,-0.15,TPEx,2026-10-05
713325,高技台新63購01,1.61,0.19,TPEx,2026-10-05
713326,華宏台新63購01,1.3,-0.15,TPEx,2026-10-05
713327,華景電台新63購01,1.58,0.23,TPEx,2026-10-05
713328,華景電台新63購02,1.45,0.19,TPEx,2026-10-05
713329,順達台新63購01,1.72,0.04,TPEx,2026-10-05
713330,頎邦台新65購01,2.69,-0.35,TPEx,2026-10-05
713331,精材台新63購01,2.73,0.58,TPEx,2026-10-05
713333,雙鴻台新65購03,15.1,1.0,TPEx,2026-10-05
713334,譜瑞台新65購01,1.98,0.04,TPEx,2026-10-05
713335,千附精元大63購02,0.66,0.0,TPEx,2026-10-05
713336,元太元大63購09,0.45,0.01,TPEx,2026-10-05
713337,元太元大65購05,0.69,0.01,TPEx,2026-10-05
713339,高技元大63購05,1.4,0.09,TPEx,2026-10-05
713341,群聯元大63購19,1.15,0.04,TPEx,2026-10-05
713342,精材元大65購01,1.64,0.07,TPEx,2026-10-05
713343,環球晶元大63購01,2.14,0.01,TPEx,2026-10-05
713344,環球晶元大63購02,1.92,-0.08,TPEx,2026-10-05
713345,環球晶元大63購03,1.51,0.07,TPEx,2026-10-05
713346,環球晶元大65購04,1.26,0.01,TPEx,2026-10-05
713347,環球晶元大68購10,1.0,0.01,TPEx,2026-10-05
713348,雙鴻元大63購11,2.18,0.08,TPEx,2026-10-05
713353,弘塑中信65購01,0.66,0.08,TPEx,2026-10-05
713355,精材中信68購01,1.32,0.12,TPEx,2026-10-05
713357,台半永豐63購03,0.7,0.14,TPEx,2026-10-05
713358,弘塑永豐63購03,1.32,0.16,TPEx,2026-10-05
713359,弘塑永豐68購01,2.68,0.26,TPEx,2026-10-05
713361,均華永豐63購03,0.99,0.11,TPEx,2026-10-05
713362,原相永豐63購01,1.12,0.02,TPEx,2026-10-05
713363,家登永豐63購04,2.67,0.22,TPEx,2026-10-05
713364,高技永豐65購01,1.02,0.08,TPEx,2026-10-05
713366,博智永豐63購02,1.08,0.09,TPEx,2026-10-05
713367,華宏永豐63購01,1.36,-0.14,TPEx,2026-10-05
713368,閎康永豐63購01,1.02,0.02,TPEx,2026-10-05
713369,新應材永豐66購01,0.95,0.07,TPEx,2026-10-05
713370,頎邦永豐63購03,1.56,-0.22,TPEx,2026-10-05
713371,頎邦永豐63購04,1.18,-0.08,TPEx,2026-10-05
713372,精材永豐63購03,2.68,0.2,TPEx,2026-10-05
713374,精材永豐68購01,3.72,0.2,TPEx,2026-10-05
713375,精材永豐68購02,4.3,0.53,TPEx,2026-10-05
713376,穩懋永豐63購04,5.7,0.7,TPEx,2026-10-05
713377,中美晶群益63購05,5.25,0.26,TPEx,2026-10-05
713378,世界群益63購02,1.43,-0.05,TPEx,2026-10-05
713379,台半群益63購02,1.33,0.12,TPEx,2026-10-05
713380,弘塑群益63購05,1.01,0.18,TPEx,2026-10-05
713381,均華群益66購01,4.18,0.16,TPEx,2026-10-05
713384,博盛群益63購01,1.45,0.11,TPEx,2026-10-05
713385,鈊象群益63購03,2.87,0.07,TPEx,2026-10-05
713386,新應材群益63購01,0.78,0.05,TPEx,2026-10-05
713387,群聯群益63購05,2.05,-0.05,TPEx,2026-10-05
713389,精材群益63購04,4.87,0.98,TPEx,2026-10-05
713392,穩懋群益65購01,2.51,0.26,TPEx,2026-10-05
713393,元太國票63購01,0.7,0.02,TPEx,2026-10-05
713394,世界國票65購01,1.14,0.0,TPEx,2026-10-05
713395,台半國票68購01,1.1,0.07,TPEx,2026-10-05
713399,杰力國票65購02,0.89,0.0,TPEx,2026-10-05
713400,長科*國票63購01,0.86,0.0,TPEx,2026-10-05
713401,茂達國票63購01,0.88,0.02,TPEx,2026-10-05
713402,晶呈國票63購01,1.12,0.04,TPEx,2026-10-05
713404,萬泰科國票63購01,1.05,0.2,TPEx,2026-10-05
713405,鉅橡國票65購01,0.9,0.07,TPEx,2026-10-05
713407,環球晶國票63購02,2.44,0.17,TPEx,2026-10-05
713409,頎邦國泰63購05,1.92,-0.15,TPEx,2026-10-05
713411,雙鴻國泰63購04,3.57,0.2,TPEx,2026-10-05
713412,均華統一67購01,0.7,0.05,TPEx,2026-10-05
713413,東捷統一68購02,1.19,-0.12,TPEx,2026-10-05
713415,精材統一67購03,1.44,0.18,TPEx,2026-10-05
713416,精材統一6C購03,1.19,0.09,TPEx,2026-10-05
713417,雙鴻統一65購03,1.54,0.16,TPEx,2026-10-05
713418,穩懋統一65購03,1.5,0.04,TPEx,2026-10-05
713419,弘塑富邦63購03,0.87,0.12,TPEx,2026-10-05
713420,群聯富邦65購01,0.96,0.02,TPEx,2026-10-05
713421,群聯富邦65購02,0.88,0.02,TPEx,2026-10-05
713422,精材富邦65購01,1.7,0.07,TPEx,2026-10-05
713423,精材富邦68購01,1.88,0.24,TPEx,2026-10-05
713424,廣閎科富邦63購02,1.03,0.1,TPEx,2026-10-05
713425,茂綸國票68購01,0.97,0.05,TPEx,2026-10-05
713427,元太凱基65購02,1.33,0.05,TPEx,2026-10-05
713428,均華凱基65購01,2.01,0.23,TPEx,2026-10-05
713429,杰力凱基65購01,1.07,0.05,TPEx,2026-10-05
713430,威剛凱基63購12,1.72,-0.04,TPEx,2026-10-05
713431,晶呈凱基63購01,2.72,-0.22,TPEx,2026-10-05
713432,群聯凱基68購02,2.78,0.03,TPEx,2026-10-05
713433,雙鴻凱基63購12,4.08,0.34,TPEx,2026-10-05
713434,穩懋凱基63購09,4.2,0.84,TPEx,2026-10-05
713435,譜瑞凱基63購02,1.43,0.01,TPEx,2026-10-05
713436,譜瑞凱基63購03,1.71,0.04,TPEx,2026-10-05
713440,久元台新63購01,1.17,-0.03,TPEx,2026-10-05
713441,均華台新63購02,1.33,0.11,TPEx,2026-10-05
713442,宜鼎台新63購02,1.64,0.08,TPEx,2026-10-05
713444,威剛台新63購04,3.78,-0.14,TPEx,2026-10-05
713445,茂綸台新63購01,1.87,0.15,TPEx,2026-10-05
713447,群聯台新63購02,1.52,0.04,TPEx,2026-10-05
713449,群聯台新63購04,0.89,0.01,TPEx,2026-10-05
713453,穩懋台新63購02,4.12,0.43,TPEx,2026-10-05
713454,穩懋台新65購03,3.75,0.35,TPEx,2026-10-05
713458,雙鴻中信68購01,1.72,0.04,TPEx,2026-10-05
713459,穩懋中信68購03,1.05,0.07,TPEx,2026-10-05
713461,均華永豐63購04,1.01,0.01,TPEx,2026-10-05
713462,沛亨永豐63購01,2.75,-0.11,TPEx,2026-10-05
713463,良維永豐63購02,1.33,0.03,TPEx,2026-10-05
713464,宜鼎永豐63購07,0.36,-0.02,TPEx,2026-10-05
713465,順達永豐63購05,0.93,0.05,TPEx,2026-10-05
713467,新應材永豐66購02,1.09,0.05,TPEx,2026-10-05
713468,環球晶永豐63購07,2.57,0.44,TPEx,2026-10-05
713469,環球晶永豐63購08,1.99,0.01,TPEx,2026-10-05
713472,弘塑群益63購06,2.24,0.26,TPEx,2026-10-05
713475,高技群益63購01,1.2,0.13,TPEx,2026-10-05
713477,順達群益63購04,0.69,0.01,TPEx,2026-10-05
713478,頎邦群益63購02,4.21,-0.24,TPEx,2026-10-05
713479,精材群益63購05,3.4,0.46,TPEx,2026-10-05
713480,精材群益65購01,2.59,0.42,TPEx,2026-10-05
713481,環球晶群益63購02,2.35,-0.04,TPEx,2026-10-05
713482,穩懋群益63購04,3.52,0.27,TPEx,2026-10-05
713484,長科*國泰63購01,1.49,0.04,TPEx,2026-10-05
713485,高技國泰63購02,1.03,0.1,TPEx,2026-10-05
713486,世界富邦63購01,0.72,-0.04,TPEx,2026-10-05
713487,均華富邦63購02,0.91,0.07,TPEx,2026-10-05
713489,博智富邦63購04,0.47,0.04,TPEx,2026-10-05
713490,穩懋富邦63購03,1.54,0.14,TPEx,2026-10-05
713491,台半統一68購02,0.76,0.14,TPEx,2026-10-05
713494,穩懋統一68購04,1.22,0.07,TPEx,2026-10-05
713495,台半元大63購04,0.79,0.04,TPEx,2026-10-05
713497,台半元大63購06,0.58,0.05,TPEx,2026-10-05
713498,台半元大68購02,0.94,0.11,TPEx,2026-10-05
713499,弘塑元大66購01,1.22,0.07,TPEx,2026-10-05
713500,弘塑元大68購02,1.1,0.07,TPEx,2026-10-05
713501,弘塑元大68購03,1.5,0.09,TPEx,2026-10-05
713502,均華元大63購01,0.95,0.06,TPEx,2026-10-05
713503,宜鼎元大63購07,0.36,0.01,TPEx,2026-10-05
713504,威剛元大63購07,1.32,-0.05,TPEx,2026-10-05
713505,威剛元大63購08,0.65,0.0,TPEx,2026-10-05
713507,晶呈元大63購01,1.85,-0.27,TPEx,2026-10-05
713508,新應材元大65購01,1.89,0.07,TPEx,2026-10-05
713509,新應材元大68購01,1.1,0.07,TPEx,2026-10-05
713510,群聯元大63購20,1.02,0.01,TPEx,2026-10-05
713511,精材元大65購02,2.43,0.33,TPEx,2026-10-05
713512,蜜望實元大63購03,0.49,-0.01,TPEx,2026-10-05
713513,環球晶元大63購04,1.31,-0.02,TPEx,2026-10-05
713514,環球晶元大63購05,1.19,0.13,TPEx,2026-10-05
713515,環球晶元大65購05,1.42,0.01,TPEx,2026-10-05
713516,環球晶元大68購11,1.05,-0.02,TPEx,2026-10-05
713518,雙鴻元大63購15,2.51,0.1,TPEx,2026-10-05
713519,雙鴻元大63購16,2.14,0.08,TPEx,2026-10-05
713520,雙鴻元大63購17,1.95,0.06,TPEx,2026-10-05
713523,力致台新63購01,1.74,0.19,TPEx,2026-10-05
713526,精材台新63購03,2.75,0.11,TPEx,2026-10-05
713527,廣閎科台新63購01,1.45,0.09,TPEx,2026-10-05
713528,環球晶台新63購02,5.1,-1.0,TPEx,2026-10-05
713529,環球晶台新63購03,4.02,-0.58,TPEx,2026-10-05
713530,雙鴻台新64購01,4.27,-0.09,TPEx,2026-10-05
713531,雙鴻台新64購02,3.59,0.21,TPEx,2026-10-05
713532,台半凱基63購03,1.11,0.04,TPEx,2026-10-05
713533,台特化凱基67購02,2.01,-0.08,TPEx,2026-10-05
713534,弘塑凱基69購01,2.72,0.2,TPEx,2026-10-05
713536,茂綸凱基64購01,1.89,0.17,TPEx,2026-10-05
713537,高技凱基63購03,1.01,0.09,TPEx,2026-10-05
713538,博智凱基65購01,2.13,0.2,TPEx,2026-10-05
713541,頎邦凱基65購01,2.8,-0.21,TPEx,2026-10-05
713542,精材凱基63購07,3.07,0.64,TPEx,2026-10-05
713543,精材凱基66購01,3.81,0.47,TPEx,2026-10-05
713544,蜜望實凱基63購02,0.9,0.02,TPEx,2026-10-05
713546,雙鴻凱基63購13,3.38,0.36,TPEx,2026-10-05
713547,台半群益66購01,1.83,0.29,TPEx,2026-10-05
713548,宏捷科群益63購01,1.16,0.29,TPEx,2026-10-05
713550,朋程群益63購01,1.57,0.14,TPEx,2026-10-05
713551,欣銓群益63購02,1.33,-0.06,TPEx,2026-10-05
713552,威剛群益63購06,1.34,-0.03,TPEx,2026-10-05
713553,高技群益63購02,1.41,0.17,TPEx,2026-10-05
713554,華景電群益63購01,1.32,0.18,TPEx,2026-10-05
713555,萬泰科群益63購01,2.19,0.54,TPEx,2026-10-05
713556,群聯群益63購07,0.9,0.03,TPEx,2026-10-05
713557,聖暉*群益63購01,1.81,0.02,TPEx,2026-10-05
713558,精材群益63購06,4.49,0.78,TPEx,2026-10-05
713560,雙鴻群益63購07,5.2,0.35,TPEx,2026-10-05
713562,青雲國票65購01,1.97,-0.04,TPEx,2026-10-05
713563,倚強國票64購01,3.13,-0.15,TPEx,2026-10-05
713564,家登國票64購01,2.13,0.18,TPEx,2026-10-05
713566,精材國票64購01,1.41,0.12,TPEx,2026-10-05
713568,頎邦中信69購01,0.81,-0.05,TPEx,2026-10-05
713569,精材中信69購01,0.93,0.09,TPEx,2026-10-05
713570,雙鴻中信69購01,1.05,0.04,TPEx,2026-10-05
713571,安葆永豐64購02,1.72,0.0,TPEx,2026-10-05
713572,宜鼎永豐65購03,0.55,-0.01,TPEx,2026-10-05
713574,博盛永豐64購01,1.19,0.05,TPEx,2026-10-05
713576,廣閎科永豐64購01,1.5,0.12,TPEx,2026-10-05
713577,雙鴻永豐64購07,2.22,0.19,TPEx,2026-10-05
713578,雙鴻永豐65購05,3.42,0.08,TPEx,2026-10-05
713579,雙鴻永豐68購01,1.67,-0.02,TPEx,2026-10-05
713581,中美晶元大63購08,0.63,-0.06,TPEx,2026-10-05
713582,弘塑元大67購02,1.45,0.14,TPEx,2026-10-05
713583,弘塑元大68購04,1.2,0.09,TPEx,2026-10-05
713584,宜鼎元大63購08,0.47,0.0,TPEx,2026-10-05
713585,宜鼎元大63購09,0.47,0.0,TPEx,2026-10-05
713586,威剛元大63購09,1.46,0.0,TPEx,2026-10-05
713588,高技元大63購06,0.36,0.04,TPEx,2026-10-05
713589,新應材元大66購01,1.34,0.12,TPEx,2026-10-05
713590,精材元大63購06,2.52,0.37,TPEx,2026-10-05
713592,精材元大63購08,1.7,0.06,TPEx,2026-10-05
713593,精材元大63購09,1.19,0.21,TPEx,2026-10-05
713594,蜜望實元大63購04,0.36,0.0,TPEx,2026-10-05
713595,營邦元大68購01,0.96,0.0,TPEx,2026-10-05
713596,環球晶元大63購06,1.08,-0.12,TPEx,2026-10-05
713597,環球晶元大64購02,1.13,0.05,TPEx,2026-10-05
713598,環球晶元大66購05,0.85,-0.03,TPEx,2026-10-05
713600,鴻呈元大63購02,0.3,0.01,TPEx,2026-10-05
713601,雙鴻元大63購18,1.6,-0.03,TPEx,2026-10-05
713602,雙鴻元大64購06,1.75,-0.03,TPEx,2026-10-05
713603,雙鴻元大65購02,1.97,0.07,TPEx,2026-10-05
713605,中美晶富邦63購03,0.87,-0.06,TPEx,2026-10-05
713606,元太富邦65購01,0.56,0.02,TPEx,2026-10-05
713607,威剛富邦66購01,0.45,0.0,TPEx,2026-10-05
713608,高技富邦66購01,0.62,0.08,TPEx,2026-10-05
713609,晶呈富邦65購01,0.94,-0.06,TPEx,2026-10-05
713610,閎康富邦65購01,0.76,0.11,TPEx,2026-10-05
713611,順達富邦64購02,0.57,0.03,TPEx,2026-10-05
713612,頎邦富邦66購01,0.76,-0.05,TPEx,2026-10-05
713613,精材富邦65購02,1.21,0.16,TPEx,2026-10-05
713614,精材富邦79購01,1.36,0.18,TPEx,2026-10-05
713615,營邦富邦66購01,0.91,0.08,TPEx,2026-10-05
713617,雙鴻富邦66購01,2.12,0.18,TPEx,2026-10-05
713618,雙鴻富邦66購02,1.69,0.12,TPEx,2026-10-05
713619,雙鴻統一69購01,1.23,0.04,TPEx,2026-10-05
713620,雙鴻統一6C購02,0.76,0.04,TPEx,2026-10-05
713621,千附群益63購01,1.05,0.07,TPEx,2026-10-05
713622,均華群益65購01,1.0,0.09,TPEx,2026-10-05
713625,威剛群益63購07,0.62,-0.01,TPEx,2026-10-05
713626,順達群益63購05,1.4,0.04,TPEx,2026-10-05
713628,群聯群益63購08,0.86,0.03,TPEx,2026-10-05
713629,頎邦群益63購03,4.08,-0.34,TPEx,2026-10-05
713630,精材群益63購07,4.26,0.96,TPEx,2026-10-05
713631,精材群益63購08,2.91,0.5,TPEx,2026-10-05
713633,環球晶群益63購03,2.45,-0.09,TPEx,2026-10-05
713634,雙鴻群益63購08,3.07,0.14,TPEx,2026-10-05
713638,均華國票67購01,1.18,0.05,TPEx,2026-10-05
713639,良維國票64購01,1.0,0.04,TPEx,2026-10-05
713640,宜鼎國票64購01,0.64,-0.01,TPEx,2026-10-05
713641,欣銓國票64購01,0.93,-0.06,TPEx,2026-10-05
713644,創泓國票64購01,1.51,-0.06,TPEx,2026-10-05
713646,萊德光國票64購01,1.38,0.15,TPEx,2026-10-05
713652,蜜望實國票64購01,1.58,-0.05,TPEx,2026-10-05
713654,擎亞國票65購01,0.66,0.01,TPEx,2026-10-05
713657,環球晶國票65購01,3.6,-0.29,TPEx,2026-10-05
713658,環球晶國票66購01,3.64,-0.01,TPEx,2026-10-05
713661,安葆台新63購01,2.32,0.28,TPEx,2026-10-05
713663,萊德光台新63購01,1.63,0.18,TPEx,2026-10-05
713664,雅特力台新63購01,1.04,-0.16,TPEx,2026-10-05
713666,擎亞台新63購01,0.52,0.02,TPEx,2026-10-05
713668,雙鴻台新66購01,1.86,0.12,TPEx,2026-10-05
713669,千附精元大66購01,0.43,0.0,TPEx,2026-10-05
713670,元太元大66購06,1.21,0.04,TPEx,2026-10-05
713671,元太元大67購04,1.1,0.05,TPEx,2026-10-05
713672,均華元大63購02,0.82,0.09,TPEx,2026-10-05
713673,均華元大63購03,0.85,0.08,TPEx,2026-10-05
713674,均華元大64購05,0.92,0.12,TPEx,2026-10-05
713675,宜鼎元大63購10,0.61,0.0,TPEx,2026-10-05
713677,青雲元大63購03,0.68,-0.01,TPEx,2026-10-05
713679,高技元大63購07,0.75,0.09,TPEx,2026-10-05
713680,智通*元大67購01,0.98,0.07,TPEx,2026-10-05
713681,雅特力元大63購01,1.15,-0.11,TPEx,2026-10-05
713682,群聯元大63購21,0.89,0.0,TPEx,2026-10-05
713683,精材元大63購10,2.01,0.18,TPEx,2026-10-05
713684,精材元大63購11,1.92,0.27,TPEx,2026-10-05
713685,精材元大63購12,1.43,0.21,TPEx,2026-10-05
713686,精材元大64購02,1.5,0.05,TPEx,2026-10-05
713687,精材元大65購03,1.02,0.13,TPEx,2026-10-05
713688,蜜望實元大63購05,0.49,-0.01,TPEx,2026-10-05
713689,擎亞元大63購01,0.46,0.03,TPEx,2026-10-05
713690,環球晶元大63購07,3.12,0.27,TPEx,2026-10-05
713691,環球晶元大63購08,1.84,0.01,TPEx,2026-10-05
713692,環球晶元大67購04,1.52,-0.03,TPEx,2026-10-05
713694,雙鴻元大63購20,1.35,-0.06,TPEx,2026-10-05
713696,中美晶凱基68購02,3.51,-0.47,TPEx,2026-10-05
713698,青雲凱基64購01,1.57,-0.05,TPEx,2026-10-05
713700,雅特力凱基63購01,1.1,-0.13,TPEx,2026-10-05
713702,雅特力凱基63購03,1.17,-0.1,TPEx,2026-10-05
713703,萬泰科凱基63購01,2.38,0.59,TPEx,2026-10-05
713705,群聯凱基69購01,2.42,0.02,TPEx,2026-10-05
713708,精材凱基63購08,2.17,0.29,TPEx,2026-10-05
713712,營邦凱基68購01,3.14,0.11,TPEx,2026-10-05
713714,雙鴻凱基63購14,2.4,0.16,TPEx,2026-10-05
713715,環球晶中信69購01,2.23,-0.02,TPEx,2026-10-05
713716,千附永豐63購01,1.07,0.08,TPEx,2026-10-05
713717,宜鼎永豐67購02,1.08,0.03,TPEx,2026-10-05
713718,宜鼎永豐69購01,0.95,-0.02,TPEx,2026-10-05
713721,雅特力永豐64購01,1.14,-0.12,TPEx,2026-10-05
713722,雅特力永豐66購01,1.57,-0.01,TPEx,2026-10-05
713723,精材永豐64購03,1.81,0.36,TPEx,2026-10-05
713725,精材永豐64購05,1.9,0.32,TPEx,2026-10-05
713726,精材永豐66購01,2.53,0.17,TPEx,2026-10-05
713728,擎亞永豐64購02,0.52,0.0,TPEx,2026-10-05
713729,擎亞永豐65購01,0.81,0.03,TPEx,2026-10-05
713731,環球晶永豐63購09,3.55,0.29,TPEx,2026-10-05
713732,環球晶永豐69購01,3.48,0.29,TPEx,2026-10-05
713733,雙鴻永豐66購03,1.87,0.17,TPEx,2026-10-05
713734,精材國泰64購01,2.53,0.4,TPEx,2026-10-05
713735,蜜望實國泰64購01,1.19,-0.04,TPEx,2026-10-05
713736,良維富邦64購02,0.9,0.06,TPEx,2026-10-05
713738,精材富邦63購01,1.21,0.22,TPEx,2026-10-05
713739,擎亞富邦64購01,0.3,0.01,TPEx,2026-10-05
713740,環球晶富邦63購01,1.15,0.02,TPEx,2026-10-05
713741,千附統一67購03,0.51,0.03,TPEx,2026-10-05
713742,精材統一67購04,0.86,-0.02,TPEx,2026-10-05
713745,環球晶統一6A購03,0.86,0.03,TPEx,2026-10-05
713746,雙鴻統一71購01,1.03,0.05,TPEx,2026-10-05
713748,台半台新63購01,3.21,0.46,TPEx,2026-10-05
713749,台半台新63購02,2.1,0.38,TPEx,2026-10-05
713750,弘塑台新63購02,2.29,0.35,TPEx,2026-10-05
713751,弘塑台新64購01,1.72,0.0,TPEx,2026-10-05
713752,弘塑台新65購01,1.5,0.14,TPEx,2026-10-05
713753,正淩台新66購01,2.64,-0.12,TPEx,2026-10-05
713755,東捷台新63購01,2.24,-0.37,TPEx,2026-10-05
713756,新應材台新63購01,1.5,0.1,TPEx,2026-10-05
713757,新應材台新63購02,1.23,0.13,TPEx,2026-10-05
713758,漢達台新63購01,2.12,-0.02,TPEx,2026-10-05
713759,漢達台新63購02,2.34,0.01,TPEx,2026-10-05
713760,雙鴻台新63購04,2.09,0.23,TPEx,2026-10-05
713761,元太凱基67購01,1.54,0.11,TPEx,2026-10-05
713762,弘塑凱基68購02,2.08,0.16,TPEx,2026-10-05
713763,良維凱基69購01,2.25,0.0,TPEx,2026-10-05
713764,宜鼎凱基63購09,1.16,0.06,TPEx,2026-10-05
713765,威剛凱基63購13,1.78,-0.04,TPEx,2026-10-05
713767,高技凱基63購04,1.02,0.12,TPEx,2026-10-05
713770,新應材凱基66購02,2.05,0.14,TPEx,2026-10-05
713771,頎邦凱基63購07,2.68,-0.35,TPEx,2026-10-05
713772,雙鴻凱基63購15,2.35,0.12,TPEx,2026-10-05
713773,雙鴻凱基63購16,2.24,0.1,TPEx,2026-10-05
713774,雙鴻凱基63購18,2.06,0.05,TPEx,2026-10-05
713775,雙鴻凱基63購19,2.07,-0.05,TPEx,2026-10-05
713776,雙鴻凱基64購04,2.19,0.11,TPEx,2026-10-05
713777,雙鴻凱基65購01,2.56,0.25,TPEx,2026-10-05
713778,雙鴻凱基65購02,2.56,0.25,TPEx,2026-10-05
713779,雙鴻凱基65購03,2.86,0.22,TPEx,2026-10-05
713780,雙鴻凱基65購04,2.55,0.21,TPEx,2026-10-05
713781,中美晶群益68購01,0.91,-0.09,TPEx,2026-10-05
713782,宏捷科群益63購02,0.84,0.25,TPEx,2026-10-05
713784,倚強群益63購01,2.59,0.06,TPEx,2026-10-05
713787,群聯群益63購09,1.53,0.04,TPEx,2026-10-05
713788,廣閎科群益63購02,1.68,0.25,TPEx,2026-10-05
713790,雙鴻群益69購01,1.42,0.09,TPEx,2026-10-05
713791,中美晶元大63購09,0.87,-0.1,TPEx,2026-10-05
713792,宜鼎元大63購12,0.54,-0.01,TPEx,2026-10-05
713793,青雲元大63購04,0.6,0.0,TPEx,2026-10-05
713795,威剛元大67購01,0.56,0.0,TPEx,2026-10-05
713796,高技元大63購08,0.75,0.07,TPEx,2026-10-05
713798,營邦元大63購04,1.66,0.1,TPEx,2026-10-05
713799,雙鴻元大63購21,1.31,-0.05,TPEx,2026-10-05
713800,雙鴻元大63購26,1.13,0.01,TPEx,2026-10-05
713801,雙鴻元大63購28,0.99,0.11,TPEx,2026-10-05
713802,雙鴻元大63購29,1.15,0.0,TPEx,2026-10-05
713803,雙鴻元大64購07,1.21,-0.03,TPEx,2026-10-05
713804,雙鴻元大64購08,1.2,0.08,TPEx,2026-10-05
713805,雙鴻元大64購09,0.86,0.04,TPEx,2026-10-05
713806,雙鴻元大65購03,0.95,0.03,TPEx,2026-10-05
713807,雙鴻元大65購04,0.89,0.02,TPEx,2026-10-05
713809,大綜國票66購01,2.48,0.07,TPEx,2026-10-05
713810,天良國票64購01,0.23,-0.04,TPEx,2026-10-05
713811,晶宏國票68購01,0.71,0.03,TPEx,2026-10-05
713812,瑞耘國票68購01,0.8,-0.09,TPEx,2026-10-05
713813,萬泰科國票65購01,1.08,0.17,TPEx,2026-10-05
713816,磐亞國票65購01,0.64,0.02,TPEx,2026-10-05
713817,雙鴻國票69購02,1.13,0.05,TPEx,2026-10-05
713818,晶宏統一71購01,0.54,0.02,TPEx,2026-10-05
713820,新應材統一6C購01,0.72,0.04,TPEx,2026-10-05
713823,雙鴻統一71購02,0.97,0.01,TPEx,2026-10-05
713825,廣閎科永豐63購03,1.57,0.16,TPEx,2026-10-05
713826,廣閎科永豐64購02,1.76,0.2,TPEx,2026-10-05
713827,能率富邦65購01,0.28,-0.01,TPEx,2026-10-05
713828,雙鴻富邦65購03,1.07,0.05,TPEx,2026-10-05
713829,雙鴻富邦66購03,1.03,0.09,TPEx,2026-10-05
713830,雙鴻富邦66購04,0.86,0.05,TPEx,2026-10-05
713831,朋億*國泰64購01,1.29,0.04,TPEx,2026-10-05
713832,穩得國泰64購01,0.79,0.02,TPEx,2026-10-05
713833,良維中信69購01,0.66,0.02,TPEx,2026-10-05
713834,力致台新63購02,1.72,0.2,TPEx,2026-10-05
713835,力致台新63購03,1.26,0.15,TPEx,2026-10-05
713836,千附台新63購01,0.81,0.05,TPEx,2026-10-05
713837,天正台新63購01,0.85,-0.03,TPEx,2026-10-05
713839,華洋台新63購01,0.65,-0.01,TPEx,2026-10-05
713840,閎康台新63購01,1.34,0.2,TPEx,2026-10-05
713841,閎康台新63購02,1.05,0.19,TPEx,2026-10-05
713842,閎康台新63購03,0.83,0.15,TPEx,2026-10-05
713843,騰雲台新63購01,0.87,-0.02,TPEx,2026-10-05
713846,九暘國票65購02,0.79,-0.03,TPEx,2026-10-05
713849,均豪國票64購01,0.92,-0.01,TPEx,2026-10-05
713850,均豪國票65購01,0.94,0.01,TPEx,2026-10-05
713851,亞通國票64購01,1.59,-0.08,TPEx,2026-10-05
713855,智通*國票64購01,1.21,-0.01,TPEx,2026-10-05
713856,華宏國票67購01,0.97,-0.07,TPEx,2026-10-05
713858,新應材國票65購01,1.23,0.09,TPEx,2026-10-05
713860,營邦國票64購02,1.9,0.17,TPEx,2026-10-05
713862,營邦國票66購01,2.01,0.18,TPEx,2026-10-05
713863,大綜凱基63購01,2.08,0.21,TPEx,2026-10-05
713864,宏捷科凱基63購02,1.04,0.34,TPEx,2026-10-05
713865,宏捷科凱基64購01,1.31,0.32,TPEx,2026-10-05
713866,沛亨凱基63購02,1.48,-0.03,TPEx,2026-10-05
713868,青雲凱基63購02,1.87,-0.06,TPEx,2026-10-05
713869,晶宏凱基64購01,0.69,0.07,TPEx,2026-10-05
713870,鈊象凱基67購01,2.44,0.09,TPEx,2026-10-05
713871,群聯凱基63購18,1.3,0.02,TPEx,2026-10-05
713872,群聯凱基63購19,1.19,0.03,TPEx,2026-10-05
713873,聖暉*凱基65購01,1.6,0.02,TPEx,2026-10-05
713875,廣閎科凱基63購03,1.91,0.22,TPEx,2026-10-05
713876,營邦凱基63購05,1.32,0.05,TPEx,2026-10-05
713877,威剛群益63購08,1.11,0.0,TPEx,2026-10-05
713879,新應材群益63購02,0.86,0.09,TPEx,2026-10-05
713880,元太永豐64購01,1.57,0.06,TPEx,2026-10-05
713882,巨漢永豐64購01,1.81,0.15,TPEx,2026-10-05
713883,博盛永豐63購03,1.82,0.26,TPEx,2026-10-05
713885,千附精富邦63購01,0.18,0.0,TPEx,2026-10-05
713886,弘塑國泰64購01,1.74,0.22,TPEx,2026-10-05
713888,晶宏統一69購01,0.66,0.09,TPEx,2026-10-05
713891,宏捷科元大63購01,0.89,0.2,TPEx,2026-10-05
713892,宏捷科元大67購02,1.14,0.18,TPEx,2026-10-05
713893,良維元大63購03,1.7,0.12,TPEx,2026-10-05
713895,宜鼎元大63購13,0.51,0.01,TPEx,2026-10-05
713897,建榮元大63購01,1.09,0.06,TPEx,2026-10-05
713898,晶宏元大63購01,0.51,0.02,TPEx,2026-10-05
713899,雅特力元大63購02,1.15,-0.04,TPEx,2026-10-05
713900,順達元大63購08,1.02,0.03,TPEx,2026-10-05
713901,群翊元大63購01,1.85,0.09,TPEx,2026-10-05
713902,群聯元大63購24,1.05,0.03,TPEx,2026-10-05
713904,擎亞元大63購03,0.53,0.02,TPEx,2026-10-05
713905,天正台新63購02,0.79,0.02,TPEx,2026-10-05
713908,沛亨台新63購01,1.62,0.0,TPEx,2026-10-05
713911,鈊象台新63購01,2.25,0.01,TPEx,2026-10-05
713912,群聯台新63購05,1.62,0.09,TPEx,2026-10-05
713913,群聯台新63購06,1.11,-0.05,TPEx,2026-10-05
713914,力致凱基63購01,1.69,0.13,TPEx,2026-10-05
713915,印能凱基63購01,1.6,-0.14,TPEx,2026-10-05
713916,印能凱基63購02,1.64,-0.12,TPEx,2026-10-05
713917,印能凱基64購02,1.63,-0.08,TPEx,2026-10-05
713918,印能凱基65購01,1.77,-0.11,TPEx,2026-10-05
713919,印能凱基65購02,1.95,-0.08,TPEx,2026-10-05
713921,良維凱基63購03,2.54,0.0,TPEx,2026-10-05
713923,宜鼎凱基63購10,1.2,0.05,TPEx,2026-10-05
713925,建榮凱基63購02,1.06,0.05,TPEx,2026-10-05
713928,閎康凱基63購02,1.63,0.25,TPEx,2026-10-05
713929,新應材凱基68購01,1.77,0.12,TPEx,2026-10-05
713930,印能國票64購01,1.37,0.04,TPEx,2026-10-05
713934,晶宏國票66購01,0.69,0.1,TPEx,2026-10-05
713935,群聯國票66購03,1.25,0.04,TPEx,2026-10-05
713937,印能群益65購01,1.14,-0.06,TPEx,2026-10-05
713940,群聯群益63購10,1.59,0.07,TPEx,2026-10-05
713941,營邦群益63購02,1.2,-0.03,TPEx,2026-10-05
713942,營邦群益65購01,1.46,0.08,TPEx,2026-10-05
713943,印能中信67購01,0.81,-0.02,TPEx,2026-10-05
713944,印能統一67購01,0.77,-0.01,TPEx,2026-10-05
713946,晶宏統一67購01,0.47,0.02,TPEx,2026-10-05
713948,印能國泰65購01,1.0,-0.04,TPEx,2026-10-05
713949,宜特國泰64購01,1.72,0.06,TPEx,2026-10-05
713950,晶宏國泰64購01,0.94,0.0,TPEx,2026-10-05
713951,營邦國泰64購01,1.94,0.05,TPEx,2026-10-05
713952,均豪富邦63購01,0.51,-0.01,TPEx,2026-10-05
713953,營邦富邦66購02,0.65,0.06,TPEx,2026-10-05
713954,九暘永豐64購01,1.27,-0.02,TPEx,2026-10-05
713955,川寶永豐63購01,1.25,-0.3,TPEx,2026-10-05
713957,印能永豐64購02,0.87,-0.04,TPEx,2026-10-05
713960,群翊永豐63購01,1.63,0.14,TPEx,2026-10-05
713962,頎邦永豐66購01,2.03,-0.03,TPEx,2026-10-05
713963,中美晶元大63購10,1.65,-0.26,TPEx,2026-10-05
713964,印能元大67購01,0.86,-0.03,TPEx,2026-10-05
713967,沛亨元大63購02,1.14,-0.05,TPEx,2026-10-05
713968,沛亨元大69購01,0.83,-0.01,TPEx,2026-10-05
713969,良維元大63購04,1.35,0.05,TPEx,2026-10-05
713970,良維元大67購02,1.26,0.04,TPEx,2026-10-05
713971,宜鼎元大63購14,0.78,0.0,TPEx,2026-10-05
713972,威剛元大63購13,1.09,0.0,TPEx,2026-10-05
713973,晶宏元大63購02,0.5,0.07,TPEx,2026-10-05
713974,湧德元大63購01,0.63,0.01,TPEx,2026-10-05
713975,順達元大63購09,1.23,-0.01,TPEx,2026-10-05
713976,順達元大63購10,0.62,0.02,TPEx,2026-10-05
713977,新應材元大63購05,0.82,0.09,TPEx,2026-10-05
713978,新應材元大63購06,1.18,0.19,TPEx,2026-10-05
713979,群聯元大63購25,0.98,0.02,TPEx,2026-10-05
713980,聖暉*元大63購01,0.76,0.0,TPEx,2026-10-05
713981,漢達元大63購01,4.18,0.2,TPEx,2026-10-05
713982,廣閎科元大63購01,1.77,0.08,TPEx,2026-10-05
713983,廣閎科元大69購01,0.72,0.03,TPEx,2026-10-05
713986,擎亞元大68購01,0.67,0.03,TPEx,2026-10-05
713988,東捷台新63購02,2.35,-0.01,TPEx,2026-10-05
713989,東捷台新63購03,2.19,-0.31,TPEx,2026-10-05
713990,新應材台新64購03,1.66,0.09,TPEx,2026-10-05
713991,群聯台新63購07,1.88,0.01,TPEx,2026-10-05
713993,德微台新63購01,4.01,0.04,TPEx,2026-10-05
713994,德微台新64購01,3.84,0.1,TPEx,2026-10-05
713995,德微台新65購01,2.55,-0.26,TPEx,2026-10-05
713996,立敦群益63購01,1.53,-0.08,TPEx,2026-10-05
713997,良維群益63購02,1.21,-0.01,TPEx,2026-10-05
713998,良維群益65購01,1.44,0.05,TPEx,2026-10-05
714000,新應材群益63購03,1.56,0.12,TPEx,2026-10-05
714001,群聯群益63購11,1.37,0.06,TPEx,2026-10-05
714002,漢達群益64購01,2.83,-0.08,TPEx,2026-10-05
714003,漢達群益65購01,2.94,-0.02,TPEx,2026-10-05
714004,沛亨凱基63購03,2.18,0.0,TPEx,2026-10-05
714005,良維凱基63購04,1.15,0.09,TPEx,2026-10-05
714006,信紘科凱基63購01,0.98,0.06,TPEx,2026-10-05
714007,萊德光凱基63購01,1.31,0.21,TPEx,2026-10-05
714008,順達凱基65購01,2.03,0.12,TPEx,2026-10-05
714009,鈊象凱基63購05,2.48,0.0,TPEx,2026-10-05
714010,群聯凱基64購10,2.41,0.04,TPEx,2026-10-05
714011,聖暉*凱基63購03,2.23,0.0,TPEx,2026-10-05
714012,鈺太凱基63購01,0.9,-0.05,TPEx,2026-10-05
714013,漢達凱基63購02,2.26,-0.08,TPEx,2026-10-05
714014,德微凱基63購01,2.96,-0.5,TPEx,2026-10-05
714015,德微凱基63購02,3.37,-0.46,TPEx,2026-10-05
714017,營邦凱基63購06,1.85,0.19,TPEx,2026-10-05
714018,台半元大63購07,1.95,0.39,TPEx,2026-10-05
714019,台半元大63購08,1.27,0.15,TPEx,2026-10-05
714020,台半元大63購09,1.02,0.05,TPEx,2026-10-05
714021,沛亨元大63購03,1.32,0.02,TPEx,2026-10-05
714022,宜鼎元大69購01,0.89,-0.01,TPEx,2026-10-05
714023,威剛元大63購14,1.4,-0.04,TPEx,2026-10-05
714025,群聯元大63購26,1.27,0.01,TPEx,2026-10-05
714026,廣閎科元大63購02,0.89,0.07,TPEx,2026-10-05
714027,廣閎科元大69購02,0.78,0.03,TPEx,2026-10-05
714028,德微元大63購01,2.02,-0.21,TPEx,2026-10-05
714029,德微元大69購01,1.97,-0.07,TPEx,2026-10-05
714030,晶宏中信63購01,0.26,0.03,TPEx,2026-10-05
714031,台半國票65購01,1.25,0.08,TPEx,2026-10-05
714036,新門國票69購01,0.73,0.09,TPEx,2026-10-05
714037,群翊國票65購02,1.03,0.12,TPEx,2026-10-05
714043,良維永豐64購01,1.21,-0.08,TPEx,2026-10-05
714044,東捷永豐63購04,2.4,-0.14,TPEx,2026-10-05
714045,東捷永豐64購03,1.95,-0.07,TPEx,2026-10-05
714048,德微永豐64購01,1.82,-0.33,TPEx,2026-10-05
714050,寶雅*永豐64購01,0.86,-0.01,TPEx,2026-10-05
714052,東捷國泰64購01,1.48,-0.12,TPEx,2026-10-05
714053,元太富邦65購02,0.65,0.05,TPEx,2026-10-05
714054,宜鼎富邦64購01,0.61,0.01,TPEx,2026-10-05
714055,高技富邦65購01,0.75,0.06,TPEx,2026-10-05
714056,晶呈富邦65購02,1.34,-0.1,TPEx,2026-10-05
714057,新應材富邦63購04,0.61,0.06,TPEx,2026-10-05
714058,群聯富邦65購03,0.88,0.03,TPEx,2026-10-05
714059,群聯富邦65購04,1.02,0.02,TPEx,2026-10-05
714060,群聯富邦65購05,1.14,0.01,TPEx,2026-10-05
714061,聖暉*富邦63購01,0.84,0.02,TPEx,2026-10-05
714064,M31台新66購01,3.49,-0.06,TPEx,2026-10-05
714066,光頡台新66購01,4.5,-0.18,TPEx,2026-10-05
714067,竹陞台新63購01,1.44,0.08,TPEx,2026-10-05
714068,均華台新63購03,0.78,0.04,TPEx,2026-10-05
714069,均華台新64購01,0.72,0.02,TPEx,2026-10-05
714070,昇達科台新63購01,1.67,0.42,TPEx,2026-10-05
714071,昇達科台新66購01,1.8,0.36,TPEx,2026-10-05
714072,信驊台新63購01,3.35,0.56,TPEx,2026-10-05
714073,信驊台新63購02,2.42,0.27,TPEx,2026-10-05
714074,信驊台新63購03,1.52,0.15,TPEx,2026-10-05
714075,信驊台新66購01,4.57,0.36,TPEx,2026-10-05
714076,信驊台新66購02,3.43,0.29,TPEx,2026-10-05
714077,漢達台新63購03,1.35,-0.02,TPEx,2026-10-05
714078,漢達台新63購04,1.15,-0.04,TPEx,2026-10-05
714079,耀穎台新63購01,1.22,-0.36,TPEx,2026-10-05
714081,M31凱基63購03,3.24,-0.1,TPEx,2026-10-05
714082,M31凱基63購04,3.05,-0.17,TPEx,2026-10-05
714083,光頡凱基63購01,2.78,-0.14,TPEx,2026-10-05
714086,竹陞凱基63購01,1.07,0.01,TPEx,2026-10-05
714087,竹陞凱基63購02,1.19,0.0,TPEx,2026-10-05
714088,竹陞凱基63購03,1.42,0.0,TPEx,2026-10-05
714089,均華凱基63購02,0.78,0.12,TPEx,2026-10-05
714090,均華凱基64購03,0.96,0.09,TPEx,2026-10-05
714091,宜鼎凱基63購11,1.01,0.03,TPEx,2026-10-05
714092,昇達科凱基63購01,1.67,0.55,TPEx,2026-10-05
714093,昇達科凱基63購02,1.63,0.45,TPEx,2026-10-05
714094,昇達科凱基63購03,1.9,0.57,TPEx,2026-10-05
714095,昇達科凱基63購04,1.98,0.47,TPEx,2026-10-05
714096,信驊凱基63購01,1.6,0.14,TPEx,2026-10-05
714097,信驊凱基63購02,2.04,0.25,TPEx,2026-10-05
714098,信驊凱基63購03,2.47,0.32,TPEx,2026-10-05
714099,信驊凱基63購04,2.83,0.37,TPEx,2026-10-05
714100,信驊凱基63購05,3.53,0.47,TPEx,2026-10-05
714101,威剛凱基63購14,1.32,0.01,TPEx,2026-10-05
714103,群聯凱基67購01,2.46,0.11,TPEx,2026-10-05
714104,雷科凱基63購01,2.6,0.19,TPEx,2026-10-05
714105,雷科凱基63購02,2.67,0.18,TPEx,2026-10-05
714107,頎邦凱基64購04,1.72,-0.22,TPEx,2026-10-05
714108,穩懋凱基66購01,4.17,0.71,TPEx,2026-10-05
714109,光頡統一65購03,1.37,-0.09,TPEx,2026-10-05
714110,光頡統一68購01,1.37,-0.03,TPEx,2026-10-05
714112,光頡統一79購01,1.11,0.03,TPEx,2026-10-05
714113,均華統一67購02,0.49,0.05,TPEx,2026-10-05
714114,均華統一6C購01,0.55,0.02,TPEx,2026-10-05
714115,良維統一65購01,0.7,0.03,TPEx,2026-10-05
714117,昇達科統一67購01,0.89,0.15,TPEx,2026-10-05
714118,昇達科統一6C購01,0.91,0.14,TPEx,2026-10-05
714119,昇達科統一6C購02,0.81,0.03,TPEx,2026-10-05
714120,金山電統一6C購02,0.65,0.0,TPEx,2026-10-05
714121,信紘科統一6C購01,0.67,0.0,TPEx,2026-10-05
714124,穩懋統一67購02,0.91,0.08,TPEx,2026-10-05
714125,穩懋統一6C購04,0.97,0.07,TPEx,2026-10-05
714127,均華國泰64購02,0.83,0.08,TPEx,2026-10-05
714128,良維國泰64購01,1.88,0.08,TPEx,2026-10-05
714129,昇達科國泰64購01,1.46,0.3,TPEx,2026-10-05
714130,昇達科國泰65購01,1.49,0.24,TPEx,2026-10-05
714131,信紘科國泰64購01,1.75,0.04,TPEx,2026-10-05
714132,鈊象國泰64購01,2.51,0.0,TPEx,2026-10-05
714133,雷科國泰64購01,1.89,0.03,TPEx,2026-10-05
714134,雷科國泰65購01,3.05,0.13,TPEx,2026-10-05
714135,漢達國泰64購01,2.58,-0.06,TPEx,2026-10-05
714136,穩懋國泰65購02,4.99,0.67,TPEx,2026-10-05
714137,M31富邦65購02,1.27,-0.03,TPEx,2026-10-05
714138,弘塑富邦65購01,0.72,0.1,TPEx,2026-10-05
714139,均華富邦65購01,0.57,0.04,TPEx,2026-10-05
714140,信驊富邦66購01,4.12,0.33,TPEx,2026-10-05
714141,穩懋富邦65購02,1.6,0.23,TPEx,2026-10-05
714142,M31中信66購01,0.65,-0.01,TPEx,2026-10-05
714143,光頡中信63購01,1.34,-0.05,TPEx,2026-10-05
714144,竹陞中信69購01,0.62,-0.03,TPEx,2026-10-05
714145,均華中信69購01,0.48,0.05,TPEx,2026-10-05
714146,昇達科中信69購01,0.96,0.22,TPEx,2026-10-05
714147,信驊中信63購01,2.07,0.22,TPEx,2026-10-05
714148,群聯中信68購02,0.78,0.01,TPEx,2026-10-05
714149,穩懋中信65購01,1.13,0.08,TPEx,2026-10-05
714150,M31永豐64購01,1.33,-0.01,TPEx,2026-10-05
714152,元太永豐63購03,0.94,0.08,TPEx,2026-10-05
714153,光焱永豐63購01,1.11,-0.04,TPEx,2026-10-05
714155,光頡永豐63購02,2.26,-0.17,TPEx,2026-10-05
714156,光頡永豐69購01,4.42,-0.24,TPEx,2026-10-05
714157,竹陞永豐64購02,0.96,-0.02,TPEx,2026-10-05
714158,竹陞永豐66購01,0.78,-0.05,TPEx,2026-10-05
714159,昇達科永豐63購01,1.16,0.29,TPEx,2026-10-05
714160,昇達科永豐63購02,1.13,0.24,TPEx,2026-10-05
714161,昇達科永豐63購03,0.91,0.23,TPEx,2026-10-05
714162,昇達科永豐66購01,2.12,0.31,TPEx,2026-10-05
714163,昇達科永豐66購02,1.58,0.25,TPEx,2026-10-05
714164,昇達科永豐69購01,2.35,0.35,TPEx,2026-10-05
714165,昇達科永豐69購02,1.92,0.35,TPEx,2026-10-05
714166,信紘科永豐63購01,1.05,0.06,TPEx,2026-10-05
714167,信驊永豐63購02,1.82,0.22,TPEx,2026-10-05
714168,信驊永豐64購02,2.98,0.32,TPEx,2026-10-05
714169,凱崴永豐64購01,0.98,0.0,TPEx,2026-10-05
714170,萊德光永豐63購01,1.68,0.3,TPEx,2026-10-05
714171,聖暉*永豐63購02,1.83,-0.03,TPEx,2026-10-05
714172,雷科永豐63購01,1.83,0.1,TPEx,2026-10-05
714173,雷科永豐63購02,1.81,0.1,TPEx,2026-10-05
714174,雷科永豐66購01,2.31,0.11,TPEx,2026-10-05
714175,雷科永豐69購01,3.7,-0.79,TPEx,2026-10-05
714176,穩懋永豐63購05,2.68,0.29,TPEx,2026-10-05
714177,光頡元大63購01,2.14,0.0,TPEx,2026-10-05
714178,光頡元大63購02,2.01,-0.15,TPEx,2026-10-05
714179,印能元大63購01,0.86,-0.03,TPEx,2026-10-05
714180,印能元大63購02,0.79,-0.02,TPEx,2026-10-05
714182,昇達科元大63購01,1.64,0.58,TPEx,2026-10-05
714183,信驊元大63購02,3.22,0.32,TPEx,2026-10-05
714184,信驊元大64購01,3.31,0.39,TPEx,2026-10-05
714185,信驊元大67購01,4.18,0.32,TPEx,2026-10-05
714186,信驊元大69購01,4.93,0.44,TPEx,2026-10-05
714187,高技元大63購09,1.28,0.11,TPEx,2026-10-05
714188,高技元大63購10,0.94,0.1,TPEx,2026-10-05
714189,雅特力元大63購03,1.04,-0.02,TPEx,2026-10-05
714190,新普元大63購01,1.21,-0.03,TPEx,2026-10-05
714191,新應材元大63購07,1.01,0.09,TPEx,2026-10-05
714193,新應材元大63購09,0.51,0.05,TPEx,2026-10-05
714196,漢達元大63購02,1.27,-0.02,TPEx,2026-10-05
714197,漢達元大63購03,1.78,-0.05,TPEx,2026-10-05
714198,漢達元大69購01,1.12,-0.02,TPEx,2026-10-05
714199,廣閎科元大63購03,0.74,0.06,TPEx,2026-10-05
714200,營邦元大63購05,1.29,0.11,TPEx,2026-10-05
714202,FH中5G群益63購01,0.38,0.0,TPEx,2026-10-05
714203,M31群益63購01,2.19,-0.14,TPEx,2026-10-05
714205,中美晶群益63購06,3.0,-0.37,TPEx,2026-10-05
714206,世界群益65購01,1.83,-0.06,TPEx,2026-10-05
714207,均華群益63購02,0.8,0.08,TPEx,2026-10-05
714208,均豪群益63購01,0.8,0.04,TPEx,2026-10-05
714209,宜鼎群益63購04,0.93,0.02,TPEx,2026-10-05
714211,泓格群益63購01,1.25,0.0,TPEx,2026-10-05
714212,信驊群益63購01,2.8,0.34,TPEx,2026-10-05
714213,信驊群益63購02,1.81,0.25,TPEx,2026-10-05
714216,順達群益63購06,2.94,-0.02,TPEx,2026-10-05
714217,鈊象群益66購01,0.99,-0.07,TPEx,2026-10-05
714219,新應材群益63購04,0.9,0.02,TPEx,2026-10-05
714220,群聯群益63購12,1.49,0.01,TPEx,2026-10-05
714221,群聯群益63購13,1.3,0.01,TPEx,2026-10-05
714222,雷科群益63購01,2.42,0.15,TPEx,2026-10-05
714223,雷科群益63購02,2.29,0.16,TPEx,2026-10-05
714224,穩懋群益63購05,1.72,0.14,TPEx,2026-10-05
714225,天良國票64購02,0.34,-0.03,TPEx,2026-10-05
714226,光頡國票65購01,3.29,-0.05,TPEx,2026-10-05
714227,均華國票65購02,0.82,0.1,TPEx,2026-10-05
714228,昇達科國票65購01,1.4,0.2,TPEx,2026-10-05
714229,金山電國票6A購01,0.87,-0.01,TPEx,2026-10-05
714230,信紘科國票64購01,1.48,0.07,TPEx,2026-10-05
714231,信紘科國票65購01,1.28,0.0,TPEx,2026-10-05
714232,信驊國票64購01,3.54,0.21,TPEx,2026-10-05
714233,華宏國票69購01,0.93,-0.01,TPEx,2026-10-05
714234,雅特力國票67購01,0.8,-0.06,TPEx,2026-10-05
714235,雷科國票65購01,2.12,-0.01,TPEx,2026-10-05
714238,穩懋國票66購01,1.57,0.12,TPEx,2026-10-05
714239,穩懋國票67購01,1.76,0.13,TPEx,2026-10-05
714242,弘塑元大63購06,1.34,0.21,TPEx,2026-10-05
714243,弘塑元大63購07,0.59,0.07,TPEx,2026-10-05
714244,弘塑元大63購08,0.55,0.09,TPEx,2026-10-05
714245,竹陞元大63購02,0.85,-0.02,TPEx,2026-10-05
714246,竹陞元大69購01,0.74,0.03,TPEx,2026-10-05
714247,均華元大63購04,0.63,0.06,TPEx,2026-10-05
714248,均豪元大63購01,2.1,0.03,TPEx,2026-10-05
714249,均豪元大63購02,0.72,-0.03,TPEx,2026-10-05
714250,均豪元大67購01,0.91,-0.02,TPEx,2026-10-05
714251,東捷元大63購02,1.26,-0.1,TPEx,2026-10-05
714253,東捷元大69購01,0.71,-0.05,TPEx,2026-10-05
714254,南俊元大63購01,0.92,0.03,TPEx,2026-10-05
714255,南俊元大69購01,1.06,0.05,TPEx,2026-10-05
714257,群聯元大63購28,1.32,0.05,TPEx,2026-10-05
714258,聖暉*元大63購02,1.26,0.0,TPEx,2026-10-05
714259,聖暉*元大63購03,1.11,-0.01,TPEx,2026-10-05
714260,營邦元大63購06,0.73,0.05,TPEx,2026-10-05
714261,FH中5G凱基64購01,0.94,-0.01,TPEx,2026-10-05
714263,弘塑凱基66購01,1.89,0.25,TPEx,2026-10-05
714264,印能凱基63購03,1.15,-0.05,TPEx,2026-10-05
714265,均豪凱基64購01,1.02,0.0,TPEx,2026-10-05
714266,泓格凱基64購01,1.33,-0.06,TPEx,2026-10-05
714267,崇越電凱基63購02,1.24,-0.01,TPEx,2026-10-05
714268,凱崴凱基65購01,1.01,-0.19,TPEx,2026-10-05
714270,華宏凱基63購01,1.44,-0.15,TPEx,2026-10-05
714271,鈊象凱基63購06,2.68,0.05,TPEx,2026-10-05
714272,新普凱基63購01,1.15,-0.02,TPEx,2026-10-05
714273,新應材凱基63購10,1.94,0.19,TPEx,2026-10-05
714274,群聯凱基63購20,1.91,-0.01,TPEx,2026-10-05
714276,世界台新63購01,2.94,-0.18,TPEx,2026-10-05
714277,宜鼎台新65購03,2.36,0.11,TPEx,2026-10-05
714278,東捷台新63購04,1.17,-0.05,TPEx,2026-10-05
714279,南俊台新63購01,0.99,0.04,TPEx,2026-10-05
714280,南俊台新63購02,0.73,0.03,TPEx,2026-10-05
714281,頎邦台新63購02,3.19,-0.19,TPEx,2026-10-05
714282,頎邦台新66購01,2.46,-0.1,TPEx,2026-10-05
714284,南俊國票66購01,0.67,0.02,TPEx,2026-10-05
714285,新應材國票64購02,1.78,0.22,TPEx,2026-10-05
714286,雷科國票64購01,2.25,0.13,TPEx,2026-10-05
714287,雷科國票64購02,2.24,0.12,TPEx,2026-10-05
714288,M31群益63購02,1.77,-0.12,TPEx,2026-10-05
714289,巨有群益63購02,7.0,-0.3,TPEx,2026-10-05
714291,光頡群益66購01,3.73,-0.18,TPEx,2026-10-05
714292,竹陞群益63購01,1.18,0.0,TPEx,2026-10-05
714293,竹陞群益63購02,0.97,0.05,TPEx,2026-10-05
714294,均華群益65購02,1.15,0.33,TPEx,2026-10-05
714295,宏捷科群益63購03,1.49,0.36,TPEx,2026-10-05
714296,系微群益63購01,1.27,-0.16,TPEx,2026-10-05
714298,宜鼎群益63購06,1.81,0.06,TPEx,2026-10-05
714299,東捷群益65購02,1.59,-0.26,TPEx,2026-10-05
714300,南俊群益63購01,0.86,0.06,TPEx,2026-10-05
714302,威剛群益63購09,2.46,0.02,TPEx,2026-10-05
714303,雅特力群益63購01,1.03,-0.1,TPEx,2026-10-05
714304,雅特力群益63購02,0.74,-0.1,TPEx,2026-10-05
714305,新應材群益63購05,1.89,0.11,TPEx,2026-10-05
714306,群聯群益63購14,3.51,-0.04,TPEx,2026-10-05
714307,頎邦群益63購04,1.74,-0.07,TPEx,2026-10-05
714308,頎邦群益63購05,1.49,-0.16,TPEx,2026-10-05
714309,營邦群益64購01,1.13,-0.04,TPEx,2026-10-05
714310,光頡統一68購02,1.34,-0.01,TPEx,2026-10-05
714311,光頡統一69購01,1.42,-0.01,TPEx,2026-10-05
714312,佳邦統一6B購01,0.59,0.01,TPEx,2026-10-05
714313,昇達科統一68購01,0.92,0.23,TPEx,2026-10-05
714314,昇達科統一6C購03,0.82,0.1,TPEx,2026-10-05
714315,昇達科統一6C購04,0.79,0.07,TPEx,2026-10-05
714317,金山電統一69購01,0.66,-0.01,TPEx,2026-10-05
714318,南俊統一6C購01,0.49,0.02,TPEx,2026-10-05
714319,雷科統一69購01,1.2,0.04,TPEx,2026-10-05
714320,雷科統一6B購01,0.8,0.02,TPEx,2026-10-05
714321,雷科統一6C購01,0.75,0.02,TPEx,2026-10-05
714323,宏捷科中信63購01,0.63,0.17,TPEx,2026-10-05
714324,宏捷科國泰64購01,1.88,0.25,TPEx,2026-10-05
714325,世界富邦63購02,0.9,-0.02,TPEx,2026-10-05
714326,印能富邦65購01,0.49,-0.04,TPEx,2026-10-05
714327,東捷富邦65購01,0.65,-0.07,TPEx,2026-10-05
714328,M31永豐63購02,1.83,-0.08,TPEx,2026-10-05
714330,均華永豐64購01,1.59,0.14,TPEx,2026-10-05
714331,均豪永豐63購01,0.89,0.01,TPEx,2026-10-05
714333,亞通永豐63購01,1.34,0.02,TPEx,2026-10-05
714337,弘塑凱基63購08,1.62,0.18,TPEx,2026-10-05
714338,光頡凱基65購01,3.26,0.04,TPEx,2026-10-05
714339,竹陞凱基63購04,0.94,-0.02,TPEx,2026-10-05
714340,均華凱基65購02,1.31,0.11,TPEx,2026-10-05
714341,宏捷科凱基63購03,1.54,0.2,TPEx,2026-10-05
714342,沛亨凱基63購04,1.43,-0.11,TPEx,2026-10-05
714343,系微凱基63購01,1.45,-0.22,TPEx,2026-10-05
714345,宜鼎凱基63購12,1.29,0.0,TPEx,2026-10-05
714347,東捷凱基65購01,2.05,-0.21,TPEx,2026-10-05
714349,南俊凱基63購01,0.78,0.04,TPEx,2026-10-05
714353,聖暉*凱基65購02,2.69,-0.03,TPEx,2026-10-05
714354,頎邦凱基65購02,2.89,-0.16,TPEx,2026-10-05
714355,環球晶凱基63購02,2.88,0.35,TPEx,2026-10-05
714356,環球晶凱基63購03,2.94,0.18,TPEx,2026-10-05
714357,環球晶凱基69購02,4.82,0.07,TPEx,2026-10-05
714361,竹陞台新63購02,1.2,0.01,TPEx,2026-10-05
714363,均豪台新64購02,1.65,0.06,TPEx,2026-10-05
714364,宜鼎台新63購03,1.04,0.04,TPEx,2026-10-05
714365,威剛台新66購02,1.11,0.02,TPEx,2026-10-05
714366,家登台新64購02,2.46,0.22,TPEx,2026-10-05
714367,家登台新66購01,1.37,0.13,TPEx,2026-10-05
714368,家碩台新66購01,1.99,0.13,TPEx,2026-10-05
714369,創新服台新63購01,1.11,0.02,TPEx,2026-10-05
714370,創新服台新63購02,0.85,0.01,TPEx,2026-10-05
714371,創新服台新63購03,0.91,-0.03,TPEx,2026-10-05
714372,創新服台新63購04,0.78,-0.01,TPEx,2026-10-05
714373,環球晶台新64購01,2.66,0.03,TPEx,2026-10-05
714374,環球晶台新64購02,2.15,-0.05,TPEx,2026-10-05
714375,耀穎台新63購02,1.44,-0.47,TPEx,2026-10-05
714376,M31元大63購02,2.37,-0.02,TPEx,2026-10-05
714377,M31元大63購03,1.1,-0.05,TPEx,2026-10-05
714378,弘塑元大63購09,1.82,0.17,TPEx,2026-10-05
714379,弘塑元大63購10,1.05,0.1,TPEx,2026-10-05
714380,弘塑元大66購02,0.99,0.09,TPEx,2026-10-05
714381,光頡元大63購03,2.1,-0.05,TPEx,2026-10-05
714382,光頡元大63購04,1.52,-0.02,TPEx,2026-10-05
714383,竹陞元大63購03,0.78,-0.01,TPEx,2026-10-05
714384,竹陞元大69購02,1.0,0.0,TPEx,2026-10-05
714385,均豪元大63購03,0.79,0.01,TPEx,2026-10-05
714386,亞通元大63購01,1.56,0.01,TPEx,2026-10-05
714388,宜鼎元大63購15,0.63,0.0,TPEx,2026-10-05
714389,昇達科元大63購02,1.2,0.17,TPEx,2026-10-05
714390,昇達科元大63購03,1.28,0.43,TPEx,2026-10-05
714391,東捷元大63購03,2.05,-0.09,TPEx,2026-10-05
714392,東捷元大67購02,1.4,-0.1,TPEx,2026-10-05
714393,東捷元大69購02,0.77,-0.05,TPEx,2026-10-05
714394,萊德光元大63購01,1.03,0.09,TPEx,2026-10-05
714395,萊德光元大63購02,1.26,0.16,TPEx,2026-10-05
714396,雅特力元大63購04,1.03,-0.03,TPEx,2026-10-05
714397,群聯元大63購29,1.17,0.06,TPEx,2026-10-05
714398,群聯元大69購01,1.55,0.05,TPEx,2026-10-05
714399,聖暉*元大63購04,1.31,0.06,TPEx,2026-10-05
714401,營邦元大63購07,0.9,0.08,TPEx,2026-10-05
714402,環球晶元大63購09,1.17,-0.01,TPEx,2026-10-05
714403,環球晶元大63購10,1.31,-0.03,TPEx,2026-10-05
714405,光頡國票66購01,2.85,0.04,TPEx,2026-10-05
714406,昇達科國票64購01,1.59,0.39,TPEx,2026-10-05
714408,萊德光國票66購01,1.08,0.07,TPEx,2026-10-05
714409,頎邦國票69購01,1.17,-0.05,TPEx,2026-10-05
714410,環球晶國票66購02,2.94,0.2,TPEx,2026-10-05
714411,群聯中信67購02,0.74,0.0,TPEx,2026-10-05
714412,環球晶中信63購01,1.0,-0.02,TPEx,2026-10-05
714413,尼克森永豐63購01,2.22,0.55,TPEx,2026-10-05
714414,正德永豐63購01,0.66,-0.02,TPEx,2026-10-05
714415,安葆永豐65購01,1.76,0.12,TPEx,2026-10-05
714417,美琪瑪永豐63購01,1.79,0.01,TPEx,2026-10-05
714418,家登永豐65購01,1.36,0.1,TPEx,2026-10-05
714419,泰藝永豐63購01,2.42,0.2,TPEx,2026-10-05
714420,高僑永豐63購01,1.06,-0.11,TPEx,2026-10-05
714421,創新服永豐63購01,1.13,0.0,TPEx,2026-10-05
714422,創新服永豐64購01,0.71,-0.06,TPEx,2026-10-05
714423,創新服永豐65購01,0.93,-0.02,TPEx,2026-10-05
714425,博大永豐63購01,0.8,-0.11,TPEx,2026-10-05
714426,博盛永豐64購02,1.87,0.2,TPEx,2026-10-05
714427,晶呈永豐63購01,1.53,-0.13,TPEx,2026-10-05
714428,華電網永豐63購01,1.2,0.13,TPEx,2026-10-05
714429,廣明永豐63購01,1.21,-0.02,TPEx,2026-10-05
714430,優群永豐63購01,0.78,0.01,TPEx,2026-10-05
714431,環球晶永豐64購01,2.6,0.15,TPEx,2026-10-05
714432,中美晶富邦69購01,0.87,-0.05,TPEx,2026-10-05
714433,台特化富邦63購01,0.73,-0.03,TPEx,2026-10-05
714435,良維富邦65購01,0.68,0.02,TPEx,2026-10-05
714436,蜜望實富邦66購01,0.63,0.0,TPEx,2026-10-05
714437,竹陞國泰64購01,0.93,-0.11,TPEx,2026-10-05
714438,東捷國泰64購02,1.23,-0.11,TPEx,2026-10-05
714440,雅特力國泰64購01,1.66,-0.12,TPEx,2026-10-05
714441,頎邦國泰64購01,2.1,-0.19,TPEx,2026-10-05
714442,環球晶國泰64購02,2.37,0.16,TPEx,2026-10-05
714444,昇達科統一74購01,0.9,0.08,TPEx,2026-10-05
714445,東捷統一66購03,0.64,-0.08,TPEx,2026-10-05
714446,東捷統一68購03,0.72,-0.06,TPEx,2026-10-05
714447,東捷統一6A購01,0.55,-0.05,TPEx,2026-10-05
714448,南俊統一74購01,0.58,0.02,TPEx,2026-10-05
714449,雷科統一67購01,1.06,0.06,TPEx,2026-10-05
714451,巨有群益63購03,5.85,0.1,TPEx,2026-10-05
714452,均華群益63購03,0.91,0.03,TPEx,2026-10-05
714455,東捷群益65購03,1.61,-0.1,TPEx,2026-10-05
714458,威剛群益63購10,3.05,-0.1,TPEx,2026-10-05
714461,鈊象群益69購01,0.94,-0.03,TPEx,2026-10-05
714462,新應材群益63購06,3.55,0.25,TPEx,2026-10-05
714463,群聯群益63購15,2.05,-0.03,TPEx,2026-10-05
714464,群聯群益65購03,1.02,0.01,TPEx,2026-10-05
714466,環球晶群益63購04,2.65,-0.05,TPEx,2026-10-05
714468,光頡元大63購06,2.17,-0.07,TPEx,2026-10-05
714469,光頡元大63購07,1.64,0.06,TPEx,2026-10-05
714470,均華元大63購05,0.68,0.06,TPEx,2026-10-05
714471,宏捷科元大63購02,1.21,0.26,TPEx,2026-10-05
714473,沛亨元大63購05,0.89,-0.08,TPEx,2026-10-05
714474,亞通元大63購03,1.28,0.0,TPEx,2026-10-05
714475,亞通元大63購04,1.08,0.02,TPEx,2026-10-05
714476,宜鼎元大63購16,0.72,0.0,TPEx,2026-10-05
714478,東捷元大68購01,0.84,-0.08,TPEx,2026-10-05
714481,信昌電元大63購01,1.4,-0.11,TPEx,2026-10-05
714482,信昌電元大63購02,1.43,-0.08,TPEx,2026-10-05
714483,信昌電元大63購03,1.44,-0.04,TPEx,2026-10-05
714484,南俊元大63購02,1.12,0.08,TPEx,2026-10-05
714485,威剛元大66購01,1.67,0.0,TPEx,2026-10-05
714486,群聯元大66購07,1.22,0.02,TPEx,2026-10-05
714487,群聯元大69購02,1.17,0.01,TPEx,2026-10-05
714489,營邦元大69購01,0.99,0.05,TPEx,2026-10-05
714490,環球晶元大63購11,2.31,-0.03,TPEx,2026-10-05
714491,光頡國票66購02,2.13,-0.06,TPEx,2026-10-05
714492,旭然國票67購01,1.28,0.15,TPEx,2026-10-05
714495,建榮國票64購01,1.72,0.19,TPEx,2026-10-05
714496,建榮國票65購01,1.5,0.15,TPEx,2026-10-05
714497,家登國票64購02,1.74,0.09,TPEx,2026-10-05
714498,新漢國票64購01,1.01,-0.02,TPEx,2026-10-05
714499,擎亞國票64購02,1.74,0.02,TPEx,2026-10-05
714500,穩懋國票65購02,1.34,0.04,TPEx,2026-10-05
714501,世界凱基63購07,2.76,-0.09,TPEx,2026-10-05
714502,巨有凱基63購02,6.6,-0.85,TPEx,2026-10-05
714503,竹陞凱基63購05,0.95,0.02,TPEx,2026-10-05
714506,信昌電凱基63購01,2.6,0.19,TPEx,2026-10-05
714507,信昌電凱基63購02,1.88,-0.32,TPEx,2026-10-05
714508,信昌電凱基63購03,2.03,-0.14,TPEx,2026-10-05
714509,信昌電凱基63購04,2.22,-0.02,TPEx,2026-10-05
714510,創新服凱基63購01,0.8,-0.02,TPEx,2026-10-05
714511,新應材凱基63購11,3.37,0.24,TPEx,2026-10-05
714512,群聯凱基63購21,1.86,0.05,TPEx,2026-10-05
714513,營邦凱基63購07,1.7,0.22,TPEx,2026-10-05
714514,穩懋凱基63購10,4.71,0.54,TPEx,2026-10-05
714515,巨有群益63購04,5.2,0.1,TPEx,2026-10-05
714516,光頡群益63購02,3.56,-0.07,TPEx,2026-10-05
714517,光頡群益65購01,2.31,-0.03,TPEx,2026-10-05
714518,印能群益63購02,2.34,-0.15,TPEx,2026-10-05
714519,竹陞群益64購01,0.84,0.01,TPEx,2026-10-05
714520,宜鼎群益63購07,2.05,0.07,TPEx,2026-10-05
714521,威剛群益63購11,2.46,-0.04,TPEx,2026-10-05
714524,環球晶群益63購06,2.47,-0.11,TPEx,2026-10-05
714525,伍豐永豐63購01,1.1,-0.04,TPEx,2026-10-05
714528,亞通永豐65購01,0.89,0.04,TPEx,2026-10-05
714529,宜鼎永豐63購08,1.59,0.0,TPEx,2026-10-05
714530,信昌電永豐63購01,1.41,-0.14,TPEx,2026-10-05
714531,信昌電永豐63購02,0.81,-0.06,TPEx,2026-10-05
714532,信昌電永豐64購01,1.27,-0.1,TPEx,2026-10-05
714533,信昌電永豐65購01,1.18,-0.03,TPEx,2026-10-05
714534,南俊永豐63購01,1.22,0.1,TPEx,2026-10-05
714536,群聯永豐63購09,3.27,0.07,TPEx,2026-10-05
714538,穩懋永豐63購06,3.76,0.41,TPEx,2026-10-05
714539,穩懋永豐63購07,5.45,0.84,TPEx,2026-10-05
714540,騰雲永豐63購01,0.92,0.01,TPEx,2026-10-05
714541,系微富邦64購01,0.95,0.03,TPEx,2026-10-05
714542,宜鼎富邦63購04,0.59,0.0,TPEx,2026-10-05
714543,欣銓富邦63購01,0.53,-0.01,TPEx,2026-10-05
714544,環球晶富邦69購01,0.76,-0.01,TPEx,2026-10-05
714545,環球晶富邦69購02,0.9,-0.03,TPEx,2026-10-05
714546,中美晶國泰65購01,2.63,0.04,TPEx,2026-10-05
714547,巨有國泰64購01,4.99,0.12,TPEx,2026-10-05
714549,均豪國泰64購01,1.53,0.05,TPEx,2026-10-05
714552,信昌電國泰64購01,1.63,-0.14,TPEx,2026-10-05
714553,信昌電國泰64購02,1.5,-0.09,TPEx,2026-10-05
714554,萊德光國泰64購01,1.78,0.25,TPEx,2026-10-05
714556,擎亞國泰64購01,1.37,0.06,TPEx,2026-10-05
714557,穩懋國泰64購03,4.25,0.45,TPEx,2026-10-05
714559,弘塑統一68購01,0.72,0.05,TPEx,2026-10-05
714561,信昌電統一68購01,0.77,0.0,TPEx,2026-10-05
714562,信昌電統一68購02,0.86,-0.01,TPEx,2026-10-05
714563,信昌電統一69購01,0.69,-0.06,TPEx,2026-10-05
714564,信昌電統一79購01,0.72,0.0,TPEx,2026-10-05
714566,台特化台新63購01,2.73,-0.16,TPEx,2026-10-05
714567,旭然台新63購01,2.29,0.55,TPEx,2026-10-05
714569,竹陞台新64購01,1.24,0.08,TPEx,2026-10-05
714570,宏捷科台新63購01,1.98,0.36,TPEx,2026-10-05
714571,系微台新63購01,1.68,-0.18,TPEx,2026-10-05
714573,信昌電台新63購01,1.53,-0.04,TPEx,2026-10-05
714574,信昌電台新66購01,1.46,-0.19,TPEx,2026-10-05
714575,茂達台新63購01,1.69,0.07,TPEx,2026-10-05
714577,穩懋台新63購03,2.98,0.27,TPEx,2026-10-05
714578,穩懋台新63購04,2.55,0.15,TPEx,2026-10-05
714579,穩懋台新63購05,2.6,0.3,TPEx,2026-10-05
714580,巨有永豐66購01,1.81,-0.06,TPEx,2026-10-05
714581,朋億*永豐64購01,1.42,0.02,TPEx,2026-10-05
714582,南俊永豐63購02,1.13,0.06,TPEx,2026-10-05
714583,南俊永豐67購01,0.83,0.02,TPEx,2026-10-05
714584,智崴永豐64購01,0.69,0.02,TPEx,2026-10-05
714585,萊德光永豐63購02,1.57,0.26,TPEx,2026-10-05
714586,頎邦永豐63購05,1.7,-0.17,TPEx,2026-10-05
714587,方土昶元大63購03,0.87,-0.05,TPEx,2026-10-05
714588,台半元大65購01,1.94,0.23,TPEx,2026-10-05
714591,均華元大63購06,0.72,0.04,TPEx,2026-10-05
714592,均華元大63購07,0.76,0.1,TPEx,2026-10-05
714593,宏捷科元大63購03,1.14,0.18,TPEx,2026-10-05
714594,宏捷科元大63購04,1.33,0.24,TPEx,2026-10-05
714595,沛亨元大63購06,1.54,0.01,TPEx,2026-10-05
714597,宜鼎元大64購06,0.81,0.0,TPEx,2026-10-05
714598,青雲元大63購05,1.0,-0.03,TPEx,2026-10-05
714599,威剛元大63購15,1.83,0.01,TPEx,2026-10-05
714601,萊德光元大63購03,0.99,0.12,TPEx,2026-10-05
714602,萊德光元大64購01,1.06,0.12,TPEx,2026-10-05
714603,萊德光元大64購02,1.03,0.06,TPEx,2026-10-05
714604,雅特力元大63購05,1.3,-0.07,TPEx,2026-10-05
714605,群聯元大63購30,1.66,0.02,TPEx,2026-10-05
714606,環球晶元大64購03,2.46,-0.05,TPEx,2026-10-05
714607,環球晶元大65購06,1.96,-0.03,TPEx,2026-10-05
714608,世界群益63購04,3.45,-0.16,TPEx,2026-10-05
714609,巨有群益64購01,3.67,-0.07,TPEx,2026-10-05
714610,茂綸群益63購02,1.16,0.15,TPEx,2026-10-05
714611,順達群益63購07,1.94,0.04,TPEx,2026-10-05
714612,順達群益65購01,2.11,0.06,TPEx,2026-10-05
714613,新應材群益63購07,2.47,0.19,TPEx,2026-10-05
714614,營邦群益63購03,1.51,0.07,TPEx,2026-10-05
714615,穩懋群益63購06,6.3,-0.2,TPEx,2026-10-05
714617,台星科國票65購01,1.23,-0.01,TPEx,2026-10-05
714619,巨有國票65購01,4.1,-0.08,TPEx,2026-10-05
714620,旭然國票69購01,1.06,0.07,TPEx,2026-10-05
714621,均華國票64購01,0.95,-0.04,TPEx,2026-10-05
714622,宏捷科國票65購01,1.13,0.13,TPEx,2026-10-05
714625,昇達科國票64購02,2.24,0.45,TPEx,2026-10-05
714627,南俊國票68購01,0.75,0.03,TPEx,2026-10-05
714628,萊德光國票65購02,0.94,0.11,TPEx,2026-10-05
714635,印能台新65購01,1.64,-0.04,TPEx,2026-10-05
714636,昇達科台新63購03,2.73,0.56,TPEx,2026-10-05
714637,茂綸台新63購02,1.52,0.14,TPEx,2026-10-05
714641,聖暉*台新66購01,2.32,0.06,TPEx,2026-10-05
714642,印能凱基64購03,2.27,-0.04,TPEx,2026-10-05
714643,均華凱基63購03,1.38,0.2,TPEx,2026-10-05
714644,沛亨凱基64購01,2.18,-0.09,TPEx,2026-10-05
714645,良維凱基67購01,3.1,0.18,TPEx,2026-10-05
714646,宜鼎凱基63購13,1.79,0.01,TPEx,2026-10-05
714648,威剛凱基65購04,2.93,-0.08,TPEx,2026-10-05
714649,建榮凱基64購01,2.57,0.25,TPEx,2026-10-05
714651,萊德光凱基63購02,1.87,0.24,TPEx,2026-10-05
714652,環球晶凱基63購04,4.3,-0.2,TPEx,2026-10-05
714653,穩懋凱基65購02,5.3,0.1,TPEx,2026-10-05
714654,穩懋凱基68購01,5.55,0.05,TPEx,2026-10-05
714655,世界國泰64購01,2.15,0.1,TPEx,2026-10-05
714656,世界國泰64購02,1.9,-0.08,TPEx,2026-10-05
714657,朋億*國泰65購01,2.16,0.04,TPEx,2026-10-05
714658,欣銓國泰64購01,1.9,-0.06,TPEx,2026-10-05
714660,德微國泰64購01,3.99,-0.54,TPEx,2026-10-05
714661,巨有統一69購01,1.66,0.0,TPEx,2026-10-05
714662,巨有統一79購02,1.07,-0.01,TPEx,2026-10-05
714663,信昌電統一6C購01,0.74,-0.04,TPEx,2026-10-05
714664,信昌電統一6C購02,0.69,-0.04,TPEx,2026-10-05
714665,信昌電統一79購02,0.79,-0.03,TPEx,2026-10-05
714667,印能富邦64購01,0.69,-0.04,TPEx,2026-10-05
714668,印能富邦65購02,0.63,-0.03,TPEx,2026-10-05
714669,威剛富邦63購01,0.43,-0.01,TPEx,2026-10-05
714670,建榮富邦63購01,0.36,0.0,TPEx,2026-10-05
714672,群聯富邦65購06,0.78,-0.06,TPEx,2026-10-05
714673,群聯富邦65購07,0.73,-0.05,TPEx,2026-10-05
714674,群聯富邦65購08,0.77,0.03,TPEx,2026-10-05
714675,群聯富邦66購01,0.78,-0.04,TPEx,2026-10-05
714676,群聯富邦66購02,0.73,0.03,TPEx,2026-10-05
714677,群聯富邦69購01,0.82,-0.03,TPEx,2026-10-05
714678,台燿凱基63購01,3.26,0.88,TPEx,2026-10-05
714679,台燿凱基63購02,3.6,1.24,TPEx,2026-10-05
714680,台燿凱基63購03,3.13,0.92,TPEx,2026-10-05
714681,台燿凱基63購04,3.35,0.71,TPEx,2026-10-05
714682,台燿凱基65購01,3.6,0.76,TPEx,2026-10-05
714683,台燿凱基65購02,3.55,0.83,TPEx,2026-10-05
714684,台燿凱基65購03,3.47,0.8,TPEx,2026-10-05
714685,青雲凱基63購04,1.4,-0.08,TPEx,2026-10-05
714686,茂綸凱基63購01,1.94,0.37,TPEx,2026-10-05
714687,新應材凱基63購12,3.18,0.1,TPEx,2026-10-05
714688,群聯凱基63購22,2.49,0.03,TPEx,2026-10-05
714689,台半台新64購01,4.15,0.34,TPEx,2026-10-05
714690,台燿台新63購01,3.68,0.98,TPEx,2026-10-05
714691,台燿台新66購01,3.91,0.89,TPEx,2026-10-05
714692,台燿台新69購01,3.56,0.77,TPEx,2026-10-05
714694,印能台新65購03,1.4,0.0,TPEx,2026-10-05
714696,宜鼎台新66購01,2.78,0.09,TPEx,2026-10-05
714697,台燿群益63購01,3.0,0.86,TPEx,2026-10-05
714698,台燿群益63購02,3.09,0.8,TPEx,2026-10-05
714699,台燿群益63購03,2.66,0.74,TPEx,2026-10-05
714700,印能群益63購03,1.61,-0.09,TPEx,2026-10-05
714701,竹陞群益64購02,1.24,0.0,TPEx,2026-10-05
714702,亞通群益64購01,1.45,-0.11,TPEx,2026-10-05
714703,亞通群益66購01,1.75,-0.02,TPEx,2026-10-05
714705,欣銓群益63購03,2.46,-0.24,TPEx,2026-10-05
714708,威剛群益63購12,2.85,-0.04,TPEx,2026-10-05
714709,家登群益63購08,3.87,0.17,TPEx,2026-10-05
714710,頎邦群益65購01,2.33,-0.28,TPEx,2026-10-05
714711,穩懋群益63購07,7.3,0.4,TPEx,2026-10-05
714712,台燿元大63購01,2.23,0.64,TPEx,2026-10-05
714713,台燿元大64購05,2.1,0.5,TPEx,2026-10-05
714714,台燿元大65購01,2.1,0.42,TPEx,2026-10-05
714715,印能元大63購03,1.4,-0.03,TPEx,2026-10-05
714716,沛亨元大63購07,1.48,0.01,TPEx,2026-10-05
714717,良維元大63購05,0.88,0.05,TPEx,2026-10-05
714718,亞通元大63購05,1.8,-0.08,TPEx,2026-10-05
714719,宜鼎元大64購07,0.8,0.0,TPEx,2026-10-05
714720,昇達科元大63購04,1.61,0.4,TPEx,2026-10-05
714721,昇達科元大63購05,1.2,0.29,TPEx,2026-10-05
714722,信昌電元大63購04,1.68,-0.22,TPEx,2026-10-05
714723,信昌電元大63購05,0.65,-0.03,TPEx,2026-10-05
714724,威剛元大63購16,1.75,-0.15,TPEx,2026-10-05
714725,茂綸元大63購01,1.15,0.11,TPEx,2026-10-05
714726,茂綸元大64購01,0.93,0.03,TPEx,2026-10-05
714727,家登元大63購02,1.92,0.0,TPEx,2026-10-05
714728,家登元大64購02,2.03,0.17,TPEx,2026-10-05
714729,群聯元大63購31,1.46,0.06,TPEx,2026-10-05
714730,群聯元大63購33,1.73,-0.04,TPEx,2026-10-05
714731,環球晶元大64購04,2.45,-0.02,TPEx,2026-10-05
714732,環球晶元大65購07,1.97,0.1,TPEx,2026-10-05
714733,台燿永豐63購01,2.05,0.42,TPEx,2026-10-05
714734,台燿永豐63購02,1.88,0.4,TPEx,2026-10-05
714735,台燿永豐63購03,1.28,0.27,TPEx,2026-10-05
714736,台燿永豐63購04,1.48,0.31,TPEx,2026-10-05
714737,台燿永豐64購03,1.48,0.26,TPEx,2026-10-05
714738,台燿永豐64購04,2.0,0.37,TPEx,2026-10-05
714739,台燿永豐65購01,1.71,0.34,TPEx,2026-10-05
714740,台燿永豐65購02,2.41,0.46,TPEx,2026-10-05
714741,台燿永豐66購01,2.88,0.58,TPEx,2026-10-05
714742,台燿永豐66購02,5.55,1.08,TPEx,2026-10-05
714743,台燿永豐69購01,3.38,0.51,TPEx,2026-10-05
714745,台燿永豐73購01,4.57,0.57,TPEx,2026-10-05
714746,弘塑永豐64購02,1.73,0.19,TPEx,2026-10-05
714747,光焱永豐65購01,0.73,-0.04,TPEx,2026-10-05
714748,欣銓永豐63購01,1.56,-0.08,TPEx,2026-10-05
714749,博盛永豐64購03,1.91,0.19,TPEx,2026-10-05
714751,營邦永豐65購01,0.7,0.01,TPEx,2026-10-05
714752,環球晶永豐64購02,1.88,0.05,TPEx,2026-10-05
714753,穩懋永豐63購08,6.65,0.75,TPEx,2026-10-05
714754,台燿中信63購01,1.46,0.49,TPEx,2026-10-05
714755,欣銓中信63購01,0.65,-0.03,TPEx,2026-10-05
714756,信昌電中信63購01,0.73,-0.07,TPEx,2026-10-05
714757,雷科中信63購01,1.74,0.1,TPEx,2026-10-05
714758,台燿國票67購01,1.57,0.28,TPEx,2026-10-05
714759,東捷國票66購01,2.01,-0.01,TPEx,2026-10-05
714760,信昌電國票64購01,1.41,-0.13,TPEx,2026-10-05
714761,信昌電國票64購02,1.67,-0.09,TPEx,2026-10-05
714762,信昌電國票65購01,2.12,0.06,TPEx,2026-10-05
714763,信昌電國票65購02,2.21,-0.09,TPEx,2026-10-05
714764,信昌電國票66購01,1.55,-0.25,TPEx,2026-10-05
714766,風青國票67購01,1.15,-0.08,TPEx,2026-10-05
714768,環球晶國票64購04,3.95,-0.08,TPEx,2026-10-05
714769,台燿統一65購02,1.11,0.32,TPEx,2026-10-05
714770,台燿統一69購01,1.05,0.19,TPEx,2026-10-05
714771,台燿統一69購02,1.16,0.22,TPEx,2026-10-05
714772,台燿統一6C購01,0.84,0.12,TPEx,2026-10-05
714773,台燿統一71購02,1.01,0.13,TPEx,2026-10-05
714774,台燿統一79購01,1.16,0.14,TPEx,2026-10-05
714775,印能統一69購01,0.79,0.0,TPEx,2026-10-05
714776,金山電統一79購01,0.72,-0.01,TPEx,2026-10-05
714777,青雲統一79購01,0.62,0.0,TPEx,2026-10-05
714778,信昌電統一68購03,0.58,-0.04,TPEx,2026-10-05
714779,台燿國泰64購01,2.62,0.58,TPEx,2026-10-05
714780,台燿國泰64購02,2.54,0.7,TPEx,2026-10-05
714781,信昌電國泰64購03,1.62,-0.14,TPEx,2026-10-05
714782,元太富邦64購03,0.81,0.06,TPEx,2026-10-05
714783,台半富邦65購01,1.04,0.07,TPEx,2026-10-05
714784,台燿富邦63購04,1.6,0.41,TPEx,2026-10-05
714785,台燿富邦63購05,1.61,0.48,TPEx,2026-10-05
714786,金山電富邦65購01,0.87,-0.03,TPEx,2026-10-05
714787,晶呈富邦65購03,1.34,-0.12,TPEx,2026-10-05
714788,新應材富邦66購01,1.0,0.11,TPEx,2026-10-05
714789,穩懋富邦67購01,1.64,0.13,TPEx,2026-10-05
714791,印能台新63購04,2.09,-0.01,TPEx,2026-10-05
714792,茂綸台新63購03,1.84,0.16,TPEx,2026-10-05
714793,創新服台新65購02,1.75,0.02,TPEx,2026-10-05
714794,富強鑫台新63購01,1.32,-0.16,TPEx,2026-10-05
714795,穩懋台新63購06,7.55,0.75,TPEx,2026-10-05
714796,穩懋台新63購07,6.25,1.2,TPEx,2026-10-05
714797,天品凱基63購01,1.79,0.05,TPEx,2026-10-05
714798,台半凱基63購04,2.86,0.34,TPEx,2026-10-05
714799,印能凱基63購04,2.38,-0.1,TPEx,2026-10-05
714800,沛亨凱基63購05,2.21,0.0,TPEx,2026-10-05
714801,良維凱基63購06,2.91,0.0,TPEx,2026-10-05
714802,亞通凱基63購03,2.38,-0.15,TPEx,2026-10-05
714803,亞通凱基64購01,2.78,-0.06,TPEx,2026-10-05
714805,昇達科凱基63購05,2.46,0.44,TPEx,2026-10-05
714806,欣銓凱基63購03,2.31,-0.1,TPEx,2026-10-05
714809,頎邦凱基63購08,2.11,-0.16,TPEx,2026-10-05
714810,營邦凱基66購02,2.46,0.13,TPEx,2026-10-05
714811,環球晶凱基68購01,2.76,0.22,TPEx,2026-10-05
714812,穩懋凱基65購03,4.56,0.51,TPEx,2026-10-05
714814,印能統一79購01,1.8,0.02,TPEx,2026-10-05
714815,安碁統一69購01,0.62,-0.01,TPEx,2026-10-05
714816,均華統一79購01,0.59,-0.01,TPEx,2026-10-05
714818,群聯統一69購03,0.83,0.0,TPEx,2026-10-05
714819,茂綸國泰64購01,1.67,0.09,TPEx,2026-10-05
714820,順達國泰64購01,1.87,0.07,TPEx,2026-10-05
714821,環球晶國泰64購03,3.02,0.02,TPEx,2026-10-05
714822,台燿富邦69購01,1.07,0.21,TPEx,2026-10-05
714823,台燿富邦79購01,1.75,0.32,TPEx,2026-10-05
714824,沛亨富邦66購01,0.58,-0.03,TPEx,2026-10-05
714825,家登富邦65購01,1.08,0.08,TPEx,2026-10-05
714826,家登富邦65購02,0.9,0.07,TPEx,2026-10-05
714827,順達富邦64購03,0.93,0.02,TPEx,2026-10-05
714828,天品永豐63購01,1.87,0.03,TPEx,2026-10-05
714829,世界永豐63購02,2.92,-0.04,TPEx,2026-10-05
714830,立端永豐63購01,1.32,0.05,TPEx,2026-10-05
714831,宏碁資永豐64購01,0.78,0.02,TPEx,2026-10-05
714834,晶宏永豐63購02,1.09,0.16,TPEx,2026-10-05
714836,穩懋永豐66購02,1.8,0.15,TPEx,2026-10-05
714837,中美晶元大64購07,1.87,-0.28,TPEx,2026-10-05
714838,元太元大63購10,0.79,0.03,TPEx,2026-10-05
714839,印能元大63購04,0.92,-0.03,TPEx,2026-10-05
714840,沛亨元大63購08,1.53,-0.06,TPEx,2026-10-05
714841,良維元大63購06,1.98,0.05,TPEx,2026-10-05
714842,良維元大63購07,2.15,0.08,TPEx,2026-10-05
714843,宜鼎元大66購02,1.11,0.01,TPEx,2026-10-05
714845,威剛元大63購17,1.95,0.01,TPEx,2026-10-05
714846,家登元大63購03,2.2,0.16,TPEx,2026-10-05
714847,家登元大64購03,2.06,0.08,TPEx,2026-10-05
714848,晶宏元大63購04,0.62,0.0,TPEx,2026-10-05
714849,群聯元大63購34,1.72,0.05,TPEx,2026-10-05
714850,群聯元大67購01,1.83,0.01,TPEx,2026-10-05
714851,群聯元大68購05,2.17,-0.02,TPEx,2026-10-05
714852,擎亞元大65購01,1.23,0.02,TPEx,2026-10-05
714853,營邦元大63購08,1.54,0.16,TPEx,2026-10-05
714854,環球晶元大63購12,2.59,0.03,TPEx,2026-10-05
714855,環球晶元大64購05,2.73,0.33,TPEx,2026-10-05
714856,環球晶元大65購08,2.06,0.26,TPEx,2026-10-05
714858,巨漢國票64購01,1.92,0.16,TPEx,2026-10-05
714860,印能國票65購02,1.98,0.0,TPEx,2026-10-05
714862,晶呈國票68購01,1.73,0.0,TPEx,2026-10-05
714864,天品群益63購01,2.26,0.03,TPEx,2026-10-05
714865,世界群益63購05,1.75,-0.09,TPEx,2026-10-05
714866,竹陞群益63購03,1.43,-0.12,TPEx,2026-10-05
714867,威剛群益63購13,1.18,0.01,TPEx,2026-10-05
714868,威剛群益63購14,1.55,0.0,TPEx,2026-10-05
714869,博盛群益63購02,1.57,0.06,TPEx,2026-10-05
714870,順達群益63購08,3.77,0.0,TPEx,2026-10-05
714872,新應材群益63購08,1.71,0.15,TPEx,2026-10-05
714873,新應材群益63購09,4.5,0.38,TPEx,2026-10-05
714874,群聯群益63購16,4.14,0.07,TPEx,2026-10-05
714875,頎邦群益64購01,1.66,-0.05,TPEx,2026-10-05
714876,臺慶科群益64購01,1.54,0.05,TPEx,2026-10-05
714877,環球晶群益63購07,3.73,0.2,TPEx,2026-10-05
714878,環球晶群益63購08,2.9,0.46,TPEx,2026-10-05
714879,天品統一71購01,0.78,0.01,TPEx,2026-10-05
714882,穩懋統一69購02,1.05,0.08,TPEx,2026-10-05
714883,台半群益64購01,2.22,0.21,TPEx,2026-10-05
714884,台燿群益64購01,2.47,0.56,TPEx,2026-10-05
714885,宏捷科群益63購04,1.83,0.35,TPEx,2026-10-05
714886,沛亨群益64購02,1.18,-0.01,TPEx,2026-10-05
714887,欣銓群益63購04,3.15,-0.17,TPEx,2026-10-05
714888,家登群益63購09,2.35,0.12,TPEx,2026-10-05
714890,環球晶群益63購09,3.2,-0.09,TPEx,2026-10-05
714892,宜鼎中信66購01,0.58,-0.01,TPEx,2026-10-05
714893,均華永豐64購02,1.0,0.07,TPEx,2026-10-05
714894,宏捷科永豐63購02,1.47,0.2,TPEx,2026-10-05
714895,宏捷科永豐64購02,1.61,0.32,TPEx,2026-10-05
714896,良維永豐64購02,2.29,0.07,TPEx,2026-10-05
714897,宜鼎永豐63購09,1.36,-0.03,TPEx,2026-10-05
714898,宜鼎永豐64購04,3.2,0.05,TPEx,2026-10-05
714899,家登永豐63購05,2.33,0.18,TPEx,2026-10-05
714900,群聯永豐63購12,4.55,0.0,TPEx,2026-10-05
714901,大綜元大63購01,2.09,0.1,TPEx,2026-10-05
714902,台燿元大63購02,2.12,0.48,TPEx,2026-10-05
714903,台燿元大63購03,1.81,0.39,TPEx,2026-10-05
714904,台燿元大64購06,2.09,0.58,TPEx,2026-10-05
714905,台燿元大65購02,1.98,0.4,TPEx,2026-10-05
714906,印能元大63購05,1.73,-0.04,TPEx,2026-10-05
714907,沛亨元大63購09,1.14,-0.03,TPEx,2026-10-05
714908,宜鼎元大68購01,1.01,0.0,TPEx,2026-10-05
714909,威剛元大63購18,2.43,-0.07,TPEx,2026-10-05
714910,家登元大63購04,2.26,0.13,TPEx,2026-10-05
714911,家登元大64購04,2.19,0.2,TPEx,2026-10-05
714912,晶宏元大63購05,0.85,0.09,TPEx,2026-10-05
714913,順達元大63購12,1.61,0.0,TPEx,2026-10-05
714914,順達元大66購01,1.62,0.09,TPEx,2026-10-05
714915,群聯元大63購35,1.55,0.01,TPEx,2026-10-05
714916,群聯元大67購02,1.63,0.05,TPEx,2026-10-05
714917,群聯元大68購06,1.7,0.02,TPEx,2026-10-05
714918,德微元大63購02,2.99,-0.04,TPEx,2026-10-05
714919,營邦元大63購09,1.6,0.18,TPEx,2026-10-05
714920,環球晶元大68購12,2.21,0.06,TPEx,2026-10-05
714921,台半國票66購02,1.34,0.14,TPEx,2026-10-05
714923,茂綸國票66購01,1.01,0.1,TPEx,2026-10-05
714924,能率亞國票66購01,0.92,-0.04,TPEx,2026-10-05
714925,翔名國票69購01,1.07,0.17,TPEx,2026-10-05
714929,穩懋國票6A購01,2.2,0.2,TPEx,2026-10-05
714930,弘塑富邦63購04,1.15,0.11,TPEx,2026-10-05
714931,良維富邦64購03,0.83,0.06,TPEx,2026-10-05
714932,宜鼎富邦63購05,0.77,0.0,TPEx,2026-10-05
714933,環球晶富邦63購02,1.36,0.05,TPEx,2026-10-05
714934,順達國泰64購02,1.93,0.03,TPEx,2026-10-05
714935,宏碁資台新63購01,1.4,0.08,TPEx,2026-10-05
714938,高技台新63購02,2.4,0.18,TPEx,2026-10-05
714939,創新服台新64購01,1.15,-0.01,TPEx,2026-10-05
714940,德微台新63購02,2.14,-0.3,TPEx,2026-10-05
714941,德微台新63購03,1.67,-0.28,TPEx,2026-10-05
714942,環球晶台新69購01,1.3,-0.1,TPEx,2026-10-05
714943,穩懋台新69購01,1.61,0.09,TPEx,2026-10-05
714944,大綜凱基63購02,2.82,0.2,TPEx,2026-10-05
714945,中美晶凱基63購09,3.45,-0.44,TPEx,2026-10-05
714946,宏捷科凱基63購04,1.95,0.48,TPEx,2026-10-05
714950,茂綸凱基63購02,1.81,0.36,TPEx,2026-10-05
714951,晶呈凱基63購02,1.9,-0.2,TPEx,2026-10-05
714952,群聯凱基65購02,3.04,0.02,TPEx,2026-10-05
714953,擎亞凱基64購01,1.94,0.06,TPEx,2026-10-05
714954,環球晶凱基64購05,4.05,0.13,TPEx,2026-10-05
714955,台嘉碩台新66購01,3.49,0.05,TPEx,2026-10-05
714956,立敦台新63購01,3.11,-0.1,TPEx,2026-10-05
714957,欣銓台新63購01,4.79,-0.17,TPEx,2026-10-05
714958,鈺創台新63購01,1.81,-0.01,TPEx,2026-10-05
714959,鈺創台新63購02,3.51,-0.19,TPEx,2026-10-05
714960,鈺創台新63購03,1.37,-0.06,TPEx,2026-10-05
714961,鈺創台新63購04,1.19,-0.08,TPEx,2026-10-05
714962,鈺創台新69購01,1.01,-0.03,TPEx,2026-10-05
714963,頎邦台新63購04,3.7,0.0,TPEx,2026-10-05
714965,台燿凱基63購06,4.48,1.6,TPEx,2026-10-05
714966,印能凱基63購05,2.09,-0.2,TPEx,2026-10-05
714967,東捷凱基67購01,2.2,-0.18,TPEx,2026-10-05
714968,威剛凱基63購16,1.95,-0.03,TPEx,2026-10-05
714969,富喬凱基63購04,2.28,0.23,TPEx,2026-10-05
714970,富喬凱基63購05,2.07,0.23,TPEx,2026-10-05
714971,富喬凱基63購06,2.05,0.35,TPEx,2026-10-05
714972,富喬凱基63購07,2.02,0.19,TPEx,2026-10-05
714973,富喬凱基63購09,2.12,0.29,TPEx,2026-10-05
714975,鈺創凱基63購01,1.42,-0.17,TPEx,2026-10-05
714976,鈺創凱基63購02,1.53,-0.14,TPEx,2026-10-05
714977,鈺創凱基63購03,1.73,-0.11,TPEx,2026-10-05
714978,穩懋凱基63購12,7.0,-0.4,TPEx,2026-10-05
714979,天品國票64購01,1.77,0.0,TPEx,2026-10-05
714980,台燿國票65購01,1.56,0.34,TPEx,2026-10-05
714982,原相國票64購01,1.53,0.06,TPEx,2026-10-05
714983,創新服國票64購01,1.45,-0.02,TPEx,2026-10-05
714984,富喬國票64購02,1.44,0.18,TPEx,2026-10-05
714985,富喬國票65購02,1.51,0.17,TPEx,2026-10-05
714986,華電網國票64購01,1.04,0.07,TPEx,2026-10-05
714987,鈺創國票65購01,1.22,-0.07,TPEx,2026-10-05
714989,台燿元大65購03,2.3,0.44,TPEx,2026-10-05
714990,台燿元大68購01,1.97,0.32,TPEx,2026-10-05
714991,竹陞元大66購01,1.09,0.06,TPEx,2026-10-05
714993,宜鼎元大68購02,0.93,-0.02,TPEx,2026-10-05
714994,威剛元大63購19,2.11,-0.03,TPEx,2026-10-05
714995,風青元大63購01,2.01,-0.59,TPEx,2026-10-05
714996,富喬元大63購07,0.82,0.1,TPEx,2026-10-05
714997,富喬元大63購08,0.82,0.11,TPEx,2026-10-05
714998,晶宏元大63購06,0.69,0.01,TPEx,2026-10-05
714999,群聯元大63購36,1.39,-0.05,TPEx,2026-10-05
715000,群聯元大63購37,1.48,0.05,TPEx,2026-10-05
715001,群聯元大64購16,1.24,0.06,TPEx,2026-10-05
715002,鈺創元大63購01,0.92,-0.04,TPEx,2026-10-05
715003,鈺創元大63購02,0.94,-0.05,TPEx,2026-10-05
715004,霖宏元大63購01,1.44,0.23,TPEx,2026-10-05
715005,擎亞元大66購01,1.31,0.02,TPEx,2026-10-05
715006,營邦元大63購10,0.76,0.05,TPEx,2026-10-05
715007,環球晶元大68購13,2.67,-0.02,TPEx,2026-10-05
715009,台嘉碩永豐63購01,1.47,0.11,TPEx,2026-10-05
715010,台燿永豐63購06,3.06,0.8,TPEx,2026-10-05
715011,台燿永豐64購05,3.05,0.64,TPEx,2026-10-05
715014,杰力永豐64購02,0.9,0.01,TPEx,2026-10-05
715019,富喬永豐63購03,1.22,0.14,TPEx,2026-10-05
715020,富喬永豐63購04,1.03,0.13,TPEx,2026-10-05
715021,富喬永豐63購05,0.92,0.07,TPEx,2026-10-05
715022,富喬永豐64購03,1.42,0.18,TPEx,2026-10-05
715024,鈺創永豐63購01,1.0,-0.04,TPEx,2026-10-05
715025,鈺創永豐63購02,1.01,-0.06,TPEx,2026-10-05
715026,鈺創永豐63購03,1.01,-0.03,TPEx,2026-10-05
715027,鈺創永豐63購04,0.98,-0.05,TPEx,2026-10-05
715028,鈺創永豐64購01,1.55,-0.06,TPEx,2026-10-05
715029,廣穎永豐63購01,0.86,0.01,TPEx,2026-10-05
715030,霖宏永豐63購01,1.1,0.06,TPEx,2026-10-05
715031,環球晶永豐63購11,1.94,0.38,TPEx,2026-10-05
715032,環球晶永豐63購12,2.85,-0.18,TPEx,2026-10-05
715033,台燿中信63購02,1.59,0.32,TPEx,2026-10-05
715034,富喬中信64購04,0.73,0.09,TPEx,2026-10-05
715035,富喬國泰64購01,2.24,0.35,TPEx,2026-10-05
715036,富喬國泰64購02,1.96,0.41,TPEx,2026-10-05
715037,宜鼎富邦63購06,0.52,0.01,TPEx,2026-10-05
715038,富喬富邦63購02,0.85,0.12,TPEx,2026-10-05
715039,德微富邦63購02,0.86,-0.1,TPEx,2026-10-05
715040,穩懋富邦66購01,1.32,0.11,TPEx,2026-10-05
715041,M31群益63購04,1.95,-0.01,TPEx,2026-10-05
715042,中美晶群益63購07,4.26,-0.22,TPEx,2026-10-05
715043,弘塑群益64購02,1.83,0.23,TPEx,2026-10-05
715044,印能群益64購01,1.43,-0.05,TPEx,2026-10-05
715045,欣銓群益63購05,1.5,-0.08,TPEx,2026-10-05
715046,環球晶群益63購10,3.07,-0.1,TPEx,2026-10-05
715047,穩懋群益63購11,3.67,0.6,TPEx,2026-10-05
715048,譜瑞群益63購02,1.43,-0.01,TPEx,2026-10-05
715049,台半統一66購01,0.92,0.15,TPEx,2026-10-05
715050,台燿統一79購02,1.04,0.14,TPEx,2026-10-05
715051,金山電統一6C購03,0.68,-0.04,TPEx,2026-10-05
715052,富喬統一68購01,0.68,0.07,TPEx,2026-10-05
715053,富喬統一69購01,0.73,0.05,TPEx,2026-10-05
715055,富喬統一79購01,0.75,0.03,TPEx,2026-10-05
715056,群聯統一6B購02,0.6,0.0,TPEx,2026-10-05
715057,鈺創統一68購01,0.68,-0.02,TPEx,2026-10-05
715058,鈺創統一69購01,0.72,-0.03,TPEx,2026-10-05
715059,鈺創統一71購01,0.67,-0.02,TPEx,2026-10-05
715060,鈺創統一79購01,0.61,-0.01,TPEx,2026-10-05
715061,旺矽台新63購01,1.97,0.22,TPEx,2026-10-05
715062,旺矽台新63購02,6.0,0.5,TPEx,2026-10-05
715063,旺矽台新63購03,1.47,0.16,TPEx,2026-10-05
715064,旺矽台新63購04,4.37,0.62,TPEx,2026-10-05
715065,旺矽台新63購05,0.69,0.03,TPEx,2026-10-05
715066,旺矽台新69購01,1.61,0.16,TPEx,2026-10-05
715068,群聯台新69購01,1.36,0.03,TPEx,2026-10-05
715069,群聯台新69購02,1.14,0.02,TPEx,2026-10-05
715071,點序台新63購01,2.01,-0.28,TPEx,2026-10-05
715072,弘塑凱基63購09,2.52,0.3,TPEx,2026-10-05
715073,印能凱基63購06,2.08,-0.12,TPEx,2026-10-05
715075,均華凱基63購04,1.22,0.23,TPEx,2026-10-05
715076,宜鼎凱基66購02,1.96,0.01,TPEx,2026-10-05
715077,旺矽凱基63購03,1.74,0.14,TPEx,2026-10-05
715078,旺矽凱基63購04,1.91,0.24,TPEx,2026-10-05
715079,旺矽凱基63購05,1.74,0.24,TPEx,2026-10-05
715080,旺矽凱基63購06,2.24,0.22,TPEx,2026-10-05
715081,旺矽凱基63購07,1.66,0.2,TPEx,2026-10-05
715082,旺矽凱基63購08,2.06,0.21,TPEx,2026-10-05
715084,旺矽凱基65購02,1.67,0.18,TPEx,2026-10-05
715085,旺矽凱基65購03,2.17,0.23,TPEx,2026-10-05
715086,旺矽凱基67購01,1.9,0.14,TPEx,2026-10-05
715087,旺矽凱基67購02,2.37,0.17,TPEx,2026-10-05
715088,富喬凱基65購02,1.71,0.16,TPEx,2026-10-05
715090,頎邦凱基64購05,1.16,-0.14,TPEx,2026-10-05
715091,環球晶凱基63購05,4.57,0.22,TPEx,2026-10-05
715092,穩懋凱基63購14,4.57,0.57,TPEx,2026-10-05
715093,譜瑞凱基65購03,2.62,0.01,TPEx,2026-10-05
715094,大綜元大63購02,1.76,-0.02,TPEx,2026-10-05
715095,天品元大63購01,1.35,-0.01,TPEx,2026-10-05
715096,竹陞元大64購01,0.86,0.0,TPEx,2026-10-05
715097,竹陞元大66購02,0.97,-0.02,TPEx,2026-10-05
715100,旺矽元大63購01,1.21,0.13,TPEx,2026-10-05
715101,旺矽元大63購02,1.13,0.1,TPEx,2026-10-05
715102,旺矽元大63購03,0.92,0.09,TPEx,2026-10-05
715103,旺矽元大65購01,1.33,0.12,TPEx,2026-10-05
715104,旺矽元大67購01,1.35,0.1,TPEx,2026-10-05
715105,旺矽元大68購01,1.48,0.12,TPEx,2026-10-05
715106,晶宏元大63購07,0.86,0.05,TPEx,2026-10-05
715107,雅特力元大63購06,1.16,-0.09,TPEx,2026-10-05
715108,群聯元大63購38,1.38,0.06,TPEx,2026-10-05
715109,群聯元大63購39,1.3,0.01,TPEx,2026-10-05
715110,群聯元大66購08,1.31,0.0,TPEx,2026-10-05
715111,營邦元大63購11,1.0,0.05,TPEx,2026-10-05
715112,環球晶元大63購13,3.02,0.41,TPEx,2026-10-05
715114,大綜國票65購01,1.95,0.05,TPEx,2026-10-05
715118,宏碁資國票68購01,0.69,0.02,TPEx,2026-10-05
715120,旺矽國票64購01,1.42,0.12,TPEx,2026-10-05
715121,旺矽國票65購01,1.36,0.12,TPEx,2026-10-05
715127,華景電國票65購03,1.1,0.12,TPEx,2026-10-05
715128,聖暉*國票65購04,1.1,-0.02,TPEx,2026-10-05
715129,頎邦國票6A購01,1.17,-0.1,TPEx,2026-10-05
715130,穩懋國票6C購01,1.37,0.1,TPEx,2026-10-05
715131,大綜群益64購01,1.79,0.14,TPEx,2026-10-05
715132,中美晶群益63購08,1.73,-0.29,TPEx,2026-10-05
715133,台星科群益63購01,1.83,0.04,TPEx,2026-10-05
715134,巨漢群益63購01,2.02,0.18,TPEx,2026-10-05
715136,竹陞群益63購04,1.07,0.0,TPEx,2026-10-05
715138,良維群益63購04,1.85,0.15,TPEx,2026-10-05
715139,宜鼎群益63購09,1.22,0.05,TPEx,2026-10-05
715140,旺矽群益63購02,1.94,0.25,TPEx,2026-10-05
715141,旺矽群益63購03,2.1,0.24,TPEx,2026-10-05
715142,旺矽群益63購04,3.1,0.32,TPEx,2026-10-05
715143,東捷群益63購04,1.9,-0.24,TPEx,2026-10-05
715144,南俊群益64購01,1.31,0.08,TPEx,2026-10-05
715145,順達群益63購09,1.45,0.03,TPEx,2026-10-05
715146,群聯群益63購17,1.71,0.05,TPEx,2026-10-05
715147,聖暉*群益63購02,1.65,0.06,TPEx,2026-10-05
715148,鈺創群益63購01,1.44,-0.09,TPEx,2026-10-05
715149,鈺創群益64購01,1.77,-0.08,TPEx,2026-10-05
715150,頎邦群益63購07,0.93,-0.12,TPEx,2026-10-05
715151,頎邦群益63購08,1.27,-0.03,TPEx,2026-10-05
715152,環球晶群益63購11,2.66,-0.22,TPEx,2026-10-05
715153,順達國泰64購03,1.59,0.08,TPEx,2026-10-05
715154,世界富邦66購01,0.82,-0.02,TPEx,2026-10-05
715155,均華富邦65購02,0.66,0.03,TPEx,2026-10-05
715156,旺矽富邦65購01,0.84,0.04,TPEx,2026-10-05
715157,旺矽富邦69購01,1.2,0.1,TPEx,2026-10-05
715158,昇達科富邦67購01,0.89,0.14,TPEx,2026-10-05
715159,原相富邦63購01,0.66,0.0,TPEx,2026-10-05
715160,富喬富邦6C購01,0.77,0.07,TPEx,2026-10-05
715161,新應材富邦69購01,0.92,0.05,TPEx,2026-10-05
715162,德微富邦63購03,1.07,-0.19,TPEx,2026-10-05
715163,中美晶統一69購01,0.83,-0.08,TPEx,2026-10-05
715164,世界統一69購01,0.82,0.0,TPEx,2026-10-05
715165,台嘉碩統一69購01,0.82,0.03,TPEx,2026-10-05
715166,竹陞統一79購01,0.71,0.0,TPEx,2026-10-05
715167,旺矽統一67購01,1.05,0.08,TPEx,2026-10-05
715168,旺矽統一67購02,1.38,0.1,TPEx,2026-10-05
715170,欣銓統一6C購02,0.63,-0.01,TPEx,2026-10-05
715172,鈺創統一69購02,0.75,0.0,TPEx,2026-10-05
715174,環球晶統一69購01,0.96,0.0,TPEx,2026-10-05
715175,世界中信66購01,1.02,-0.05,TPEx,2026-10-05
715176,旺矽中信63購01,0.56,0.06,TPEx,2026-10-05
715177,順達中信63購01,0.85,0.04,TPEx,2026-10-05
715178,群聯中信63購03,0.58,0.0,TPEx,2026-10-05
715179,天品永豐66購01,1.24,0.02,TPEx,2026-10-05
715180,均華永豐65購01,0.93,0.01,TPEx,2026-10-05
715181,宏碁資永豐63購02,0.68,0.03,TPEx,2026-10-05
715182,良維永豐64購03,1.85,0.07,TPEx,2026-10-05
715183,旺矽永豐63購01,1.07,0.11,TPEx,2026-10-05
715184,旺矽永豐63購02,0.8,0.08,TPEx,2026-10-05
715185,旺矽永豐63購03,0.73,0.1,TPEx,2026-10-05
715186,旺矽永豐66購01,1.29,0.14,TPEx,2026-10-05
715187,旺矽永豐66購02,1.12,0.08,TPEx,2026-10-05
715188,旺矽永豐69購01,1.43,0.02,TPEx,2026-10-05
715189,昇達科永豐64購01,1.01,0.17,TPEx,2026-10-05
715190,欣銓永豐63購02,1.04,-0.01,TPEx,2026-10-05
715191,倚強永豐63購01,4.46,-0.06,TPEx,2026-10-05
715193,富喬永豐65購03,0.98,0.1,TPEx,2026-10-05
715194,聖暉*永豐63購03,1.41,0.04,TPEx,2026-10-05
715195,頎邦永豐65購03,1.31,-0.17,TPEx,2026-10-05
715196,穩懋永豐63購09,1.49,0.25,TPEx,2026-10-05
715197,台星科台新63購01,1.45,-0.14,TPEx,2026-10-05
715200,旺矽台新63購06,2.43,0.08,TPEx,2026-10-05
715201,欣銓台新63購03,1.27,-0.06,TPEx,2026-10-05
715202,欣銓台新63購04,1.14,-0.09,TPEx,2026-10-05
715203,威剛台新63購05,0.97,0.01,TPEx,2026-10-05
715205,威剛台新66購03,1.65,0.0,TPEx,2026-10-05
715208,富喬台新63購01,1.68,0.26,TPEx,2026-10-05
715209,富喬台新63購02,1.63,0.24,TPEx,2026-10-05
715210,順達台新65購01,2.1,0.1,TPEx,2026-10-05
715211,新盛力台新63購01,1.22,0.01,TPEx,2026-10-05
715214,點序台新66購01,1.3,-0.03,TPEx,2026-10-05
715216,大綜凱基64購01,2.21,0.25,TPEx,2026-10-05
715217,中美晶凱基63購10,2.36,-0.23,TPEx,2026-10-05
715218,世界凱基63購08,2.21,-0.12,TPEx,2026-10-05
715219,台星科凱基64購01,0.95,-0.14,TPEx,2026-10-05
715220,均華凱基67購01,1.88,0.18,TPEx,2026-10-05
715222,良維凱基69購02,1.98,0.07,TPEx,2026-10-05
715225,青雲凱基64購02,1.88,-0.05,TPEx,2026-10-05
715226,倚強凱基63購02,2.35,0.02,TPEx,2026-10-05
715227,順達凱基63購11,2.18,0.1,TPEx,2026-10-05
715228,新盛力凱基63購01,1.89,0.04,TPEx,2026-10-05
715229,新盛力凱基63購02,2.18,0.11,TPEx,2026-10-05
715231,群聯凱基67購02,2.81,0.03,TPEx,2026-10-05
715233,頎邦凱基63購09,1.17,-0.17,TPEx,2026-10-05
715234,頎邦凱基63購10,1.28,0.01,TPEx,2026-10-05
715235,營邦凱基65購01,1.72,0.06,TPEx,2026-10-05
715236,環球晶凱基66購01,3.22,-0.05,TPEx,2026-10-05
715237,立端國票66購01,1.08,0.06,TPEx,2026-10-05
715239,家登國票64購03,1.7,0.12,TPEx,2026-10-05
715243,新盛力國票64購01,2.0,0.03,TPEx,2026-10-05
715244,新盛力國票65購01,1.9,-0.02,TPEx,2026-10-05
715247,聰泰國票65購01,0.62,-0.01,TPEx,2026-10-05
715248,中美晶永豐63購02,3.2,-0.07,TPEx,2026-10-05
715250,富喬永豐64購04,0.88,0.14,TPEx,2026-10-05
715251,華景電永豐64購01,1.9,0.22,TPEx,2026-10-05
715252,新盛力永豐63購02,1.39,0.08,TPEx,2026-10-05
715253,新盛力永豐64購01,1.55,0.01,TPEx,2026-10-05
715254,新盛力永豐65購01,1.52,-0.03,TPEx,2026-10-05
715256,頎邦永豐66購02,1.33,-0.1,TPEx,2026-10-05
715257,旺矽中信63購02,0.75,0.1,TPEx,2026-10-05
715258,環球晶中信63購02,1.25,0.11,TPEx,2026-10-05
715259,千附精元大65購01,1.28,0.0,TPEx,2026-10-05
715260,天品元大63購02,1.41,0.06,TPEx,2026-10-05
715261,竹陞元大63購04,1.03,-0.06,TPEx,2026-10-05
715262,竹陞元大64購02,1.06,-0.01,TPEx,2026-10-05
715263,竹陞元大67購01,0.97,-0.06,TPEx,2026-10-05
715264,宏碁資元大63購01,1.27,0.08,TPEx,2026-10-05
715265,宜鼎元大63購17,0.85,0.01,TPEx,2026-10-05
715266,宜鼎元大63購18,0.68,0.01,TPEx,2026-10-05
715267,旺矽元大65購02,1.69,0.17,TPEx,2026-10-05
715268,旺矽元大67購02,1.45,0.11,TPEx,2026-10-05
715269,旺矽元大68購02,1.35,0.11,TPEx,2026-10-05
715270,東捷元大63購05,1.18,-0.11,TPEx,2026-10-05
715271,東捷元大63購06,1.07,-0.13,TPEx,2026-10-05
715272,東捷元大63購07,0.97,-0.14,TPEx,2026-10-05
715273,東捷元大66購01,0.58,-0.06,TPEx,2026-10-05
715274,威剛元大67購03,1.53,-0.19,TPEx,2026-10-05
715275,倚強元大63購01,1.51,0.0,TPEx,2026-10-05
715276,富喬元大63購10,0.97,0.13,TPEx,2026-10-05
715277,富喬元大63購11,0.87,0.12,TPEx,2026-10-05
715278,富喬元大63購12,0.64,0.07,TPEx,2026-10-05
715279,富喬元大64購07,0.7,0.08,TPEx,2026-10-05
715280,新盛力元大69購01,1.67,0.06,TPEx,2026-10-05
715281,群聯元大63購40,1.07,0.03,TPEx,2026-10-05
715282,群聯元大66購09,0.65,0.01,TPEx,2026-10-05
715285,鈺創元大63購03,1.05,-0.04,TPEx,2026-10-05
715286,鈺創元大63購04,0.68,-0.04,TPEx,2026-10-05
715287,磐亞元大63購01,2.28,0.04,TPEx,2026-10-05
715288,環球晶元大63購14,2.63,0.03,TPEx,2026-10-05
715289,宜鼎群益63購10,1.28,-0.01,TPEx,2026-10-05
715290,宜鼎群益63購11,1.16,-0.01,TPEx,2026-10-05
715291,旺矽群益65購01,0.93,0.09,TPEx,2026-10-05
715292,宣德群益63購01,1.14,0.0,TPEx,2026-10-05
715293,倚強群益63購02,3.22,0.06,TPEx,2026-10-05
715295,新盛力群益63購02,1.51,0.0,TPEx,2026-10-05
715296,新盛力群益63購03,1.57,0.0,TPEx,2026-10-05
715297,群聯群益63購18,2.17,0.0,TPEx,2026-10-05
715298,頎邦群益63購10,3.1,-0.33,TPEx,2026-10-05
715299,環球晶群益64購02,2.18,-0.09,TPEx,2026-10-05
715300,中美晶國泰64購02,1.79,-0.19,TPEx,2026-10-05
715301,宜鼎國泰64購01,1.61,0.0,TPEx,2026-10-05
715302,旺矽國泰64購01,1.09,0.12,TPEx,2026-10-05
715303,新盛力國泰64購01,1.92,-0.04,TPEx,2026-10-05
715304,新盛力國泰64購02,1.65,0.09,TPEx,2026-10-05
715305,德微國泰64購02,1.81,-0.33,TPEx,2026-10-05
715306,旺矽富邦66購01,0.98,0.07,TPEx,2026-10-05
715307,創新服富邦64購01,0.62,-0.01,TPEx,2026-10-05
715309,新盛力富邦65購01,0.89,0.01,TPEx,2026-10-05
715310,新盛力富邦66購01,0.75,0.04,TPEx,2026-10-05
715311,頎邦富邦63購04,0.42,-0.03,TPEx,2026-10-05
715312,旺矽統一63購07,1.05,0.09,TPEx,2026-10-05
715316,富喬統一6C購03,0.61,0.05,TPEx,2026-10-05
715317,富喬統一6C購04,0.78,0.07,TPEx,2026-10-05
715318,新盛力統一67購02,0.76,0.0,TPEx,2026-10-05
715319,新盛力統一69購02,0.74,0.02,TPEx,2026-10-05
715321,新盛力統一79購01,0.87,0.02,TPEx,2026-10-05
715323,頎邦統一6C購02,0.53,-0.01,TPEx,2026-10-05
715325,中美晶台新63購04,1.72,-0.14,TPEx,2026-10-05
715326,天品台新63購01,2.08,0.09,TPEx,2026-10-05
715327,天品台新65購01,2.01,-0.03,TPEx,2026-10-05
715328,世界台新63購03,2.68,-0.11,TPEx,2026-10-05
715329,世界台新63購04,2.25,-0.06,TPEx,2026-10-05
715330,光焱台新64購01,1.08,-0.05,TPEx,2026-10-05
715333,旺矽台新63購07,4.07,0.4,TPEx,2026-10-05
715334,旺矽台新63購08,2.69,0.18,TPEx,2026-10-05
715335,南俊台新63購03,1.41,0.15,TPEx,2026-10-05
715336,倚強台新65購01,2.29,-0.17,TPEx,2026-10-05
715337,富喬台新63購05,1.45,0.22,TPEx,2026-10-05
715338,富喬台新63購06,1.43,0.17,TPEx,2026-10-05
715339,順達台新66購01,2.0,0.1,TPEx,2026-10-05
715340,新盛力台新63購02,3.08,-0.12,TPEx,2026-10-05
715341,萬泰科台新63購01,2.49,0.6,TPEx,2026-10-05
715342,雷科台新63購01,2.05,-0.01,TPEx,2026-10-05
715343,頎邦台新63購06,2.3,-0.21,TPEx,2026-10-05
715344,環球晶台新64購03,17.1,0.7,TPEx,2026-10-05
715345,環球晶台新64購04,11.7,0.5,TPEx,2026-10-05
715346,M31凱基63購05,1.72,-0.03,TPEx,2026-10-05
715347,光頡凱基63購04,3.14,-0.06,TPEx,2026-10-05
715348,光頡凱基66購01,2.52,-0.24,TPEx,2026-10-05
715351,旺矽凱基65購04,2.58,0.28,TPEx,2026-10-05
715352,金山電凱基63購03,1.64,-0.11,TPEx,2026-10-05
715353,金山電凱基63購04,1.86,-0.09,TPEx,2026-10-05
715354,威剛凱基66購01,1.91,-0.02,TPEx,2026-10-05
715356,博智凱基63購07,1.27,0.2,TPEx,2026-10-05
715357,富喬凱基65購03,1.62,0.14,TPEx,2026-10-05
715358,富喬凱基67購01,1.65,0.15,TPEx,2026-10-05
715360,群聯凱基69購02,1.8,0.0,TPEx,2026-10-05
715361,頎邦凱基63購11,3.18,-0.49,TPEx,2026-10-05
715362,德微凱基63購03,2.21,-0.34,TPEx,2026-10-05
715363,環球晶凱基64購06,2.04,0.05,TPEx,2026-10-05
715367,茂綸國票6A購01,0.93,0.04,TPEx,2026-10-05
715369,天品元大63購03,1.11,0.0,TPEx,2026-10-05
715370,光頡元大65購01,1.96,-0.06,TPEx,2026-10-05
715371,光頡元大66購01,1.86,-0.02,TPEx,2026-10-05
715372,光頡元大69購01,0.99,0.05,TPEx,2026-10-05
715373,旺矽元大63購05,1.36,0.12,TPEx,2026-10-05
715374,旺矽元大63購06,2.09,0.19,TPEx,2026-10-05
715375,旺矽元大63購07,1.68,0.16,TPEx,2026-10-05
715376,東捷元大63購08,1.38,-0.1,TPEx,2026-10-05
715379,東捷元大66購02,0.68,-0.01,TPEx,2026-10-05
715380,欣銓元大63購06,1.35,-0.06,TPEx,2026-10-05
715381,欣銓元大65購02,0.96,-0.04,TPEx,2026-10-05
715382,欣銓元大66購01,0.5,-0.02,TPEx,2026-10-05
715384,富喬元大63購13,0.98,0.1,TPEx,2026-10-05
715385,富喬元大63購14,0.92,0.1,TPEx,2026-10-05
715386,晶呈元大63購02,1.05,-0.09,TPEx,2026-10-05
715387,群聯元大63購41,1.23,0.03,TPEx,2026-10-05
715388,群聯元大63購42,1.14,0.03,TPEx,2026-10-05
715389,群聯元大63購43,1.09,0.04,TPEx,2026-10-05
715390,環球晶元大63購15,1.06,-0.21,TPEx,2026-10-05
715391,光頡中信63購02,1.04,0.09,TPEx,2026-10-05
715392,欣銓中信66購01,0.51,-0.02,TPEx,2026-10-05
715393,高技中信63購01,0.74,0.05,TPEx,2026-10-05
715394,環球晶中信64購01,1.21,0.14,TPEx,2026-10-05
715396,世界永豐66購02,2.32,-0.06,TPEx,2026-10-05
715397,旺矽永豐67購01,1.16,0.11,TPEx,2026-10-05
715398,旺矽永豐67購02,0.97,0.09,TPEx,2026-10-05
715399,欣銓永豐63購03,1.06,0.01,TPEx,2026-10-05
715401,新盛力永豐66購01,1.08,-0.01,TPEx,2026-10-05
715402,碩禾永豐64購01,0.68,-0.15,TPEx,2026-10-05
715403,光頡國泰64購03,2.69,0.16,TPEx,2026-10-05
715407,東捷富邦64購01,0.76,-0.02,TPEx,2026-10-05
715408,欣銓富邦63購02,0.33,-0.03,TPEx,2026-10-05
715409,群聯富邦65購09,0.71,-0.04,TPEx,2026-10-05
715410,群聯富邦66購03,0.74,0.02,TPEx,2026-10-05
715411,頎邦富邦65購03,0.64,-0.04,TPEx,2026-10-05
715412,頎邦富邦66購02,0.62,-0.03,TPEx,2026-10-05
715413,環球晶富邦63購03,1.07,0.12,TPEx,2026-10-05
715414,M31統一79購01,0.65,0.0,TPEx,2026-10-05
715415,光頡統一69購02,0.94,0.0,TPEx,2026-10-05
715417,光頡統一79購03,0.85,-0.01,TPEx,2026-10-05
715418,安葆統一74購02,0.67,0.0,TPEx,2026-10-05
715419,均華統一6C購02,0.66,0.04,TPEx,2026-10-05
715421,昇達科統一69購01,0.91,0.14,TPEx,2026-10-05
715424,茂迪統一67購03,0.64,-0.03,TPEx,2026-10-05
715427,頎邦統一79購01,0.56,-0.03,TPEx,2026-10-05
715428,M31群益63購05,1.23,-0.05,TPEx,2026-10-05
715429,中美晶群益63購09,2.4,-0.41,TPEx,2026-10-05
715430,世界群益63購07,1.24,-0.07,TPEx,2026-10-05
715432,弘塑群益63購07,1.08,0.12,TPEx,2026-10-05
715433,光頡群益66購02,2.36,0.12,TPEx,2026-10-05
715434,光頡群益69購01,3.45,-0.14,TPEx,2026-10-05
715435,均豪群益63購02,1.46,0.01,TPEx,2026-10-05
715436,旺矽群益68購01,1.08,0.1,TPEx,2026-10-05
715438,欣銓群益66購01,0.52,-0.06,TPEx,2026-10-05
715441,順達群益64購01,1.49,0.04,TPEx,2026-10-05
715442,新盛力群益66購01,1.81,0.0,TPEx,2026-10-05
715443,新盛力群益69購01,3.42,-0.09,TPEx,2026-10-05
715444,新應材群益67購01,0.97,0.1,TPEx,2026-10-05
715445,群聯群益63購19,1.39,-0.05,TPEx,2026-10-05
715446,頎邦群益63購11,1.61,-0.23,TPEx,2026-10-05
715447,德微群益63購02,2.94,-0.68,TPEx,2026-10-05
715450,台星科凱基65購01,1.39,-0.09,TPEx,2026-10-05
715451,光頡凱基63購05,2.11,0.07,TPEx,2026-10-05
715453,宜鼎凱基65購03,1.28,0.02,TPEx,2026-10-05
715454,宜鼎凱基69購01,1.7,-0.04,TPEx,2026-10-05
715455,高技凱基64購01,1.89,0.17,TPEx,2026-10-05
715456,富喬凱基65購04,1.74,0.25,TPEx,2026-10-05
715457,順達凱基63購12,1.99,0.09,TPEx,2026-10-05
715458,順達凱基66購02,1.8,0.0,TPEx,2026-10-05
715460,聖暉*凱基68購01,1.84,0.04,TPEx,2026-10-05
715461,德微凱基63購04,2.21,-0.02,TPEx,2026-10-05
715463,環球晶凱基69購03,1.69,-0.13,TPEx,2026-10-05
715466,環球晶中信63購03,2.01,0.02,TPEx,2026-10-05
715468,川寶永豐64購01,1.05,-0.22,TPEx,2026-10-05
715470,威剛永豐63購04,1.56,0.01,TPEx,2026-10-05
715471,威剛永豐64購04,1.14,0.0,TPEx,2026-10-05
715474,川寶台新63購02,0.5,-0.16,TPEx,2026-10-05
715476,博智台新63購01,1.31,0.1,TPEx,2026-10-05
715477,博智台新64購01,1.05,0.04,TPEx,2026-10-05
715478,富喬台新66購01,2.12,0.25,TPEx,2026-10-05
715480,德微台新64購02,1.88,0.12,TPEx,2026-10-05
715488,旺矽元大63購08,1.71,0.13,TPEx,2026-10-05
715489,旺矽元大63購09,0.78,0.05,TPEx,2026-10-05
715490,欣銓元大65購03,1.33,-0.06,TPEx,2026-10-05
715492,茂綸元大66購01,0.91,0.13,TPEx,2026-10-05
715493,高技元大63購11,1.66,0.11,TPEx,2026-10-05
715494,富喬元大63購15,0.64,0.11,TPEx,2026-10-05
715496,新盛力元大63購01,2.14,0.11,TPEx,2026-10-05
715497,新盛力元大67購01,1.67,0.09,TPEx,2026-10-05
715498,新盛力元大69購02,1.47,0.02,TPEx,2026-10-05
715499,群聯元大69購03,1.68,0.04,TPEx,2026-10-05
715500,環球晶元大63購16,1.36,0.09,TPEx,2026-10-05
715501,環球晶元大63購17,1.34,0.07,TPEx,2026-10-05
715502,環球晶元大66購06,1.53,0.07,TPEx,2026-10-05
715503,環球晶元大67購05,1.19,0.05,TPEx,2026-10-05
715504,川寶國票65購03,0.53,-0.11,TPEx,2026-10-05
715505,光頡國票64購02,1.76,0.13,TPEx,2026-10-05
715511,雷科國票65購02,2.39,-0.05,TPEx,2026-10-05
715512,廣閎科國票66購01,1.06,0.0,TPEx,2026-10-05
715513,德微國票66購01,0.97,-0.05,TPEx,2026-10-05
715514,環球晶國票64購05,3.2,0.61,TPEx,2026-10-05
715515,環球晶國票65購02,3.33,0.36,TPEx,2026-10-05
715516,光頡群益66購03,2.2,-0.1,TPEx,2026-10-05
715517,宜鼎群益64購02,1.63,0.01,TPEx,2026-10-05
715518,旺矽群益64購01,0.76,0.17,TPEx,2026-10-05
715519,南俊群益65購01,2.97,0.09,TPEx,2026-10-05
715521,新盛力群益66購02,1.91,0.09,TPEx,2026-10-05
715522,群聯群益63購20,1.93,0.07,TPEx,2026-10-05
715523,德微群益64購01,0.81,-0.09,TPEx,2026-10-05
715524,環球晶群益64購03,3.52,-0.38,TPEx,2026-10-05
715525,光頡國泰64購04,1.64,0.05,TPEx,2026-10-05
715526,宏捷科國泰64購02,2.36,0.56,TPEx,2026-10-05
715527,旺矽國泰64購02,0.96,0.12,TPEx,2026-10-05
715528,博智國泰64購01,1.65,0.13,TPEx,2026-10-05
715529,富喬國泰64購03,1.49,0.15,TPEx,2026-10-05
715530,富喬國泰64購04,1.27,0.12,TPEx,2026-10-05
715531,M31統一79購02,0.68,-0.01,TPEx,2026-10-05
715532,台星科統一69購01,0.66,0.02,TPEx,2026-10-05
715536,金山電統一6C購04,0.66,-0.02,TPEx,2026-10-05
715537,環球晶統一6C購02,1.04,0.02,TPEx,2026-10-05
715540,印能富邦65購03,0.72,-0.03,TPEx,2026-10-05
715541,印能富邦66購01,0.66,-0.03,TPEx,2026-10-05
715542,宜鼎富邦69購01,0.65,0.0,TPEx,2026-10-05
715543,順達富邦66購01,0.86,0.0,TPEx,2026-10-05
715544,鈊象富邦65購02,0.97,0.0,TPEx,2026-10-05
715546,天品台新63購02,1.05,-0.05,TPEx,2026-10-05
715549,鈊象台新63購02,2.27,-0.3,TPEx,2026-10-05
715550,雷科台新65購01,2.36,-0.05,TPEx,2026-10-05
715553,天品凱基63購02,1.37,0.09,TPEx,2026-10-05
715554,尼克森凱基63購01,1.01,0.26,TPEx,2026-10-05
715555,光頡凱基63購06,1.63,-0.17,TPEx,2026-10-05
715556,光頡凱基65購02,2.09,0.12,TPEx,2026-10-05
715557,光頡凱基65購03,2.22,-0.03,TPEx,2026-10-05
715558,宏捷科凱基63購05,2.27,0.56,TPEx,2026-10-05
715559,宏捷科凱基66購01,1.96,0.33,TPEx,2026-10-05
715560,宜鼎凱基63購15,1.58,0.03,TPEx,2026-10-05
715561,昇達科凱基65購01,1.6,0.17,TPEx,2026-10-05
715562,昇達科凱基66購01,2.2,0.3,TPEx,2026-10-05
715563,威剛凱基63購17,2.8,0.03,TPEx,2026-10-05
715565,威剛凱基66購02,2.15,0.0,TPEx,2026-10-05
715568,群聯凱基63購24,1.66,0.04,TPEx,2026-10-05
715569,群聯凱基63購25,1.56,0.05,TPEx,2026-10-05
715570,群聯凱基63購26,1.86,0.06,TPEx,2026-10-05
715571,群聯凱基65購03,2.02,0.02,TPEx,2026-10-05
715572,群聯凱基65購04,2.06,0.02,TPEx,2026-10-05
715573,雷科凱基69購01,1.43,0.0,TPEx,2026-10-05
715580,大綜元大63購03,2.03,0.05,TPEx,2026-10-05
715583,安葆元大63購02,1.06,0.06,TPEx,2026-10-05
715586,旺矽元大63購10,2.63,0.25,TPEx,2026-10-05
715587,旺矽元大63購11,2.28,0.18,TPEx,2026-10-05
715588,旺矽元大63購12,0.82,0.05,TPEx,2026-10-05
715589,茂綸元大66購02,0.89,0.12,TPEx,2026-10-05
715591,富喬元大69購01,0.72,0.07,TPEx,2026-10-05
715592,新盛力元大63購02,1.54,0.01,TPEx,2026-10-05
715593,群聯元大69購04,1.46,0.02,TPEx,2026-10-05
715594,雷科元大63購04,1.81,0.09,TPEx,2026-10-05
715595,雷科元大63購05,1.78,0.01,TPEx,2026-10-05
715596,雷科元大63購06,1.74,-0.07,TPEx,2026-10-05
715597,雷科元大65購01,1.83,0.06,TPEx,2026-10-05
715598,雷科元大68購01,1.05,0.03,TPEx,2026-10-05
715599,雷科元大68購02,1.02,0.03,TPEx,2026-10-05
715600,廣閎科元大66購01,0.67,0.03,TPEx,2026-10-05
715601,德微元大63購03,2.21,0.03,TPEx,2026-10-05
715602,德微元大65購01,2.01,0.02,TPEx,2026-10-05
715603,德微元大66購01,1.74,-0.01,TPEx,2026-10-05
715604,宏捷科中信63購02,1.3,0.26,TPEx,2026-10-05
715605,旺矽中信68購01,1.24,0.05,TPEx,2026-10-05
715606,鈊象中信68購01,0.75,0.01,TPEx,2026-10-05
715607,川寶國泰65購01,0.73,-0.24,TPEx,2026-10-05
715608,友威科國泰65購01,1.29,-0.03,TPEx,2026-10-05
715611,大江永豐65購01,0.84,-0.02,TPEx,2026-10-05
715617,旺矽永豐63購05,0.95,0.1,TPEx,2026-10-05
715624,大綜統一69購01,0.74,0.07,TPEx,2026-10-05
715626,川寶統一7A購01,0.52,-0.03,TPEx,2026-10-05
715627,光頡統一6B購01,0.68,-0.06,TPEx,2026-10-05
715628,光頡統一7A購01,0.7,-0.03,TPEx,2026-10-05
715631,宜鼎統一7A購01,0.75,0.01,TPEx,2026-10-05
715632,金山電統一75購01,0.72,0.02,TPEx,2026-10-05
715633,金山電統一7A購01,0.66,-0.02,TPEx,2026-10-05
715634,碩禾統一71購01,0.46,-0.03,TPEx,2026-10-05
715636,德微統一68購01,0.69,-0.09,TPEx,2026-10-05
715639,雷科國票69購01,2.52,0.14,TPEx,2026-10-05
715641,光頡群益65購03,1.67,-0.05,TPEx,2026-10-05
715642,印能群益65購02,1.47,-0.02,TPEx,2026-10-05
715643,印能群益66購01,2.16,-0.08,TPEx,2026-10-05
715644,宜鼎群益63購12,1.52,0.01,TPEx,2026-10-05
715645,旺矽群益65購02,1.09,0.12,TPEx,2026-10-05
715646,旺矽群益65購03,1.44,0.17,TPEx,2026-10-05
715647,昇達科群益63購01,1.34,0.13,TPEx,2026-10-05
715648,昇達科群益63購02,1.48,0.18,TPEx,2026-10-05
715649,昇達科群益65購01,1.83,0.32,TPEx,2026-10-05
715650,昇達科群益65購02,1.73,0.18,TPEx,2026-10-05
715652,順達群益63購10,2.12,0.05,TPEx,2026-10-05
715654,雷科群益63購03,3.27,0.18,TPEx,2026-10-05
715655,雷科群益65購01,2.13,0.05,TPEx,2026-10-05
715656,德微群益65購01,2.0,-0.16,TPEx,2026-10-05
715658,台星科富邦65購01,0.82,-0.07,TPEx,2026-10-05
715659,宏捷科富邦65購02,1.1,0.2,TPEx,2026-10-05
715661,昇達科富邦63購01,0.93,0.15,TPEx,2026-10-05
715662,東捷富邦65購02,0.76,-0.09,TPEx,2026-10-05
715665,富喬富邦66購02,0.77,0.06,TPEx,2026-10-05
715666,新盛力富邦65購02,0.79,-0.01,TPEx,2026-10-05
715667,營邦富邦66購03,0.68,0.06,TPEx,2026-10-05
715669,光頡台新64購01,2.44,0.23,TPEx,2026-10-05
715670,光頡台新64購02,2.22,-0.1,TPEx,2026-10-05
715671,系統電台新64購01,1.73,0.14,TPEx,2026-10-05
715672,東捷台新64購01,1.13,-0.16,TPEx,2026-10-05
715673,欣銓台新6A購01,2.34,-0.12,TPEx,2026-10-05
715674,是方台新6A購01,2.24,0.03,TPEx,2026-10-05
715675,富喬台新64購01,2.09,0.23,TPEx,2026-10-05
715677,陽程台新64購01,2.07,0.34,TPEx,2026-10-05
715678,陽程台新64購02,2.09,0.25,TPEx,2026-10-05
715679,陽程台新64購03,1.89,0.26,TPEx,2026-10-05
715680,新應材台新65購01,1.86,0.11,TPEx,2026-10-05
715686,世禾國票64購01,1.04,-0.01,TPEx,2026-10-05
715687,世界國票64購02,1.41,-0.07,TPEx,2026-10-05
715688,台特化國票6A購01,1.06,0.02,TPEx,2026-10-05
715689,竹陞國票64購02,0.57,-0.04,TPEx,2026-10-05
715693,竑騰國票64購02,1.78,0.02,TPEx,2026-10-05
715698,碩禾國票64購02,0.51,-0.07,TPEx,2026-10-05
715700,穩懋國票64購02,2.09,0.23,TPEx,2026-10-05
715701,友威科元大64購01,0.6,0.0,TPEx,2026-10-05
715705,光頡元大64購01,1.65,0.14,TPEx,2026-10-05
715706,光頡元大64購02,1.75,0.13,TPEx,2026-10-05
715707,光頡元大67購01,1.39,0.0,TPEx,2026-10-05
715708,光頡元大68購01,0.78,-0.02,TPEx,2026-10-05
715709,光頡元大69購02,0.82,0.05,TPEx,2026-10-05
715711,旺矽元大64購01,1.2,0.09,TPEx,2026-10-05
715712,旺矽元大64購02,1.42,0.09,TPEx,2026-10-05
715713,旺矽元大64購03,1.62,0.11,TPEx,2026-10-05
715714,旺矽元大65購03,1.15,0.11,TPEx,2026-10-05
715715,昇達科元大64購01,1.4,0.24,TPEx,2026-10-05
715716,昇達科元大66購01,1.4,0.16,TPEx,2026-10-05
715717,昇達科元大67購01,0.78,0.14,TPEx,2026-10-05
715718,東捷元大64購01,1.11,-0.05,TPEx,2026-10-05
715724,竑騰元大64購01,1.57,0.01,TPEx,2026-10-05
715725,竑騰元大64購02,1.53,0.09,TPEx,2026-10-05
715730,富喬元大6A購01,1.43,0.15,TPEx,2026-10-05
715731,陽程元大64購04,1.13,0.02,TPEx,2026-10-05
715732,陽程元大64購05,0.85,0.06,TPEx,2026-10-05
715733,陽程元大64購06,0.61,0.07,TPEx,2026-10-05
715734,陽程元大67購01,0.6,0.05,TPEx,2026-10-05
715735,新盛力元大64購02,1.77,0.04,TPEx,2026-10-05
715738,群翊元大64購01,2.2,0.29,TPEx,2026-10-05
715739,群聯元大64購17,1.27,0.03,TPEx,2026-10-05
715741,鈺創元大64購01,1.16,-0.02,TPEx,2026-10-05
715742,博智中信66購01,0.91,0.08,TPEx,2026-10-05
715743,穩懋中信65購02,1.18,0.15,TPEx,2026-10-05
715744,台特化永豐64購01,1.27,0.0,TPEx,2026-10-05
715748,光頡永豐64購02,1.52,-0.17,TPEx,2026-10-05
715752,系統電永豐64購03,2.21,0.19,TPEx,2026-10-05
715759,竑騰永豐66購01,1.25,0.07,TPEx,2026-10-05
715760,竑騰永豐67購01,1.73,0.07,TPEx,2026-10-05
715764,陽程永豐64購01,0.77,0.07,TPEx,2026-10-05
715766,順達永豐64購04,0.77,0.05,TPEx,2026-10-05
715773,中美晶群益64購03,2.96,-0.06,TPEx,2026-10-05
715774,元債20群益64購01,0.8,-0.06,TPEx,2026-10-05
715775,世界群益64購01,1.39,-0.07,TPEx,2026-10-05
715776,台特化群益64購01,2.42,-0.19,TPEx,2026-10-05
715778,宜鼎群益64購03,1.43,0.05,TPEx,2026-10-05
715779,威剛群益64購02,1.24,0.01,TPEx,2026-10-05
715780,竑騰群益66購01,0.74,-0.01,TPEx,2026-10-05
715782,陽程群益65購01,1.18,0.01,TPEx,2026-10-05
715783,陽程群益66購01,1.3,0.07,TPEx,2026-10-05
715786,新應材群益67購02,0.7,0.06,TPEx,2026-10-05
715787,群聯群益67購04,0.78,0.03,TPEx,2026-10-05
715790,尼克森國泰65購01,2.33,0.46,TPEx,2026-10-05
715791,倚強國泰65購01,1.12,0.03,TPEx,2026-10-05
715792,陽程國泰65購01,1.01,0.05,TPEx,2026-10-05
715793,陽程國泰65購02,0.94,0.08,TPEx,2026-10-05
715794,新應材富邦67購01,0.8,-0.02,TPEx,2026-10-05
715796,川寶統一7A購02,0.58,-0.04,TPEx,2026-10-05
715797,尼克森統一71購01,0.75,0.09,TPEx,2026-10-05
715798,光頡統一75購01,0.64,0.0,TPEx,2026-10-05
715800,宜鼎統一7A購02,0.79,0.02,TPEx,2026-10-05
715805,陽程統一72購01,0.61,0.07,TPEx,2026-10-05
715806,陽程統一7A購01,0.68,0.06,TPEx,2026-10-05
715808,新應材統一7A購01,0.58,0.0,TPEx,2026-10-05
715812,旺矽凱基64購01,2.28,0.11,TPEx,2026-10-05
715814,竑騰凱基64購02,2.08,0.08,TPEx,2026-10-05
715815,竑騰凱基64購03,2.1,0.08,TPEx,2026-10-05
715816,竑騰凱基64購04,2.54,-0.01,TPEx,2026-10-05
715824,陽程凱基66購02,1.55,0.12,TPEx,2026-10-05
715829,群聯凱基65購05,1.94,0.08,TPEx,2026-10-05
715832,穩懋凱基64購01,3.9,0.49,TPEx,2026-10-05
715833,穩懋凱基6A購01,5.85,0.6,TPEx,2026-10-05
715837,長佳智國票6C購01,0.71,-0.05,TPEx,2026-10-05
715840,富喬國票64購04,1.41,0.28,TPEx,2026-10-05
715844,新盛力國票64購03,1.8,-0.05,TPEx,2026-10-05
715853,宏捷科元大64購01,0.86,0.14,TPEx,2026-10-05
715854,宏捷科元大64購02,1.17,0.31,TPEx,2026-10-05
715864,風青元大64購01,1.64,0.04,TPEx,2026-10-05
715869,富喬元大64購08,1.18,0.18,TPEx,2026-10-05
715876,新應材元大64購03,1.84,0.21,TPEx,2026-10-05
715878,萬潤元大64購01,1.25,0.22,TPEx,2026-10-05
715879,萬潤元大67購01,1.4,0.2,TPEx,2026-10-05
715881,萬潤元大69購01,1.0,0.18,TPEx,2026-10-05
715882,萬潤元大6A購01,1.05,0.18,TPEx,2026-10-05
715884,鈺創元大64購02,1.09,0.03,TPEx,2026-10-05
715897,穩懋台新64購02,2.31,0.55,TPEx,2026-10-05
715899,穩懋台新64購04,5.4,0.92,TPEx,2026-10-05
715900,中美晶凱基64購06,2.56,-0.19,TPEx,2026-10-05
715902,中美晶凱基64購08,2.7,-0.05,TPEx,2026-10-05
715907,宏捷科凱基68購01,2.23,0.51,TPEx,2026-10-05
715910,昇達科凱基65購02,2.05,0.26,TPEx,2026-10-05
715915,萬潤凱基64購01,2.63,0.76,TPEx,2026-10-05
715916,萬潤凱基64購02,2.26,0.5,TPEx,2026-10-05
715917,萬潤凱基64購03,2.17,0.43,TPEx,2026-10-05
715918,萬潤凱基64購04,2.16,0.28,TPEx,2026-10-05
715920,萬潤凱基66購02,2.74,0.59,TPEx,2026-10-05
715921,萬潤凱基66購03,2.8,0.51,TPEx,2026-10-05
715922,群翊凱基64購01,2.41,0.05,TPEx,2026-10-05
715924,碩禾凱基64購01,1.09,-0.5,TPEx,2026-10-05
715926,穩懋凱基64購02,3.26,0.9,TPEx,2026-10-05
715931,穩懋中信6A購01,0.95,0.17,TPEx,2026-10-05
715937,家碩永豐64購01,1.28,0.12,TPEx,2026-10-05
715938,泰藝永豐67購01,2.2,0.58,TPEx,2026-10-05
715941,萬潤永豐64購02,1.98,0.15,TPEx,2026-10-05
715942,萬潤永豐65購02,1.43,0.2,TPEx,2026-10-05
715957,元太群益64購01,1.08,-0.06,TPEx,2026-10-05
715964,萬潤群益64購01,1.07,0.25,TPEx,2026-10-05
715966,漢科群益64購01,1.23,0.12,TPEx,2026-10-05
715973,穩懋富邦67購02,1.21,0.21,TPEx,2026-10-05
715976,台特化統一6A購01,0.7,-0.01,TPEx,2026-10-05
715983,萬潤統一68購01,0.95,0.14,TPEx,2026-10-05
715986,萬潤統一74購01,0.67,0.05,TPEx,2026-10-05
715988,穩懋統一7A購01,0.78,0.08,TPEx,2026-10-05
72485U,信驊群益5B售01,0.01,0.0,TPEx,2026-10-05
72614U,富喬中信5C售02,0.08,-0.02,TPEx,2026-10-05
726925,金麗科統一5B購02,0.06,-0.04,TPEx,2026-10-05
726927,金麗科統一5B購04,0.1,-0.01,TPEx,2026-10-05
72692U,信驊群益61售02,0.02,-0.01,TPEx,2026-10-05
72733U,中探針群益62售01,0.16,0.0,TPEx,2026-10-05
72748U,精測群益5A售02,0.25,-0.37,TPEx,2026-10-05
72749U,精測群益62售04,0.61,-0.02,TPEx,2026-10-05
72772U,穩懋群益63售01,0.07,-0.01,TPEx,2026-10-05
72813U,宜鼎群益5B售03,0.05,-0.02,TPEx,2026-10-05
72818U,信驊永豐5C售01,0.07,0.0,TPEx,2026-10-05
72827U,元太群益5B售02,0.11,-0.02,TPEx,2026-10-05
72829U,宏捷科群益5C售01,0.28,-0.1,TPEx,2026-10-05
728520,金麗科統一5C購02,0.07,0.01,TPEx,2026-10-05
72855U,信驊富邦5C售02,0.16,-0.03,TPEx,2026-10-05
72859U,弘塑國票5B售02,0.18,-0.06,TPEx,2026-10-05
72866U,旺矽凱基5A售06,0.1,-0.07,TPEx,2026-10-05
72867U,旺矽富邦61售01,0.48,-0.07,TPEx,2026-10-05
72868U,富喬群益5C售01,0.25,-0.06,TPEx,2026-10-05
72869U,立碁國票5B售03,0.06,-0.05,TPEx,2026-10-05
72876U,合晶台新5B售05,0.02,0.0,TPEx,2026-10-05
72877U,群聯台新5B售07,0.47,-0.05,TPEx,2026-10-05
72883U,環球晶國票5B售02,0.08,-0.04,TPEx,2026-10-05
728920,元債20元富61購01,0.38,-0.01,TPEx,2026-10-05
72893U,威剛中信64售01,0.62,-0.01,TPEx,2026-10-05
728967,驊訊統一61購01,0.01,-0.02,TPEx,2026-10-05
72896U,精材凱基5B售08,0.09,-0.04,TPEx,2026-10-05
72901U,德微國票5C售05,0.42,0.0,TPEx,2026-10-05
72903U,群聯凱基5B售08,0.67,0.0,TPEx,2026-10-05
72904U,欣銓台新5B售05,0.47,0.02,TPEx,2026-10-05
72906U,博智群益5B售04,1.15,-0.24,TPEx,2026-10-05
72907U,群聯富邦61售05,0.59,-0.01,TPEx,2026-10-05
72908U,威剛群益65售01,1.73,-0.03,TPEx,2026-10-05
72909U,威剛凱基65售01,0.52,0.0,TPEx,2026-10-05
72913U,威剛群益5B售04,0.55,-0.11,TPEx,2026-10-05
72916U,中美晶凱基5B售06,0.24,0.02,TPEx,2026-10-05
72917U,威剛凱基5B售09,0.53,-0.01,TPEx,2026-10-05
729186,華星光統一61購01,3.21,0.31,TPEx,2026-10-05
729187,華星光統一61購02,2.97,0.02,TPEx,2026-10-05
72921U,富喬台新5C售03,0.25,-0.06,TPEx,2026-10-05
72924U,台半群益5C售03,0.43,-0.12,TPEx,2026-10-05
72925U,台半凱基5C售03,0.41,-0.05,TPEx,2026-10-05
72928U,富喬凱基5C售04,0.09,-0.04,TPEx,2026-10-05
72934U,精材群益66售01,0.83,-0.1,TPEx,2026-10-05
72935U,世界台新5C售02,1.51,0.03,TPEx,2026-10-05
72938U,世界國票62售01,0.84,0.01,TPEx,2026-10-05
72941U,雙鴻永豐61售04,0.26,-0.02,TPEx,2026-10-05
72942U,家登群益61售03,0.61,-0.04,TPEx,2026-10-05
72945U,頎邦台新61售03,1.05,0.05,TPEx,2026-10-05
72948U,精材群益63售02,0.71,-0.14,TPEx,2026-10-05
72952U,精材國票61售05,0.52,-0.09,TPEx,2026-10-05
72959U,雙鴻群益63售03,0.23,-0.04,TPEx,2026-10-05
72963U,中美晶國票61售06,1.25,0.05,TPEx,2026-10-05
72976U,順達凱基61售06,0.92,-0.07,TPEx,2026-10-05
72985U,中美晶國票63售01,0.79,0.02,TPEx,2026-10-05
72988U,頎邦國票64售02,0.41,0.01,TPEx,2026-10-05
72994U,元太凱基61售07,1.4,-0.03,TPEx,2026-10-05
72996U,立碁國票64售02,0.41,-0.09,TPEx,2026-10-05
73001U,欣銓國票63售01,0.7,0.02,TPEx,2026-10-05
73003U,鈊象國票62售01,0.73,0.01,TPEx,2026-10-05
73013U,威剛元大63售02,0.77,0.0,TPEx,2026-10-05
73015U,新應材凱基63售04,0.72,-0.06,TPEx,2026-10-05
73017U,順達國票66售01,0.85,-0.02,TPEx,2026-10-05
73019U,雙鴻國票66售02,0.45,0.0,TPEx,2026-10-05
73020U,雙鴻元大63售07,0.34,0.0,TPEx,2026-10-05
73024U,弘塑國票67售01,0.87,-0.07,TPEx,2026-10-05
73032U,M31國票66售01,0.73,0.0,TPEx,2026-10-05
73033U,富喬台新62售01,0.58,-0.12,TPEx,2026-10-05
73034U,中美晶凱基64售03,0.31,0.01,TPEx,2026-10-05
73037U,富喬國票65售01,0.93,-0.07,TPEx,2026-10-05
73039U,東捷群益64售02,0.36,0.03,TPEx,2026-10-05
730402,M31統一62購02,0.07,-0.01,TPEx,2026-10-05
73040U,穩懋群益64售02,0.72,-0.02,TPEx,2026-10-05
73041U,穩懋國泰64售01,0.66,-0.05,TPEx,2026-10-05
73042U,穩懋凱基63售06,0.6,-0.07,TPEx,2026-10-05
73043U,穩懋凱基63售07,0.21,-0.03,TPEx,2026-10-05
73044U,宏捷科凱基63售01,0.7,-0.14,TPEx,2026-10-05
73046U,中美晶中信62售02,0.35,0.02,TPEx,2026-10-05
73048U,東捷群益62售02,1.41,0.05,TPEx,2026-10-05
73051U,陽程國票66售01,0.46,-0.05,TPEx,2026-10-05
73052U,世紀*國票6A售01,0.74,0.01,TPEx,2026-10-05
73053U,頎邦台新62售02,0.74,0.03,TPEx,2026-10-05
73054U,弘塑群益64售01,0.76,-0.09,TPEx,2026-10-05
73058U,頎邦群益62售03,0.24,0.01,TPEx,2026-10-05
73060U,宏捷科國票63售01,0.71,-0.1,TPEx,2026-10-05
73062U,環球晶群益64售01,0.44,-0.24,TPEx,2026-10-05
73063U,環球晶中信62售03,0.32,0.0,TPEx,2026-10-05
73064U,環球晶元大62售04,0.59,0.0,TPEx,2026-10-05
73065U,環球晶台新63售01,0.85,-0.04,TPEx,2026-10-05
73069U,精材群益63售09,1.38,-0.36,TPEx,2026-10-05
73070U,精材群益69售01,1.46,-0.21,TPEx,2026-10-05
73071U,雙鴻群益63售09,0.43,-0.05,TPEx,2026-10-05
73072U,精材國票64售03,0.77,-0.08,TPEx,2026-10-05
73073U,環球晶國票64售03,0.95,-0.03,TPEx,2026-10-05
73075U,環球晶台新63售04,0.56,-0.11,TPEx,2026-10-05
73076U,雙鴻凱基63售17,1.11,-0.11,TPEx,2026-10-05
73077U,漢達國票65售02,0.39,-0.02,TPEx,2026-10-05
73080U,順達元大63售11,0.92,-0.02,TPEx,2026-10-05
73082U,信驊台新63售04,1.78,-0.18,TPEx,2026-10-05
73083U,信驊凱基63售06,1.89,-0.26,TPEx,2026-10-05
73084U,信驊富邦66售02,2.74,-0.14,TPEx,2026-10-05
73085U,信驊永豐63售01,0.75,-0.09,TPEx,2026-10-05
73088U,信驊群益63售03,2.07,-0.21,TPEx,2026-10-05
73089U,信驊群益63售04,2.59,-0.25,TPEx,2026-10-05
73091U,信驊國票64售02,2.81,-0.15,TPEx,2026-10-05
73092U,信驊國票65售01,1.46,-0.09,TPEx,2026-10-05
73093U,信驊國票65售02,2.27,-0.13,TPEx,2026-10-05
73095U,穩懋國票65售01,0.64,-0.06,TPEx,2026-10-05
73096U,穩懋國票69售01,0.93,-0.07,TPEx,2026-10-05
73097U,頎邦台新63售03,1.46,0.05,TPEx,2026-10-05
73098U,台半國票65售02,0.86,-0.04,TPEx,2026-10-05
73103U,雷科國票64售03,1.12,-0.07,TPEx,2026-10-05
73104U,光頡台新63售03,0.67,0.02,TPEx,2026-10-05
73105U,頎邦群益63售06,0.47,0.02,TPEx,2026-10-05
73107U,南俊國票65售01,0.93,-0.02,TPEx,2026-10-05
73109U,茂綸國票65售02,0.62,-0.06,TPEx,2026-10-05
73114U,巨有國票64售02,0.63,-0.01,TPEx,2026-10-05
73115U,旭然國票68售01,0.6,-0.05,TPEx,2026-10-05
73117U,萊德光國票64售02,0.68,-0.07,TPEx,2026-10-05
73118U,東捷凱基63售03,1.6,0.06,TPEx,2026-10-05
73120U,良維台新63售02,1.87,-0.08,TPEx,2026-10-05
73122U,台燿國票66售01,0.9,-0.14,TPEx,2026-10-05
73123U,信昌電國票64售03,2.0,0.06,TPEx,2026-10-05
731240,金麗科元富61購01,0.6,0.0,TPEx,2026-10-05
73124U,信昌電國票65售03,1.86,0.02,TPEx,2026-10-05
73125U,台燿凱基63售05,0.79,-0.43,TPEx,2026-10-05
731265,順達統一5B購01,2.18,0.13,TPEx,2026-10-05
73126U,穩懋凱基63售11,0.64,-0.08,TPEx,2026-10-05
73127U,穩懋國票64售01,0.63,-0.06,TPEx,2026-10-05
73129U,東捷群益63售03,1.57,0.02,TPEx,2026-10-05
73130U,穩懋群益63售10,0.44,-0.06,TPEx,2026-10-05
73132U,千如國票65售01,0.51,0.0,TPEx,2026-10-05
73138U,晶呈國票65售02,0.84,0.0,TPEx,2026-10-05
73139U,翔名國票65售02,0.62,-0.01,TPEx,2026-10-05
73140U,廣閎科國票65售02,0.82,-0.05,TPEx,2026-10-05
73141U,台燿台新63售03,1.07,-0.3,TPEx,2026-10-05
73143U,欣銓台新63售02,1.86,0.06,TPEx,2026-10-05
73144U,頎邦台新63售05,2.15,0.08,TPEx,2026-10-05
73145U,富喬凱基63售08,1.61,-0.13,TPEx,2026-10-05
73146U,穩懋凱基63售13,0.44,-0.09,TPEx,2026-10-05
73148U,富喬永豐63售02,0.77,-0.08,TPEx,2026-10-05
73150U,旺矽凱基63售09,1.88,-0.17,TPEx,2026-10-05
73151U,弘塑元大63售11,0.85,-0.05,TPEx,2026-10-05
73153U,富喬元大63售09,1.42,-0.13,TPEx,2026-10-05
73154U,旺矽國票64售02,1.37,-0.07,TPEx,2026-10-05
73157U,世界群益63售06,0.94,-0.01,TPEx,2026-10-05
731584,群聯統一5B購01,5.05,-0.45,TPEx,2026-10-05
73160U,頎邦群益63售09,1.29,0.1,TPEx,2026-10-05
73162U,富喬台新63售04,1.43,-0.19,TPEx,2026-10-05
73164U,光頡群益65售02,1.37,0.02,TPEx,2026-10-05
73165U,旺矽永豐63售04,1.0,-0.07,TPEx,2026-10-05
73167U,環球晶國票64售06,1.4,0.0,TPEx,2026-10-05
73168U,雷科國票66售01,1.35,-0.01,TPEx,2026-10-05
73171U,陽程台新64售04,2.15,-0.34,TPEx,2026-10-05
73175U,穩懋永豐64售04,1.27,-0.2,TPEx,2026-10-05
732269,M31統一63購01,0.2,-0.02,TPEx,2026-10-05
732653,光焱統一5A購01,1.08,-0.12,TPEx,2026-10-05
733460,先進光統一5B購01,0.88,0.05,TPEx,2026-10-05
733461,先進光統一65購01,0.52,0.06,TPEx,2026-10-05
733653,創惟統一5B購01,0.01,0.0,TPEx,2026-10-05
733695,高端統一5B購01,0.53,-0.02,TPEx,2026-10-05
733696,高端統一65購01,0.65,-0.01,TPEx,2026-10-05
733800,華星光統一5B購03,3.65,0.2,TPEx,2026-10-05
734209,華星光統一66購01,3.55,0.11,TPEx,2026-10-05
734508,台燿統一5C購01,16.0,1.7,TPEx,2026-10-05
734783,均華統一5C購01,1.88,0.29,TPEx,2026-10-05
734785,萬潤統一5C購01,4.9,0.35,TPEx,2026-10-05
734994,新應材統一62購01,0.33,-0.04,TPEx,2026-10-05
735028,新應材元富63購01,0.95,0.06,TPEx,2026-10-05
735029,新應材元富64購01,2.2,0.14,TPEx,2026-10-05
735304,華景電統一5A購01,0.46,0.11,TPEx,2026-10-05
735306,順達統一5C購01,0.75,0.07,TPEx,2026-10-05
735665,意德士統一61購01,0.95,0.18,TPEx,2026-10-05
735855,南俊統一61購01,3.7,0.0,TPEx,2026-10-05
736081,均華統一63購02,0.68,0.05,TPEx,2026-10-05
736082,均豪統一61購01,0.39,0.0,TPEx,2026-10-05
736154,立碁統一61購01,1.52,0.28,TPEx,2026-10-05
736160,金居統一62購01,12.1,1.2,TPEx,2026-10-05
736244,金居統一61購01,12.0,1.2,TPEx,2026-10-05
736349,安國統一63購01,0.36,-0.02,TPEx,2026-10-05
736351,安國統一66購01,0.14,0.0,TPEx,2026-10-05
736427,M31統一61購03,0.13,-0.04,TPEx,2026-10-05
736431,宏捷科統一61購01,0.56,0.13,TPEx,2026-10-05
736479,漢磊統一61購01,1.6,0.0,TPEx,2026-10-05
736604,元債20凱基67購01,1.27,-0.03,TPEx,2026-10-05
736736,力旺統一61購01,2.66,0.12,TPEx,2026-10-05
736934,金居統一5B購01,10.1,1.1,TPEx,2026-10-05
737198,智通*國票5B購01,1.35,0.16,TPEx,2026-10-05
737321,立碁統一5C購01,1.3,0.25,TPEx,2026-10-05
737801,漢磊國票5B購01,5.5,-0.05,TPEx,2026-10-05
737930,晶呈統一5C購01,2.25,-0.15,TPEx,2026-10-05
738138,亞信統一64購01,0.4,0.0,TPEx,2026-10-05
738140,美琪瑪統一64購01,0.31,0.01,TPEx,2026-10-05
738150,漢科統一5B購01,0.07,0.01,TPEx,2026-10-05
738151,漢科統一5C購01,0.17,0.01,TPEx,2026-10-05
738154,廣明統一64購01,0.04,-0.01,TPEx,2026-10-05
738157,譜瑞統一64購01,0.15,0.0,TPEx,2026-10-05
738183,凡甲統一5C購01,0.48,0.1,TPEx,2026-10-05
738281,M31統一5B購01,0.21,-0.01,TPEx,2026-10-05
738288,新應材統一64購01,0.33,0.01,TPEx,2026-10-05
738291,環球晶統一64購01,4.39,0.19,TPEx,2026-10-05
738726,宏捷科國票5B購01,0.13,0.07,TPEx,2026-10-05
738737,M31統一62購04,0.18,-0.01,TPEx,2026-10-05
738746,朋程統一5C購01,0.14,0.0,TPEx,2026-10-05
738757,順達統一5C購03,0.26,-0.01,TPEx,2026-10-05
738947,精測統一65購01,1.44,-0.14,TPEx,2026-10-05
739071,旺矽國票5A購01,19.3,1.0,TPEx,2026-10-05
739372,力旺統一5C購01,0.57,0.09,TPEx,2026-10-05
739383,威剛統一64購01,4.15,-0.05,TPEx,2026-10-05
739384,鈊象統一5C購01,0.09,0.0,TPEx,2026-10-05
739385,萬泰科統一64購01,1.02,0.15,TPEx,2026-10-05
739386,群翊統一5C購02,0.54,0.08,TPEx,2026-10-05
739425,泰茂國票5A購01,0.02,0.0,TPEx,2026-10-05
739442,中美晶統一5C購01,0.74,-0.11,TPEx,2026-10-05
739447,朋程統一5C購02,0.23,-0.01,TPEx,2026-10-05
739460,環球晶統一64購02,3.29,0.42,TPEx,2026-10-05
739642,弘塑統一5C購01,0.58,0.12,TPEx,2026-10-05
739650,萬泰科統一5C購02,1.18,0.21,TPEx,2026-10-05
7402,邑錡,99.5,-1.5,TPEx,2026-10-05
7547,碩網,63.7,-0.4,TPEx,2026-10-05
7556,意德士,300.0,27.0,TPEx,2026-10-05
7584,樂意,28.5,-0.1,TPEx,2026-10-05
7642,昶瑞機電,67.5,-1.3,TPEx,2026-10-05
7703,銳澤,205.5,0.5,TPEx,2026-10-05
7704,明遠精密,60.4,-0.6,TPEx,2026-10-05
7708,全家餐飲,91.8,0.0,TPEx,2026-10-05
7709,榮田,87.6,2.3,TPEx,2026-10-05
7712,博盛半導體,176.0,5.5,TPEx,2026-10-05
7713,威力德生醫,73.0,-0.7,TPEx,2026-10-05
7714,創泓科技,169.5,-1.5,TPEx,2026-10-05
7715,裕山,26.95,-1.3,TPEx,2026-10-05
7717,萊德光電-KY,592.0,31.0,TPEx,2026-10-05
7718,友鋮,45.95,0.1,TPEx,2026-10-05
7723,築間,18.05,-0.2,TPEx,2026-10-05
7728,光焱科技,636.0,-9.0,TPEx,2026-10-05
7734,印能科技,2790.0,-35.0,TPEx,2026-10-05
7738,東聯互動,155.0,0.0,TPEx,2026-10-05
7743,金利食安,25.9,0.65,TPEx,2026-10-05
7744,崴寶,528.0,1.0,TPEx,2026-10-05
7747,昕奇雲端,111.5,-0.5,TPEx,2026-10-05
7751,竑騰,1605.0,15.0,TPEx,2026-10-05
7753,星亞,35.65,-0.05,TPEx,2026-10-05
7757,金色三麥,89.4,0.3,TPEx,2026-10-05
7767,仁大資訊,46.0,-0.1,TPEx,2026-10-05
7770,君曜,42.0,-1.35,TPEx,2026-10-05
7772,耀穎,167.5,-18.5,TPEx,2026-10-05
7777,能率亞洲,38.5,-0.7,TPEx,2026-10-05
7782,光速火箭,25.2,0.05,TPEx,2026-10-05
7792,安葆,438.5,13.5,TPEx,2026-10-05
7794,宏碁智新,30.25,0.05,TPEx,2026-10-05
7805,威聯通,498.5,9.0,TPEx,2026-10-05
7810,捷創科技,249.0,4.0,TPEx,2026-10-05
7811,民盛,72.0,-0.5,TPEx,2026-10-05
7814,海昌生技,28.2,0.0,TPEx,2026-10-05
7819,精誠金融,33.25,-0.45,TPEx,2026-10-05
7820,立盈,111.0,-1.0,TPEx,2026-10-05
7825,和亞智慧,80.6,-4.3,TPEx,2026-10-05
7828,創新服務,1840.0,-10.0,TPEx,2026-10-05
7839,達人網,43.0,0.05,TPEx,2026-10-05
7842,天能綠電,97.9,1.1,TPEx,2026-10-05
7856,漢測,4280.0,85.0,TPEx,2026-10-05
8024,佑華,12.4,-0.1,TPEx,2026-10-05
8027,鈦昇,209.5,-4.0,TPEx,2026-10-05
8032,光菱,36.15,0.05,TPEx,2026-10-05
8034,榮群,19.75,-0.1,TPEx,2026-10-05
8038,長園科,35.4,0.6,TPEx,2026-10-05
8040,九暘,94.0,-1.7,TPEx,2026-10-05
8042,金山電,118.5,-2.5,TPEx,2026-10-05
8043,蜜望實,140.5,-1.5,TPEx,2026-10-05
8044,網家,23.65,-0.7,TPEx,2026-10-05
8047,星雲,51.0,-0.6,TPEx,2026-10-05
8048,德勝,51.3,0.0,TPEx,2026-10-05
8049,晶采,24.55,-0.3,TPEx,2026-10-05
8050,廣積,62.0,-0.2,TPEx,2026-10-05
8054,安國,87.3,-2.2,TPEx,2026-10-05
8059,凱碩,17.8,-0.25,TPEx,2026-10-05
8064,東捷,136.5,-5.0,TPEx,2026-10-05
8066,來思達,14.85,-0.1,TPEx,2026-10-05
8067,志旭,11.2,-0.6,TPEx,2026-10-05
8068,全達,17.5,-0.25,TPEx,2026-10-05
8069,元太,146.5,3.0,TPEx,2026-10-05
8071,能率網通,22.0,-0.4,TPEx,2026-10-05
8074,鉅橡,57.3,0.4,TPEx,2026-10-05
8076,伍豐,21.4,-0.45,TPEx,2026-10-05
8077,洛碁,41.5,0.0,TPEx,2026-10-05
8080,泰霖,28.0,-0.25,TPEx,2026-10-05
8083,瑞穎,158.0,0.5,TPEx,2026-10-05
8084,巨虹,19.65,-2.15,TPEx,2026-10-05
8085,福華,14.85,0.15,TPEx,2026-10-05
8086,宏捷科,129.0,9.0,TPEx,2026-10-05
8087,麗升能源,24.0,0.0,TPEx,2026-10-05
8088,品安,44.0,-0.45,TPEx,2026-10-05
8089,康全電訊,19.35,-0.25,TPEx,2026-10-05
8091,翔名,240.0,3.0,TPEx,2026-10-05
8092,建暐,12.2,-0.1,TPEx,2026-10-05
8093,保銳,24.85,-0.4,TPEx,2026-10-05
8096,擎亞,90.0,1.0,TPEx,2026-10-05
8097,常珵,48.85,0.05,TPEx,2026-10-05
8099,大世科,59.6,-0.8,TPEx,2026-10-05
8102,傑霖科技,59.6,0.0,TPEx,2026-10-05
8107,大億金茂,11.95,0.0,TPEx,2026-10-05
8109,博大,139.0,-7.5,TPEx,2026-10-05
8111,立碁,94.3,8.5,TPEx,2026-10-05
8121,越峰,32.5,-1.6,TPEx,2026-10-05
8147,正淩,141.5,-2.0,TPEx,2026-10-05
8155,博智,329.5,6.5,TPEx,2026-10-05
8171,天宇,20.7,0.05,TPEx,2026-10-05
8176,智捷,9.76,-0.01,TPEx,2026-10-05
8182,加高,44.8,-1.6,TPEx,2026-10-05
8227,巨有科技,366.0,-4.0,TPEx,2026-10-05
8234,新漢,62.8,-0.5,TPEx,2026-10-05
8240,華宏,58.0,-2.6,TPEx,2026-10-05
8255,朋程,151.5,-1.5,TPEx,2026-10-05
8272,全景軟體,60.8,-1.2,TPEx,2026-10-05
8277,商丞,15.3,0.1,TPEx,2026-10-05
8279,生展,80.1,0.6,TPEx,2026-10-05
8284,三竹,67.8,0.0,TPEx,2026-10-05
8289,泰藝,57.2,1.1,TPEx,2026-10-05
8291,尚茂,28.1,-0.5,TPEx,2026-10-05
8299,群聯,2100.0,5.0,TPEx,2026-10-05
8342,益張,83.0,-0.5,TPEx,2026-10-05
8349,恒耀,40.15,-0.25,TPEx,2026-10-05
8349A,恒耀甲特,45.2,0.0,TPEx,2026-10-05
8354,冠好,16.7,-0.05,TPEx,2026-10-05
8358,金居,570.0,51.0,TPEx,2026-10-05
8383,千附,69.3,0.9,TPEx,2026-10-05
8390,金益鼎,89.0,-1.5,TPEx,2026-10-05
8401,白紗科,22.7,-0.1,TPEx,2026-10-05
8403,盛弘,18.85,-0.05,TPEx,2026-10-05
8409,商之器,18.0,-0.05,TPEx,2026-10-05
8410,森田,27.65,-0.05,TPEx,2026-10-05
8415,大國鋼,35.1,-0.15,TPEx,2026-10-05
8416,實威,169.5,-1.5,TPEx,2026-10-05
8421,旭源,13.0,0.0,TPEx,2026-10-05
8423,保綠-KY,17.8,-0.2,TPEx,2026-10-05
8424,惠普,70.3,0.7,TPEx,2026-10-05
8426,紅木-KY,20.6,0.0,TPEx,2026-10-05
8431,匯鑽科,63.6,-0.5,TPEx,2026-10-05
8432,東生華,51.0,-0.1,TPEx,2026-10-05
8433,弘帆,52.6,-0.2,TPEx,2026-10-05
8435,鉅邁,53.2,0.0,TPEx,2026-10-05
8436,大江,104.5,0.5,TPEx,2026-10-05
8437,大地-KY,11.0,0.5,TPEx,2026-10-05
8440,綠電,20.2,-0.05,TPEx,2026-10-05
8446,華研,85.1,0.6,TPEx,2026-10-05
8450,霹靂,14.25,0.0,TPEx,2026-10-05
8455,大拓-KY,22.1,-0.1,TPEx,2026-10-05
8472,納維康,66.3,1.0,TPEx,2026-10-05
8477,創業家,14.0,-0.05,TPEx,2026-10-05
8489,三貝德,22.05,-0.2,TPEx,2026-10-05
8906,花王,28.95,0.45,TPEx,2026-10-05
8908,欣雄,39.85,0.05,TPEx,2026-10-05
8916,光隆,40.95,0.0,TPEx,2026-10-05
8917,欣泰,53.6,0.0,TPEx,2026-10-05
8923,時報,18.0,-0.1,TPEx,2026-10-05
8924,大田,49.2,-0.3,TPEx,2026-10-05
8927,北基,18.85,-0.3,TPEx,2026-10-05
8928,鉅明,22.85,-0.05,TPEx,2026-10-05
8929,富堡,13.0,-0.1,TPEx,2026-10-05
8930,青鋼,28.5,-0.1,TPEx,2026-10-05
8931,大汽電,42.4,-0.45,TPEx,2026-10-05
8932,智通*,91.4,0.3,TPEx,2026-10-05
8933,愛地雅,4.56,-0.03,TPEx,2026-10-05
8935,邦泰,18.75,-0.45,TPEx,2026-10-05
8936,國統,53.1,0.8,TPEx,2026-10-05
8937,合騏*,25.2,0.0,TPEx,2026-10-05
8938,明安,51.6,-0.6,TPEx,2026-10-05
8941,關中,43.95,-0.05,TPEx,2026-10-05
8942,森鉅,39.85,-0.2,TPEx,2026-10-05
9949,琉園,24.4,0.1,TPEx,2026-10-05
9950,萬國通,10.2,0.0,TPEx,2026-10-05
9951,皇田,46.5,-0.4,TPEx,2026-10-05
9960,邁達康,38.05,0.05,TPEx,2026-10-05
9962,有益,10.15,-0.2,TPEx,2026-10-05
